0 verbose cli /usr/local/bin/node /usr/local/bin/npm
1 info using npm@11.16.0
2 info using node@v24.18.0
3 silly config load:file:/usr/local/lib/node_modules/npm/npmrc
4 silly config load:file:/projects/cablesnap/.paperclip/worktrees/qd-verify-pr911/.npmrc
5 silly config load:file:/paperclip/.npmrc
6 silly config load:file:/usr/local/etc/npmrc
7 verbose title npm install
8 verbose argv "install" "--cache" "/projects/cablesnap/.paperclip/npm-cache"
9 verbose logfile logs-max:10 dir:/projects/cablesnap/.paperclip/npm-cache/_logs/2026-07-31T13_09_07_341Z-
10 verbose logfile /projects/cablesnap/.paperclip/npm-cache/_logs/2026-07-31T13_09_07_341Z-debug-0.log
11 warn invalid config omit="" set in /projects/cablesnap/.paperclip/worktrees/qd-verify-pr911/.npmrc
12 warn invalid config Must be one or more of: dev, optional, peer
13 silly logfile done cleaning log files
14 silly packumentCache heap:3959422976 maxSize:989855744 maxEntrySize:494927872
15 silly idealTree buildDeps
16 silly reify moves {}
17 silly audit bulk request {
17 silly audit   '@axe-core/playwright': [ '4.11.2' ],
17 silly audit   '@babel/code-frame': [ '7.29.0' ],
17 silly audit   '@babel/compat-data': [ '7.29.0' ],
17 silly audit   '@babel/core': [ '7.29.0' ],
17 silly audit   semver: [ '6.3.1', '7.6.3', '7.7.4' ],
17 silly audit   '@babel/generator': [ '7.29.1' ],
17 silly audit   '@babel/helper-annotate-as-pure': [ '7.27.3' ],
17 silly audit   '@babel/helper-compilation-targets': [ '7.28.6' ],
17 silly audit   '@babel/helper-create-class-features-plugin': [ '7.28.6' ],
17 silly audit   '@babel/helper-create-regexp-features-plugin': [ '7.28.5' ],
17 silly audit   '@babel/helper-define-polyfill-provider': [ '0.6.8' ],
17 silly audit   resolve: [ '1.22.12', '2.0.0-next.6' ],
17 silly audit   '@babel/helper-globals': [ '7.28.0' ],
17 silly audit   '@babel/helper-member-expression-to-functions': [ '7.28.5' ],
17 silly audit   '@babel/helper-module-imports': [ '7.28.6' ],
17 silly audit   '@babel/helper-module-transforms': [ '7.28.6' ],
17 silly audit   '@babel/helper-optimise-call-expression': [ '7.27.1' ],
17 silly audit   '@babel/helper-plugin-utils': [ '7.28.6' ],
17 silly audit   '@babel/helper-remap-async-to-generator': [ '7.27.1' ],
17 silly audit   '@babel/helper-replace-supers': [ '7.28.6' ],
17 silly audit   '@babel/helper-skip-transparent-expression-wrappers': [ '7.27.1' ],
17 silly audit   '@babel/helper-string-parser': [ '7.27.1' ],
17 silly audit   '@babel/helper-validator-identifier': [ '7.28.5' ],
17 silly audit   '@babel/helper-validator-option': [ '7.27.1' ],
17 silly audit   '@babel/helper-wrap-function': [ '7.28.6' ],
17 silly audit   '@babel/helpers': [ '7.29.2' ],
17 silly audit   '@babel/parser': [ '7.29.2' ],
17 silly audit   '@babel/plugin-proposal-decorators': [ '7.29.0' ],
17 silly audit   '@babel/plugin-proposal-export-default-from': [ '7.27.1' ],
17 silly audit   '@babel/plugin-syntax-async-generators': [ '7.8.4' ],
17 silly audit   '@babel/plugin-syntax-bigint': [ '7.8.3' ],
17 silly audit   '@babel/plugin-syntax-class-properties': [ '7.12.13' ],
17 silly audit   '@babel/plugin-syntax-class-static-block': [ '7.14.5' ],
17 silly audit   '@babel/plugin-syntax-decorators': [ '7.28.6' ],
17 silly audit   '@babel/plugin-syntax-dynamic-import': [ '7.8.3' ],
17 silly audit   '@babel/plugin-syntax-export-default-from': [ '7.28.6' ],
17 silly audit   '@babel/plugin-syntax-flow': [ '7.28.6' ],
17 silly audit   '@babel/plugin-syntax-import-attributes': [ '7.28.6' ],
17 silly audit   '@babel/plugin-syntax-import-meta': [ '7.10.4' ],
17 silly audit   '@babel/plugin-syntax-json-strings': [ '7.8.3' ],
17 silly audit   '@babel/plugin-syntax-jsx': [ '7.28.6' ],
17 silly audit   '@babel/plugin-syntax-logical-assignment-operators': [ '7.10.4' ],
17 silly audit   '@babel/plugin-syntax-nullish-coalescing-operator': [ '7.8.3' ],
17 silly audit   '@babel/plugin-syntax-numeric-separator': [ '7.10.4' ],
17 silly audit   '@babel/plugin-syntax-object-rest-spread': [ '7.8.3' ],
17 silly audit   '@babel/plugin-syntax-optional-catch-binding': [ '7.8.3' ],
17 silly audit   '@babel/plugin-syntax-optional-chaining': [ '7.8.3' ],
17 silly audit   '@babel/plugin-syntax-private-property-in-object': [ '7.14.5' ],
17 silly audit   '@babel/plugin-syntax-top-level-await': [ '7.14.5' ],
17 silly audit   '@babel/plugin-syntax-typescript': [ '7.28.6' ],
17 silly audit   '@babel/plugin-transform-arrow-functions': [ '7.27.1' ],
17 silly audit   '@babel/plugin-transform-async-generator-functions': [ '7.29.0' ],
17 silly audit   '@babel/plugin-transform-async-to-generator': [ '7.28.6' ],
17 silly audit   '@babel/plugin-transform-block-scoping': [ '7.28.6' ],
17 silly audit   '@babel/plugin-transform-class-properties': [ '7.28.6' ],
17 silly audit   '@babel/plugin-transform-class-static-block': [ '7.28.6' ],
17 silly audit   '@babel/plugin-transform-classes': [ '7.28.6' ],
17 silly audit   '@babel/plugin-transform-computed-properties': [ '7.28.6' ],
17 silly audit   '@babel/plugin-transform-destructuring': [ '7.28.5' ],
17 silly audit   '@babel/plugin-transform-export-namespace-from': [ '7.27.1' ],
17 silly audit   '@babel/plugin-transform-flow-strip-types': [ '7.27.1' ],
17 silly audit   '@babel/plugin-transform-for-of': [ '7.27.1' ],
17 silly audit   '@babel/plugin-transform-function-name': [ '7.27.1' ],
17 silly audit   '@babel/plugin-transform-literals': [ '7.27.1' ],
17 silly audit   '@babel/plugin-transform-logical-assignment-operators': [ '7.28.6' ],
17 silly audit   '@babel/plugin-transform-modules-commonjs': [ '7.28.6' ],
17 silly audit   '@babel/plugin-transform-named-capturing-groups-regex': [ '7.29.0' ],
17 silly audit   '@babel/plugin-transform-nullish-coalescing-operator': [ '7.28.6' ],
17 silly audit   '@babel/plugin-transform-numeric-separator': [ '7.28.6' ],
17 silly audit   '@babel/plugin-transform-object-rest-spread': [ '7.28.6' ],
17 silly audit   '@babel/plugin-transform-optional-catch-binding': [ '7.28.6' ],
17 silly audit   '@babel/plugin-transform-optional-chaining': [ '7.28.6' ],
17 silly audit   '@babel/plugin-transform-parameters': [ '7.27.7' ],
17 silly audit   '@babel/plugin-transform-private-methods': [ '7.28.6' ],
17 silly audit   '@babel/plugin-transform-private-property-in-object': [ '7.28.6' ],
17 silly audit   '@babel/plugin-transform-react-display-name': [ '7.28.0' ],
17 silly audit   '@babel/plugin-transform-react-jsx': [ '7.28.6' ],
17 silly audit   '@babel/plugin-transform-react-jsx-development': [ '7.27.1' ],
17 silly audit   '@babel/plugin-transform-react-jsx-self': [ '7.27.1' ],
17 silly audit   '@babel/plugin-transform-react-jsx-source': [ '7.27.1' ],
17 silly audit   '@babel/plugin-transform-react-pure-annotations': [ '7.27.1' ],
17 silly audit   '@babel/plugin-transform-regenerator': [ '7.29.0' ],
17 silly audit   '@babel/plugin-transform-runtime': [ '7.29.0' ],
17 silly audit   '@babel/plugin-transform-shorthand-properties': [ '7.27.1' ],
17 silly audit   '@babel/plugin-transform-spread': [ '7.28.6' ],
17 silly audit   '@babel/plugin-transform-sticky-regex': [ '7.27.1' ],
17 silly audit   '@babel/plugin-transform-template-literals': [ '7.27.1' ],
17 silly audit   '@babel/plugin-transform-typescript': [ '7.28.6' ],
17 silly audit   '@babel/plugin-transform-unicode-regex': [ '7.27.1' ],
17 silly audit   '@babel/preset-react': [ '7.28.5' ],
17 silly audit   '@babel/preset-typescript': [ '7.28.5' ],
17 silly audit   '@babel/runtime': [ '7.29.2' ],
17 silly audit   '@babel/template': [ '7.28.6' ],
17 silly audit   '@babel/traverse': [ '7.29.0' ],
17 silly audit   '@babel/types': [ '7.29.0' ],
17 silly audit   '@bcoe/v8-coverage': [ '0.2.3' ],
17 silly audit   '@drizzle-team/brocli': [ '0.10.2' ],
17 silly audit   '@egjs/hammerjs': [ '2.0.17' ],
17 silly audit   '@emnapi/runtime': [ '1.10.0' ],
17 silly audit   '@esbuild-kit/core-utils': [ '3.3.2' ],
17 silly audit   '@esbuild/android-arm': [ '0.18.20', '0.25.12', '0.27.7' ],
17 silly audit   '@esbuild/android-arm64': [ '0.18.20', '0.25.12', '0.27.7' ],
17 silly audit   '@esbuild/android-x64': [ '0.18.20', '0.25.12', '0.27.7' ],
17 silly audit   '@esbuild/darwin-arm64': [ '0.18.20', '0.25.12', '0.27.7' ],
17 silly audit   '@esbuild/darwin-x64': [ '0.18.20', '0.25.12', '0.27.7' ],
17 silly audit   '@esbuild/freebsd-arm64': [ '0.18.20', '0.25.12', '0.27.7' ],
17 silly audit   '@esbuild/freebsd-x64': [ '0.18.20', '0.25.12', '0.27.7' ],
17 silly audit   '@esbuild/linux-arm': [ '0.18.20', '0.25.12', '0.27.7' ],
17 silly audit   '@esbuild/linux-arm64': [ '0.18.20', '0.25.12', '0.27.7' ],
17 silly audit   '@esbuild/linux-ia32': [ '0.18.20', '0.25.12', '0.27.7' ],
17 silly audit   '@esbuild/linux-loong64': [ '0.18.20', '0.25.12', '0.27.7' ],
17 silly audit   '@esbuild/linux-mips64el': [ '0.18.20', '0.25.12', '0.27.7' ],
17 silly audit   '@esbuild/linux-ppc64': [ '0.18.20', '0.25.12', '0.27.7' ],
17 silly audit   '@esbuild/linux-riscv64': [ '0.18.20', '0.25.12', '0.27.7' ],
17 silly audit   '@esbuild/linux-s390x': [ '0.18.20', '0.25.12', '0.27.7' ],
17 silly audit   '@esbuild/linux-x64': [ '0.18.20', '0.25.12', '0.27.7' ],
17 silly audit   '@esbuild/netbsd-x64': [ '0.18.20', '0.25.12', '0.27.7' ],
17 silly audit   '@esbuild/openbsd-x64': [ '0.18.20', '0.25.12', '0.27.7' ],
17 silly audit   '@esbuild/sunos-x64': [ '0.18.20', '0.25.12', '0.27.7' ],
17 silly audit   '@esbuild/win32-arm64': [ '0.18.20', '0.25.12', '0.27.7' ],
17 silly audit   '@esbuild/win32-ia32': [ '0.18.20', '0.25.12', '0.27.7' ],
17 silly audit   '@esbuild/win32-x64': [ '0.18.20', '0.25.12', '0.27.7' ],
17 silly audit   esbuild: [ '0.18.20', '0.25.12', '0.27.7' ],
17 silly audit   '@esbuild-kit/esm-loader': [ '2.6.5' ],
17 silly audit   '@esbuild/aix-ppc64': [ '0.25.12', '0.27.7' ],
17 silly audit   '@esbuild/netbsd-arm64': [ '0.25.12', '0.27.7' ],
17 silly audit   '@esbuild/openbsd-arm64': [ '0.25.12', '0.27.7' ],
17 silly audit   '@esbuild/openharmony-arm64': [ '0.25.12', '0.27.7' ],
17 silly audit   '@eslint-community/eslint-utils': [ '4.9.1' ],
17 silly audit   '@eslint-community/regexpp': [ '4.12.2' ],
17 silly audit   '@eslint/eslintrc': [ '2.1.4' ],
17 silly audit   'balanced-match': [ '1.0.2', '4.0.4' ],
17 silly audit   'brace-expansion': [ '1.1.14', '5.0.5', '1.1.16' ],
17 silly audit   ignore: [ '5.3.2', '7.0.5' ],
17 silly audit   minimatch: [ '3.1.5', '10.2.5' ],
17 silly audit   '@eslint/js': [ '8.57.1' ],
17 silly audit   '@expo-google-fonts/material-symbols': [ '0.4.38' ],
17 silly audit   '@expo/cli': [ '55.0.24' ],
17 silly audit   zod: [ '3.25.76', '4.4.3' ],
17 silly audit   '@expo/code-signing-certificates': [ '0.0.6' ],
17 silly audit   '@expo/config': [ '55.0.16' ],
17 silly audit   '@expo/config-plugins': [ '55.0.8' ],
17 silly audit   '@expo/config-types': [ '55.0.5' ],
17 silly audit   '@expo/devcert': [ '1.2.1' ],
17 silly audit   debug: [ '3.2.7', '2.6.9', '4.4.3' ],
17 silly audit   '@expo/devtools': [ '55.0.2' ],
17 silly audit   '@expo/dom-webview': [ '55.0.6' ],
17 silly audit   '@expo/env': [ '2.1.1' ],
17 silly audit   '@expo/fingerprint': [ '0.16.6' ],
17 silly audit   '@expo/image-utils': [ '0.8.14' ],
17 silly audit   '@expo/json-file': [ '10.0.14' ],
17 silly audit   '@expo/local-build-cache-provider': [ '55.0.11' ],
17 silly audit   '@expo/log-box': [ '55.0.10', '55.0.12' ],
17 silly audit   '@expo/metro': [ '55.0.0' ],
17 silly audit   '@expo/metro-config': [ '55.0.16' ],
17 silly audit   'hermes-estree': [ '0.32.1', '0.32.0', '0.25.1', '0.33.3' ],
17 silly audit   'hermes-parser': [ '0.32.1', '0.32.0', '0.25.1', '0.33.3' ],
17 silly audit   '@expo/metro-runtime': [ '55.0.11' ],
17 silly audit   '@expo/osascript': [ '2.4.2' ],
17 silly audit   '@expo/package-manager': [ '1.10.4' ],
17 silly audit   '@expo/plist': [ '0.5.2' ],
17 silly audit   '@expo/prebuild-config': [ '55.0.17' ],
17 silly audit   '@react-native/normalize-colors': [ '0.83.6', '0.83.4', '0.74.89' ],
17 silly audit   '@expo/require-utils': [ '55.0.5' ],
17 silly audit   '@expo/router-server': [ '55.0.14' ],
17 silly audit   '@expo/schema-utils': [ '55.0.4' ],
17 silly audit   '@expo/sdk-runtime-versions': [ '1.0.0' ],
17 silly audit   '@expo/spawn-async': [ '1.7.2' ],
17 silly audit   '@expo/sudo-prompt': [ '9.3.2' ],
17 silly audit   '@expo/vector-icons': [ '15.1.1' ],
17 silly audit   '@expo/ws-tunnel': [ '1.0.6' ],
17 silly audit   '@expo/xcpretty': [ '4.4.3' ],
17 silly audit   '@gorhom/bottom-sheet': [ '5.2.9' ],
17 silly audit   '@gorhom/portal': [ '1.0.14' ],
17 silly audit   '@hapi/address': [ '5.1.1' ],
17 silly audit   '@hapi/formula': [ '3.0.2' ],
17 silly audit   '@hapi/hoek': [ '11.0.7' ],
17 silly audit   '@hapi/pinpoint': [ '2.0.1' ],
17 silly audit   '@hapi/tlds': [ '1.1.6' ],
17 silly audit   '@hapi/topo': [ '6.0.2' ],
17 silly audit   '@humanwhocodes/config-array': [ '0.13.0' ],
17 silly audit   '@humanwhocodes/module-importer': [ '1.0.1' ],
17 silly audit   '@humanwhocodes/object-schema': [ '2.0.3' ],
17 silly audit   '@img/colour': [ '1.1.0' ],
17 silly audit   '@img/sharp-darwin-arm64': [ '0.34.5' ],
17 silly audit   '@img/sharp-darwin-x64': [ '0.34.5' ],
17 silly audit   '@img/sharp-libvips-darwin-arm64': [ '1.2.4' ],
17 silly audit   '@img/sharp-libvips-darwin-x64': [ '1.2.4' ],
17 silly audit   '@img/sharp-libvips-linux-arm': [ '1.2.4' ],
17 silly audit   '@img/sharp-libvips-linux-arm64': [ '1.2.4' ],
17 silly audit   '@img/sharp-libvips-linux-ppc64': [ '1.2.4' ],
17 silly audit   '@img/sharp-libvips-linux-riscv64': [ '1.2.4' ],
17 silly audit   '@img/sharp-libvips-linux-s390x': [ '1.2.4' ],
17 silly audit   '@img/sharp-libvips-linux-x64': [ '1.2.4' ],
17 silly audit   '@img/sharp-libvips-linuxmusl-arm64': [ '1.2.4' ],
17 silly audit   '@img/sharp-libvips-linuxmusl-x64': [ '1.2.4' ],
17 silly audit   '@img/sharp-linux-arm': [ '0.34.5' ],
17 silly audit   '@img/sharp-linux-arm64': [ '0.34.5' ],
17 silly audit   '@img/sharp-linux-ppc64': [ '0.34.5' ],
17 silly audit   '@img/sharp-linux-riscv64': [ '0.34.5' ],
17 silly audit   '@img/sharp-linux-s390x': [ '0.34.5' ],
17 silly audit   '@img/sharp-linux-x64': [ '0.34.5' ],
17 silly audit   '@img/sharp-linuxmusl-arm64': [ '0.34.5' ],
17 silly audit   '@img/sharp-linuxmusl-x64': [ '0.34.5' ],
17 silly audit   '@img/sharp-wasm32': [ '0.34.5' ],
17 silly audit   '@img/sharp-win32-arm64': [ '0.34.5' ],
17 silly audit   '@img/sharp-win32-ia32': [ '0.34.5' ],
17 silly audit   '@img/sharp-win32-x64': [ '0.34.5' ],
17 silly audit   '@isaacs/ttlcache': [ '1.4.1' ],
17 silly audit   '@istanbuljs/load-nyc-config': [ '1.1.0' ],
17 silly audit   argparse: [ '1.0.10', '2.0.1' ],
17 silly audit   'find-up': [ '4.1.0', '5.0.0' ],
17 silly audit   'js-yaml': [ '3.14.2', '4.1.1' ],
17 silly audit   'locate-path': [ '5.0.0', '6.0.0' ],
17 silly audit   'p-limit': [ '2.3.0', '3.1.0' ],
17 silly audit   'p-locate': [ '4.1.0', '5.0.0' ],
17 silly audit   '@istanbuljs/schema': [ '0.1.6' ],
17 silly audit   '@jest/console': [ '29.7.0' ],
17 silly audit   '@jest/core': [ '29.7.0' ],
17 silly audit   '@jest/create-cache-key-function': [ '29.7.0' ],
17 silly audit   '@jest/diff-sequences': [ '30.3.0' ],
17 silly audit   '@jest/environment': [ '29.7.0' ],
17 silly audit   '@jest/expect': [ '29.7.0' ],
17 silly audit   '@jest/expect-utils': [ '29.7.0' ],
17 silly audit   '@jest/fake-timers': [ '29.7.0' ],
17 silly audit   '@jest/get-type': [ '30.1.0' ],
17 silly audit   '@jest/globals': [ '29.7.0' ],
17 silly audit   '@jest/reporters': [ '29.7.0' ],
17 silly audit   glob: [ '7.2.3', '13.0.6' ],
17 silly audit   '@jest/schemas': [ '29.6.3', '30.0.5' ],
17 silly audit   '@jest/source-map': [ '29.6.3' ],
17 silly audit   '@jest/test-result': [ '29.7.0' ],
17 silly audit   '@jest/test-sequencer': [ '29.7.0' ],
17 silly audit   '@jest/transform': [ '29.7.0' ],
17 silly audit   '@jest/types': [ '29.6.3' ],
17 silly audit   '@jridgewell/gen-mapping': [ '0.3.13' ],
17 silly audit   '@jridgewell/remapping': [ '2.3.5' ],
17 silly audit   '@jridgewell/resolve-uri': [ '3.1.2' ],
17 silly audit   '@jridgewell/source-map': [ '0.3.11' ],
17 silly audit   '@jridgewell/sourcemap-codec': [ '1.5.5' ],
17 silly audit   '@jridgewell/trace-mapping': [ '0.3.31' ],
17 silly audit   '@nodelib/fs.scandir': [ '2.1.5' ],
17 silly audit   '@nodelib/fs.stat': [ '2.0.5' ],
17 silly audit   '@nodelib/fs.walk': [ '1.2.8' ],
17 silly audit   '@playwright/test': [ '1.59.1' ],
17 silly audit   '@quidone/react-native-wheel-picker': [ '1.6.4' ],
17 silly audit   '@radix-ui/primitive': [ '1.1.3' ],
17 silly audit   '@radix-ui/react-collection': [ '1.1.7' ],
17 silly audit   '@radix-ui/react-slot': [ '1.2.3', '1.2.4' ],
17 silly audit   '@radix-ui/react-compose-refs': [ '1.1.2' ],
17 silly audit   '@radix-ui/react-context': [ '1.1.2' ],
17 silly audit   '@radix-ui/react-dialog': [ '1.1.15' ],
17 silly audit   '@radix-ui/react-direction': [ '1.1.1' ],
17 silly audit   '@radix-ui/react-dismissable-layer': [ '1.1.11' ],
17 silly audit   '@radix-ui/react-focus-guards': [ '1.1.3' ],
17 silly audit   '@radix-ui/react-focus-scope': [ '1.1.7' ],
17 silly audit   '@radix-ui/react-id': [ '1.1.1' ],
17 silly audit   '@radix-ui/react-portal': [ '1.1.9' ],
17 silly audit   '@radix-ui/react-presence': [ '1.1.5' ],
17 silly audit   '@radix-ui/react-primitive': [ '2.1.3' ],
17 silly audit   '@radix-ui/react-roving-focus': [ '1.1.11' ],
17 silly audit   '@radix-ui/react-tabs': [ '1.1.13' ],
17 silly audit   '@radix-ui/react-use-callback-ref': [ '1.1.1' ],
17 silly audit   '@radix-ui/react-use-controllable-state': [ '1.2.2' ],
17 silly audit   '@radix-ui/react-use-effect-event': [ '0.0.2' ],
17 silly audit   '@radix-ui/react-use-escape-keydown': [ '1.1.1' ],
17 silly audit   '@radix-ui/react-use-layout-effect': [ '1.1.1' ],
17 silly audit   '@react-native-community/netinfo': [ '11.5.2' ],
17 silly audit   '@react-native/assets-registry': [ '0.83.4' ],
17 silly audit   '@react-native/babel-plugin-codegen': [ '0.83.4' ],
17 silly audit   '@react-native/babel-preset': [ '0.83.4' ],
17 silly audit   'babel-plugin-syntax-hermes-parser': [ '0.32.0', '0.32.1' ],
17 silly audit   '@react-native/codegen': [ '0.83.4' ],
17 silly audit   '@react-native/community-cli-plugin': [ '0.83.4' ],
17 silly audit   '@react-native/debugger-frontend': [ '0.83.4' ],
17 silly audit   '@react-native/debugger-shell': [ '0.83.4' ],
17 silly audit   '@react-native/dev-middleware': [ '0.83.4' ],
17 silly audit   ws: [ '7.5.10', '8.20.0' ],
17 silly audit   '@react-native/gradle-plugin': [ '0.83.4' ],
17 silly audit   '@react-native/js-polyfills': [ '0.83.4' ],
17 silly audit   '@react-native/virtualized-lists': [ '0.83.4' ],
17 silly audit   '@react-navigation/bottom-tabs': [ '7.15.9' ],
17 silly audit   '@react-navigation/core': [ '7.17.2' ],
17 silly audit   '@react-navigation/elements': [ '2.9.14' ],
17 silly audit   '@react-navigation/native': [ '7.2.2' ],
17 silly audit   '@react-navigation/native-stack': [ '7.14.11' ],
17 silly audit   '@react-navigation/routers': [ '7.5.3' ],
17 silly audit   '@rozhkov/react-useful-hooks': [ '1.0.10' ],
17 silly audit   '@sentry-internal/browser-utils': [ '10.49.0' ],
17 silly audit   '@sentry-internal/feedback': [ '10.49.0' ],
17 silly audit   '@sentry-internal/replay': [ '10.49.0' ],
17 silly audit   '@sentry-internal/replay-canvas': [ '10.49.0' ],
17 silly audit   '@sentry/babel-plugin-component-annotate': [ '5.2.0' ],
17 silly audit   '@sentry/browser': [ '10.49.0' ],
17 silly audit   '@sentry/cli': [ '3.4.0' ],
17 silly audit   '@sentry/cli-darwin': [ '3.4.0' ],
17 silly audit   '@sentry/cli-linux-arm': [ '3.4.0' ],
17 silly audit   '@sentry/cli-linux-arm64': [ '3.4.0' ],
17 silly audit   '@sentry/cli-linux-i686': [ '3.4.0' ],
17 silly audit   '@sentry/cli-linux-x64': [ '3.4.0' ],
17 silly audit   '@sentry/cli-win32-arm64': [ '3.4.0' ],
17 silly audit   '@sentry/cli-win32-i686': [ '3.4.0' ],
17 silly audit   '@sentry/cli-win32-x64': [ '3.4.0' ],
17 silly audit   'proxy-from-env': [ '1.1.0', '2.1.0' ],
17 silly audit   '@sentry/core': [ '10.49.0' ],
17 silly audit   '@sentry/expo-upload-sourcemaps': [ '8.9.2' ],
17 silly audit   '@sentry/react': [ '10.49.0' ],
17 silly audit   '@sentry/react-native': [ '8.9.2' ],
17 silly audit   '@sentry/types': [ '10.49.0' ],
17 silly audit   '@shopify/flash-list': [ '2.0.2' ],
17 silly audit   '@shopify/react-native-skia': [ '2.6.2' ],
17 silly audit   '@sinclair/typebox': [ '0.27.10', '0.34.49' ],
17 silly audit   '@sinonjs/commons': [ '3.0.1' ],
17 silly audit   '@sinonjs/fake-timers': [ '10.3.0' ],
17 silly audit   '@standard-schema/spec': [ '1.1.0' ],
17 silly audit   '@tanstack/query-core': [ '5.99.2' ],
17 silly audit   '@tanstack/react-query': [ '5.99.2' ],
17 silly audit   '@testing-library/jest-native': [ '5.4.3' ],
17 silly audit   '@testing-library/react-native': [ '13.3.3' ],
17 silly audit   'ansi-styles': [ '5.2.0', '4.3.0', '6.2.3', '3.2.1' ],
17 silly audit   'jest-diff': [ '30.3.0', '29.7.0' ],
17 silly audit   'jest-matcher-utils': [ '30.3.0', '29.7.0' ],
17 silly audit   'pretty-format': [ '30.3.0', '29.7.0' ],
17 silly audit   'react-is': [ '18.3.1', '16.13.1', '19.2.5' ],
17 silly audit   '@tootallnate/once': [ '2.0.0' ],
17 silly audit   '@types/babel__core': [ '7.20.5' ],
17 silly audit   '@types/babel__generator': [ '7.27.0' ],
17 silly audit   '@types/babel__template': [ '7.4.4' ],
17 silly audit   '@types/babel__traverse': [ '7.28.0' ],
17 silly audit   '@types/emscripten': [ '1.41.5' ],
17 silly audit   '@types/graceful-fs': [ '4.1.9' ],
17 silly audit   '@types/hammerjs': [ '2.0.46' ],
17 silly audit   '@types/istanbul-lib-coverage': [ '2.0.6' ],
17 silly audit   '@types/istanbul-lib-report': [ '3.0.3' ],
17 silly audit   '@types/istanbul-reports': [ '3.0.4' ],
17 silly audit   '@types/jest': [ '29.5.14' ],
17 silly audit   '@types/jsdom': [ '20.0.1' ],
17 silly audit   '@types/node': [ '25.6.0' ],
17 silly audit   '@types/papaparse': [ '5.5.2' ],
17 silly audit   '@types/react': [ '19.2.14' ],
17 silly audit   '@types/react-reconciler': [ '0.28.9' ],
17 silly audit   '@types/react-test-renderer': [ '19.1.0' ],
17 silly audit   '@types/sharp': [ '0.32.0' ],
17 silly audit   '@types/stack-utils': [ '2.0.3' ],
17 silly audit   '@types/tough-cookie': [ '4.0.5' ],
17 silly audit   '@types/yargs': [ '17.0.35' ],
17 silly audit   '@types/yargs-parser': [ '21.0.3' ],
17 silly audit   '@typescript-eslint/eslint-plugin': [ '8.58.2' ],
17 silly audit   '@typescript-eslint/parser': [ '8.58.2' ],
17 silly audit   '@typescript-eslint/project-service': [ '8.58.2' ],
17 silly audit   '@typescript-eslint/scope-manager': [ '8.58.2' ],
17 silly audit   '@typescript-eslint/tsconfig-utils': [ '8.58.2' ],
17 silly audit   '@typescript-eslint/type-utils': [ '8.58.2' ],
17 silly audit   '@typescript-eslint/types': [ '8.58.2' ],
17 silly audit   '@typescript-eslint/typescript-estree': [ '8.58.2' ],
17 silly audit   '@typescript-eslint/utils': [ '8.58.2' ],
17 silly audit   '@typescript-eslint/visitor-keys': [ '8.58.2' ],
17 silly audit   'eslint-visitor-keys': [ '5.0.1', '3.4.3' ],
17 silly audit   '@ungap/structured-clone': [ '1.3.0' ],
17 silly audit   '@webgpu/types': [ '0.1.21' ],
17 silly audit   '@xmldom/xmldom': [ '0.8.12' ],
17 silly audit   '@yarnpkg/lockfile': [ '1.1.0' ],
17 silly audit   '@zeit/schemas': [ '2.36.0' ],
17 silly audit   abab: [ '2.0.6' ],
17 silly audit   'abort-controller': [ '3.0.0' ],
17 silly audit   accepts: [ '1.3.8', '2.0.0' ],
17 silly audit   acorn: [ '8.16.0' ],
17 silly audit   'acorn-globals': [ '7.0.1' ],
17 silly audit   'acorn-jsx': [ '5.3.2' ],
17 silly audit   'acorn-walk': [ '8.3.5' ],
17 silly audit   'agent-base': [ '6.0.2', '7.1.4' ],
17 silly audit   ajv: [ '6.14.0', '8.18.0' ],
17 silly audit   anser: [ '1.4.10' ],
17 silly audit   'ansi-align': [ '3.0.1' ],
17 silly audit   'is-fullwidth-code-point': [ '3.0.0', '5.1.0' ],
17 silly audit   'string-width': [ '4.2.3', '5.1.2', '7.2.0', '8.2.0' ],
17 silly audit   'ansi-escapes': [ '4.3.2', '6.2.1', '7.3.0' ],
17 silly audit   'type-fest': [ '0.21.3', '2.19.0', '0.7.1', '4.41.0', '0.20.2', '5.5.0' ],
17 silly audit   'ansi-regex': [ '5.0.1', '6.2.2', '4.1.1' ],
17 silly audit   anymatch: [ '3.1.3' ],
17 silly audit   picomatch: [ '2.3.2', '4.0.4' ],
17 silly audit   arch: [ '2.2.0' ],
17 silly audit   arg: [ '5.0.2' ],
17 silly audit   'aria-hidden': [ '1.2.6' ],
17 silly audit   'array-buffer-byte-length': [ '1.0.2' ],
17 silly audit   'array-includes': [ '3.1.9' ],
17 silly audit   'array.prototype.findlast': [ '1.2.5' ],
17 silly audit   'array.prototype.flat': [ '1.3.3' ],
17 silly audit   'array.prototype.flatmap': [ '1.3.3' ],
17 silly audit   'array.prototype.tosorted': [ '1.1.4' ],
17 silly audit   'arraybuffer.prototype.slice': [ '1.0.4' ],
17 silly audit   asap: [ '2.0.6' ],
17 silly audit   'async-function': [ '1.0.0' ],
17 silly audit   asynckit: [ '0.4.0' ],
17 silly audit   'available-typed-arrays': [ '1.0.7' ],
17 silly audit   'await-lock': [ '2.2.2' ],
17 silly audit   'axe-core': [ '4.11.3' ],
17 silly audit   axios: [ '1.15.0' ],
17 silly audit   'babel-jest': [ '29.7.0' ],
17 silly audit   'babel-plugin-istanbul': [ '6.1.1' ],
17 silly audit   'istanbul-lib-instrument': [ '5.2.1', '6.0.3' ],
17 silly audit   'babel-plugin-jest-hoist': [ '29.6.3' ],
17 silly audit   'babel-plugin-polyfill-corejs2': [ '0.4.17' ],
17 silly audit   'babel-plugin-polyfill-corejs3': [ '0.13.0' ],
17 silly audit   'babel-plugin-polyfill-regenerator': [ '0.6.8' ],
17 silly audit   'babel-plugin-react-compiler': [ '1.0.0' ],
17 silly audit   'babel-plugin-react-native-web': [ '0.21.2' ],
17 silly audit   'babel-plugin-transform-flow-enums': [ '0.0.2' ],
17 silly audit   'babel-preset-current-node-syntax': [ '1.2.0' ],
17 silly audit   'babel-preset-expo': [ '55.0.17' ],
17 silly audit   'babel-preset-jest': [ '29.6.3' ],
17 silly audit   badgin: [ '1.2.3' ],
17 silly audit   'barcode-detector': [ '3.1.2' ],
17 silly audit   'base64-arraybuffer': [ '1.0.2' ],
17 silly audit   'base64-js': [ '1.5.1' ],
17 silly audit   'baseline-browser-mapping': [ '2.10.19' ],
17 silly audit   'better-opn': [ '3.0.2' ],
17 silly audit   open: [ '8.4.2', '7.4.2' ],
17 silly audit   'big-integer': [ '1.6.52' ],
17 silly audit   boolbase: [ '1.0.0' ],
17 silly audit   boxen: [ '7.0.0' ],
17 silly audit   camelcase: [ '7.0.1', '5.3.1', '6.3.0' ],
17 silly audit   chalk: [ '5.6.2', '4.1.2', '3.0.0', '2.4.2', '5.0.1' ],
17 silly audit   'emoji-regex': [ '9.2.2', '8.0.0', '10.6.0' ],
17 silly audit   'strip-ansi': [ '7.2.0', '5.2.0', '6.0.1' ],
17 silly audit   'wrap-ansi': [ '8.1.0', '9.0.2', '7.0.0' ],
17 silly audit   'bplist-creator': [ '0.1.0' ],
17 silly audit   'bplist-parser': [ '0.3.2', '0.3.1' ],
17 silly audit   braces: [ '3.0.3' ],
17 silly audit   browserslist: [ '4.28.2' ],
17 silly audit   'bs-logger': [ '0.2.6' ],
17 silly audit   bser: [ '2.1.1' ],
17 silly audit   'buffer-from': [ '1.1.2' ],
17 silly audit   bytes: [ '3.1.2', '3.0.0' ],
17 silly audit   'call-bind': [ '1.0.9' ],
17 silly audit   'call-bind-apply-helpers': [ '1.0.2' ],
17 silly audit   'call-bound': [ '1.0.4' ],
17 silly audit   callsites: [ '3.1.0' ],
17 silly audit   'caniuse-lite': [ '1.0.30001788' ],
17 silly audit   'canvaskit-wasm': [ '0.41.0' ],
17 silly audit   'chalk-template': [ '0.4.0' ],
17 silly audit   'char-regex': [ '1.0.2', '2.0.2' ],
17 silly audit   'chrome-launcher': [ '0.15.2' ],
17 silly audit   'chromium-edge-launcher': [ '0.2.0' ],
17 silly audit   'ci-info': [ '3.9.0', '2.0.0' ],
17 silly audit   'cjs-module-lexer': [ '1.4.3' ],
17 silly audit   'cli-boxes': [ '3.0.0' ],
17 silly audit   'cli-cursor': [ '5.0.0', '2.1.0' ],
17 silly audit   'cli-spinners': [ '2.9.2' ],
17 silly audit   'cli-truncate': [ '5.2.0' ],
17 silly audit   'client-only': [ '0.0.1' ],
17 silly audit   clipboardy: [ '3.0.0' ],
17 silly audit   cliui: [ '8.0.1' ],
17 silly audit   clone: [ '1.0.4' ],
17 silly audit   co: [ '4.6.0' ],
17 silly audit   'collect-v8-coverage': [ '1.0.3' ],
17 silly audit   color: [ '4.2.3' ],
17 silly audit   'color-convert': [ '2.0.1', '1.9.3' ],
17 silly audit   'color-name': [ '1.1.4', '1.1.3' ],
17 silly audit   'color-string': [ '1.9.1' ],
17 silly audit   colorette: [ '2.0.20' ],
17 silly audit   'combined-stream': [ '1.0.8' ],
17 silly audit   commander: [ '7.2.0', '14.0.3', '12.1.0', '2.20.3' ],
17 silly audit   compressible: [ '2.0.18' ],
17 silly audit   compression: [ '1.8.1' ],
17 silly audit   ms: [ '2.0.0', '2.1.3' ],
17 silly audit   negotiator: [ '0.6.4', '1.0.0', '0.6.3' ],
17 silly audit   'concat-map': [ '0.0.1' ],
17 silly audit   connect: [ '3.7.0' ],
17 silly audit   'content-disposition': [ '0.5.2' ],
17 silly audit   'convert-source-map': [ '2.0.0' ],
17 silly audit   'core-js-compat': [ '3.49.0' ],
17 silly audit   'create-jest': [ '29.7.0' ],
17 silly audit   'cross-env': [ '7.0.3' ],
17 silly audit   'cross-fetch': [ '3.2.0' ],
17 silly audit   'cross-spawn': [ '7.0.6' ],
17 silly audit   'css-in-js-utils': [ '3.1.0' ],
17 silly audit   'css-line-break': [ '2.1.0' ],
17 silly audit   'css-select': [ '5.2.2' ],
17 silly audit   'css-tree': [ '1.1.3' ],
17 silly audit   'css-what': [ '6.2.2' ],
17 silly audit   cssom: [ '0.5.0', '0.3.8' ],
17 silly audit   cssstyle: [ '2.3.0' ],
17 silly audit   csstype: [ '3.2.3' ],
17 silly audit   'd3-array': [ '3.2.4' ],
17 silly audit   'd3-color': [ '3.1.0' ],
17 silly audit   'd3-dispatch': [ '3.0.1' ],
17 silly audit   'd3-drag': [ '3.0.0' ],
17 silly audit   'd3-ease': [ '3.0.1' ],
17 silly audit   'd3-format': [ '3.1.2' ],
17 silly audit   'd3-interpolate': [ '3.0.1' ],
17 silly audit   'd3-path': [ '3.1.0' ],
17 silly audit   'd3-scale': [ '4.0.2' ],
17 silly audit   'd3-selection': [ '3.0.0' ],
17 silly audit   'd3-shape': [ '3.2.0' ],
17 silly audit   'd3-time': [ '3.1.0' ],
17 silly audit   'd3-time-format': [ '4.1.0' ],
17 silly audit   'd3-timer': [ '3.0.1' ],
17 silly audit   'd3-transition': [ '3.0.1' ],
17 silly audit   'd3-zoom': [ '3.0.0' ],
17 silly audit   'data-urls': [ '3.0.2' ],
17 silly audit   'data-view-buffer': [ '1.0.2' ],
17 silly audit   'data-view-byte-length': [ '1.0.2' ],
17 silly audit   'data-view-byte-offset': [ '1.0.1' ],
17 silly audit   'date-fns': [ '4.1.0' ],
17 silly audit   'decimal.js': [ '10.6.0' ],
17 silly audit   'decode-uri-component': [ '0.2.2' ],
17 silly audit   dedent: [ '1.7.2' ],
17 silly audit   'deep-extend': [ '0.6.0' ],
17 silly audit   'deep-is': [ '0.1.4' ],
17 silly audit   deepmerge: [ '4.3.1' ],
17 silly audit   'default-values': [ '1.0.2' ],
17 silly audit   defaults: [ '1.0.4' ],
17 silly audit   'define-data-property': [ '1.1.4' ],
17 silly audit   'define-lazy-prop': [ '2.0.0' ],
17 silly audit   'define-properties': [ '1.2.1' ],
17 silly audit   'delayed-stream': [ '1.0.0' ],
17 silly audit   depd: [ '2.0.0' ],
17 silly audit   destroy: [ '1.2.0' ],
17 silly audit   'detect-libc': [ '2.1.2' ],
17 silly audit   'detect-newline': [ '3.1.0' ],
17 silly audit   'detect-node-es': [ '1.1.0' ],
17 silly audit   'diff-sequences': [ '29.6.3' ],
17 silly audit   'dnssd-advertise': [ '1.1.4' ],
17 silly audit   doctrine: [ '3.0.0', '2.1.0' ],
17 silly audit   'dom-serializer': [ '2.0.0' ],
17 silly audit   entities: [ '4.5.0', '6.0.1' ],
17 silly audit   domelementtype: [ '2.3.0' ],
17 silly audit   domexception: [ '4.0.0' ],
17 silly audit   domhandler: [ '5.0.3' ],
17 silly audit   domutils: [ '3.2.2' ],
17 silly audit   'drizzle-kit': [ '0.31.10' ],
17 silly audit   'drizzle-orm': [ '0.45.2' ],
17 silly audit   'dunder-proto': [ '1.0.1' ],
17 silly audit   eastasianwidth: [ '0.2.0' ],
17 silly audit   'ee-first': [ '1.1.1' ],
17 silly audit   'electron-to-chromium': [ '1.5.337' ],
17 silly audit   emittery: [ '0.13.1' ],
17 silly audit   encodeurl: [ '1.0.2', '2.0.0' ],
17 silly audit   environment: [ '1.1.0' ],
17 silly audit   'error-ex': [ '1.3.4' ],
17 silly audit   'error-stack-parser': [ '2.1.4' ],
17 silly audit   'es-abstract': [ '1.24.2' ],
17 silly audit   'es-define-property': [ '1.0.1' ],
17 silly audit   'es-errors': [ '1.3.0' ],
17 silly audit   'es-iterator-helpers': [ '1.3.2' ],
17 silly audit   'es-object-atoms': [ '1.1.1' ],
17 silly audit   'es-set-tostringtag': [ '2.1.0' ],
17 silly audit   'es-shim-unscopables': [ '1.1.0' ],
17 silly audit   'es-to-primitive': [ '1.3.0' ],
17 silly audit   escalade: [ '3.2.0' ],
17 silly audit   'escape-html': [ '1.0.3' ],
17 silly audit   'escape-string-regexp': [ '4.0.0', '1.0.5', '2.0.0' ],
17 silly audit   escodegen: [ '2.1.0' ],
17 silly audit   eslint: [ '8.57.1' ],
17 silly audit   'eslint-plugin-react': [ '7.37.5' ],
17 silly audit   'eslint-plugin-react-hooks': [ '7.1.1' ],
17 silly audit   'eslint-plugin-react-native': [ '5.0.0' ],
17 silly audit   'eslint-plugin-react-native-globals': [ '0.1.2' ],
17 silly audit   'eslint-scope': [ '7.2.2' ],
17 silly audit   espree: [ '9.6.1' ],
17 silly audit   esprima: [ '4.0.1' ],
17 silly audit   esquery: [ '1.7.0' ],
17 silly audit   esrecurse: [ '4.3.0' ],
17 silly audit   estraverse: [ '5.3.0' ],
17 silly audit   esutils: [ '2.0.3' ],
17 silly audit   etag: [ '1.8.1' ],
17 silly audit   'event-target-shim': [ '5.0.1' ],
17 silly audit   eventemitter3: [ '5.0.4' ],
17 silly audit   execa: [ '5.1.1' ],
17 silly audit   exit: [ '0.1.2' ],
17 silly audit   expect: [ '29.7.0' ],
17 silly audit   expo: [ '55.0.15' ],
17 silly audit   'expo-application': [ '55.0.14' ],
17 silly audit   'expo-asset': [ '55.0.15' ],
17 silly audit   'expo-audio': [ '55.0.14' ],
17 silly audit   'expo-blur': [ '55.0.14' ],
17 silly audit   'expo-build-properties': [ '55.0.13' ],
17 silly audit   'expo-camera': [ '55.0.15' ],
17 silly audit   'expo-constants': [ '55.0.14' ],
17 silly audit   'expo-crypto': [ '55.0.14' ],
17 silly audit   'expo-dev-client': [ '55.0.27' ],
17 silly audit   'expo-dev-launcher': [ '55.0.28' ],
17 silly audit   'expo-dev-menu': [ '55.0.23' ],
17 silly audit   'expo-dev-menu-interface': [ '55.0.2' ],
17 silly audit   'expo-device': [ '55.0.15' ],
17 silly audit   'ua-parser-js': [ '0.7.41', '1.0.41' ],
17 silly audit   'expo-document-picker': [ '55.0.14' ],
17 silly audit   'expo-file-system': [ '55.0.17' ],
17 silly audit   'expo-font': [ '55.0.6' ],
17 silly audit   'expo-glass-effect': [ '55.0.11' ],
17 silly audit   'expo-haptics': [ '55.0.14' ],
17 silly audit   'expo-image': [ '55.0.11' ],
17 silly audit   'expo-image-loader': [ '55.0.0' ],
17 silly audit   'expo-image-manipulator': [ '55.0.15' ],
17 silly audit   'expo-image-picker': [ '55.0.18' ],
17 silly audit   'expo-json-utils': [ '55.0.2' ],
17 silly audit   'expo-keep-awake': [ '55.0.6' ],
17 silly audit   'expo-linking': [ '55.0.13' ],
17 silly audit   'expo-local-authentication': [ '55.0.13' ],
17 silly audit   'expo-localization': [ '55.0.13' ],
17 silly audit   'expo-manifests': [ '55.0.15' ],
17 silly audit   'expo-modules-autolinking': [ '55.0.17' ],
17 silly audit   'expo-modules-core': [ '55.0.22' ],
17 silly audit   'expo-notifications': [ '55.0.19' ],
17 silly audit   'expo-router': [ '55.0.16' ],
17 silly audit   'expo-secure-store': [ '55.0.13' ],
17 silly audit   'expo-server': [ '55.0.11' ],
17 silly audit   'expo-sharing': [ '55.0.18' ],
17 silly audit   'expo-splash-screen': [ '55.0.20' ],
17 silly audit   'expo-sqlite': [ '55.0.15' ],
17 silly audit   'expo-status-bar': [ '55.0.5' ],
17 silly audit   'expo-symbols': [ '55.0.9' ],
17 silly audit   'expo-system-ui': [ '55.0.16' ],
17 silly audit   'expo-updates-interface': [ '55.1.5' ],
17 silly audit   'expo-video': [ '55.0.16' ],
17 silly audit   'expo-video-thumbnails': [ '55.0.14' ],
17 silly audit   'expo-web-browser': [ '55.0.14' ],
17 silly audit   'exponential-backoff': [ '3.1.3' ],
17 silly audit   'fast-deep-equal': [ '3.1.3' ],
17 silly audit   'fast-json-stable-stringify': [ '2.1.0' ],
17 silly audit   'fast-levenshtein': [ '2.0.6' ],
17 silly audit   'fast-uri': [ '3.1.4' ],
17 silly audit   fastq: [ '1.20.1' ],
17 silly audit   'fb-dotslash': [ '0.5.8' ],
17 silly audit   'fb-watchman': [ '2.0.2' ],
17 silly audit   fbjs: [ '3.0.5' ],
17 silly audit   'fbjs-css-vars': [ '1.0.2' ],
17 silly audit   promise: [ '7.3.1', '8.3.0' ],
17 silly audit   fdir: [ '6.5.0' ],
17 silly audit   'fetch-nodeshim': [ '0.4.10' ],
17 silly audit   'file-entry-cache': [ '6.0.1' ],
17 silly audit   'fill-range': [ '7.1.1' ],
17 silly audit   'filter-obj': [ '1.1.0' ],
17 silly audit   finalhandler: [ '1.1.2' ],
17 silly audit   'find-yarn-workspace-root': [ '2.0.0' ],
17 silly audit   'flat-cache': [ '3.2.0' ],
17 silly audit   flatted: [ '3.4.2' ],
17 silly audit   'flow-enums-runtime': [ '0.0.6' ],
17 silly audit   'follow-redirects': [ '1.16.0' ],
17 silly audit   fontfaceobserver: [ '2.3.0' ],
17 silly audit   'for-each': [ '0.3.5' ],
17 silly audit   'form-data': [ '4.0.5' ],
17 silly audit   fresh: [ '0.5.2' ],
17 silly audit   'fs-extra': [ '10.1.0' ],
17 silly audit   universalify: [ '2.0.1', '0.2.0' ],
17 silly audit   'fs.realpath': [ '1.0.0' ],
17 silly audit   fsevents: [ '2.3.3', '2.3.2' ],
17 silly audit   'fta-cli': [ '3.0.0' ],
17 silly audit   'function-bind': [ '1.1.2' ],
17 silly audit   'function.prototype.name': [ '1.1.8' ],
17 silly audit   'functions-have-names': [ '1.2.3' ],
17 silly audit   'generator-function': [ '2.0.1' ],
17 silly audit   gensync: [ '1.0.0-beta.2' ],
17 silly audit   'get-caller-file': [ '2.0.5' ],
17 silly audit   'get-east-asian-width': [ '1.5.0' ],
17 silly audit   'get-intrinsic': [ '1.3.0' ],
17 silly audit   'get-nonce': [ '1.0.1' ],
17 silly audit   'get-package-type': [ '0.1.0' ],
17 silly audit   'get-proto': [ '1.0.1' ],
17 silly audit   'get-stream': [ '6.0.1' ],
17 silly audit   'get-symbol-description': [ '1.1.0' ],
17 silly audit   'get-tsconfig': [ '4.14.0' ],
17 silly audit   getenv: [ '2.0.0' ],
17 silly audit   'glob-parent': [ '6.0.2' ],
17 silly audit   globals: [ '13.24.0' ],
17 silly audit   globalthis: [ '1.0.4' ],
17 silly audit   gopd: [ '1.2.0' ],
17 silly audit   'graceful-fs': [ '4.2.11' ],
17 silly audit   graphemer: [ '1.4.0' ],
17 silly audit   handlebars: [ '4.7.9' ],
17 silly audit   'has-bigints': [ '1.1.0' ],
17 silly audit   'has-flag': [ '4.0.0', '3.0.0' ],
17 silly audit   'has-property-descriptors': [ '1.0.2' ],
17 silly audit   'has-proto': [ '1.2.0' ],
17 silly audit   'has-symbols': [ '1.1.0' ],
17 silly audit   'has-tostringtag': [ '1.0.2' ],
17 silly audit   hasown: [ '2.0.2' ],
17 silly audit   'hermes-compiler': [ '0.14.1' ],
17 silly audit   'hoist-non-react-statics': [ '3.3.2' ],
17 silly audit   'hosted-git-info': [ '7.0.2' ],
17 silly audit   'lru-cache': [ '10.4.3', '5.1.1', '11.3.5' ],
17 silly audit   'html-encoding-sniffer': [ '3.0.0' ],
17 silly audit   'html-escaper': [ '2.0.2' ],
17 silly audit   html2canvas: [ '1.4.1' ],
17 silly audit   'http-errors': [ '2.0.1' ],
17 silly audit   statuses: [ '2.0.2', '1.5.0' ],
17 silly audit   'http-proxy-agent': [ '5.0.0' ],
17 silly audit   'https-proxy-agent': [ '5.0.1', '7.0.6' ],
17 silly audit   'human-signals': [ '2.1.0' ],
17 silly audit   husky: [ '9.1.7' ],
17 silly audit   'hyphenate-style-name': [ '1.1.0' ],
17 silly audit   'iconv-lite': [ '0.6.3' ],
17 silly audit   'image-size': [ '1.2.1' ],
17 silly audit   'import-fresh': [ '3.3.1' ],
17 silly audit   'resolve-from': [ '4.0.0', '5.0.0' ],
17 silly audit   'import-local': [ '3.2.0' ],
17 silly audit   imurmurhash: [ '0.1.4' ],
17 silly audit   'indent-string': [ '4.0.0' ],
17 silly audit   inflight: [ '1.0.6' ],
17 silly audit   inherits: [ '2.0.4' ],
17 silly audit   ini: [ '1.3.8' ],
17 silly audit   'inline-style-prefixer': [ '7.0.1' ],
17 silly audit   'internal-slot': [ '1.1.0' ],
17 silly audit   internmap: [ '2.0.3' ],
17 silly audit   invariant: [ '2.2.4' ],
17 silly audit   'is-array-buffer': [ '3.0.5' ],
17 silly audit   'is-arrayish': [ '0.2.1', '0.3.4' ],
17 silly audit   'is-async-function': [ '2.1.1' ],
17 silly audit   'is-bigint': [ '1.1.0' ],
17 silly audit   'is-boolean-object': [ '1.2.2' ],
17 silly audit   'is-callable': [ '1.2.7' ],
17 silly audit   'is-core-module': [ '2.16.1' ],
17 silly audit   'is-data-view': [ '1.0.2' ],
17 silly audit   'is-date-object': [ '1.1.0' ],
17 silly audit   'is-docker': [ '2.2.1' ],
17 silly audit   'is-extglob': [ '2.1.1' ],
17 silly audit   'is-finalizationregistry': [ '1.1.1' ],
17 silly audit   'is-generator-fn': [ '2.1.0' ],
17 silly audit   'is-generator-function': [ '1.1.2' ],
17 silly audit   'is-glob': [ '4.0.3' ],
17 silly audit   'is-map': [ '2.0.3' ],
17 silly audit   'is-negative-zero': [ '2.0.3' ],
17 silly audit   'is-number': [ '7.0.0' ],
17 silly audit   'is-number-object': [ '1.1.1' ],
17 silly audit   'is-path-inside': [ '3.0.3' ],
17 silly audit   'is-port-reachable': [ '4.0.0' ],
17 silly audit   'is-potential-custom-element-name': [ '1.0.1' ],
17 silly audit   'is-regex': [ '1.2.1' ],
17 silly audit   'is-set': [ '2.0.3' ],
17 silly audit   'is-shared-array-buffer': [ '1.0.4' ],
17 silly audit   'is-stream': [ '2.0.1' ],
17 silly audit   'is-string': [ '1.1.1' ],
17 silly audit   'is-symbol': [ '1.1.1' ],
17 silly audit   'is-typed-array': [ '1.1.15' ],
17 silly audit   'is-weakmap': [ '2.0.2' ],
17 silly audit   'is-weakref': [ '1.1.1' ],
17 silly audit   'is-weakset': [ '2.0.4' ],
17 silly audit   'is-wsl': [ '2.2.0' ],
17 silly audit   isarray: [ '2.0.5' ],
17 silly audit   isexe: [ '2.0.0' ],
17 silly audit   'istanbul-lib-coverage': [ '3.2.2' ],
17 silly audit   'istanbul-lib-report': [ '3.0.1' ],
17 silly audit   'istanbul-lib-source-maps': [ '4.0.1' ],
17 silly audit   'istanbul-reports': [ '3.2.0' ],
17 silly audit   'iterator.prototype': [ '1.1.5' ],
17 silly audit   'its-fine': [ '1.2.5' ],
17 silly audit   jest: [ '29.7.0' ],
17 silly audit   'jest-changed-files': [ '29.7.0' ],
17 silly audit   'jest-circus': [ '29.7.0' ],
17 silly audit   'jest-cli': [ '29.7.0' ],
17 silly audit   'jest-config': [ '29.7.0' ],
17 silly audit   'jest-docblock': [ '29.7.0' ],
17 silly audit   'jest-each': [ '29.7.0' ],
17 silly audit   'jest-environment-jsdom': [ '29.7.0' ],
17 silly audit   'jest-environment-node': [ '29.7.0' ],
17 silly audit   'jest-expo': [ '55.0.16' ],
17 silly audit   'jest-get-type': [ '29.6.3' ],
17 silly audit   'jest-haste-map': [ '29.7.0' ],
17 silly audit   'jest-leak-detector': [ '29.7.0' ],
17 silly audit   'jest-message-util': [ '29.7.0' ],
17 silly audit   'jest-mock': [ '29.7.0' ],
17 silly audit   'jest-pnp-resolver': [ '1.2.3' ],
17 silly audit   'jest-regex-util': [ '29.6.3' ],
17 silly audit   'jest-resolve': [ '29.7.0' ],
17 silly audit   'jest-resolve-dependencies': [ '29.7.0' ],
17 silly audit   'jest-runner': [ '29.7.0' ],
17 silly audit   'source-map-support': [ '0.5.13', '0.5.21' ],
17 silly audit   'jest-runtime': [ '29.7.0' ],
17 silly audit   'jest-snapshot': [ '29.7.0' ],
17 silly audit   'jest-util': [ '29.7.0' ],
17 silly audit   'jest-validate': [ '29.7.0' ],
17 silly audit   'jest-watch-select-projects': [ '2.0.0' ],
17 silly audit   'jest-watch-typeahead': [ '2.2.1' ],
17 silly audit   slash: [ '5.1.0', '2.0.0', '3.0.0' ],
17 silly audit   'string-length': [ '5.0.1', '4.0.2' ],
17 silly audit   'jest-watcher': [ '29.7.0' ],
17 silly audit   'jest-worker': [ '29.7.0' ],
17 silly audit   'supports-color': [ '8.1.1', '5.5.0', '7.2.0' ],
17 silly audit   'jimp-compact': [ '0.16.1' ],
17 silly audit   joi: [ '18.1.2' ],
17 silly audit   'js-tokens': [ '4.0.0' ],
17 silly audit   'jsc-safe-url': [ '0.2.4' ],
17 silly audit   jsdom: [ '20.0.3' ],
17 silly audit   jsesc: [ '3.1.0' ],
17 silly audit   'json-buffer': [ '3.0.1' ],
17 silly audit   'json-parse-even-better-errors': [ '2.3.1' ],
17 silly audit   'json-schema-traverse': [ '0.4.1', '1.0.0' ],
17 silly audit   'json-stable-stringify': [ '1.3.0' ],
17 silly audit   'json-stable-stringify-without-jsonify': [ '1.0.1' ],
17 silly audit   json5: [ '2.2.3' ],
17 silly audit   jsonfile: [ '6.2.1' ],
17 silly audit   jsonify: [ '0.0.1' ],
17 silly audit   'jsx-ast-utils': [ '3.3.5' ],
17 silly audit   keyv: [ '4.5.4' ],
17 silly audit   'klaw-sync': [ '6.0.0' ],
17 silly audit   kleur: [ '3.0.3' ],
17 silly audit   'lan-network': [ '0.2.1' ],
17 silly audit   leven: [ '3.1.0' ],
17 silly audit   levn: [ '0.4.1' ],
17 silly audit   'lighthouse-logger': [ '1.4.2' ],
17 silly audit   lightningcss: [ '1.32.0' ],
17 silly audit   'lightningcss-android-arm64': [ '1.32.0' ],
17 silly audit   'lightningcss-darwin-arm64': [ '1.32.0' ],
17 silly audit   'lightningcss-darwin-x64': [ '1.32.0' ],
17 silly audit   'lightningcss-freebsd-x64': [ '1.32.0' ],
17 silly audit   'lightningcss-linux-arm-gnueabihf': [ '1.32.0' ],
17 silly audit   'lightningcss-linux-arm64-gnu': [ '1.32.0' ],
17 silly audit   'lightningcss-linux-arm64-musl': [ '1.32.0' ],
17 silly audit   'lightningcss-linux-x64-gnu': [ '1.32.0' ],
17 silly audit   'lightningcss-linux-x64-musl': [ '1.32.0' ],
17 silly audit   'lightningcss-win32-arm64-msvc': [ '1.32.0' ],
17 silly audit   'lightningcss-win32-x64-msvc': [ '1.32.0' ],
17 silly audit   'lines-and-columns': [ '1.2.4' ],
17 silly audit   'lint-staged': [ '16.4.0' ],
17 silly audit   listr2: [ '9.0.5' ],
17 silly audit   lodash: [ '4.18.1' ],
17 silly audit   'lodash.debounce': [ '4.0.8' ],
17 silly audit   'lodash.memoize': [ '4.1.2' ],
17 silly audit   'lodash.merge': [ '4.6.2' ],
17 silly audit   'lodash.throttle': [ '4.1.1' ],
17 silly audit   'log-symbols': [ '2.2.0' ],
17 silly audit   'log-update': [ '6.1.0' ],
17 silly audit   'slice-ansi': [ '7.1.2', '8.0.0' ],
17 silly audit   'loose-envify': [ '1.4.0' ],
17 silly audit   'lucide-react-native': [ '1.22.0' ],
17 silly audit   'make-dir': [ '4.0.0' ],
17 silly audit   'make-error': [ '1.3.6' ],
17 silly audit   makeerror: [ '1.0.12' ],
17 silly audit   marky: [ '1.3.0' ],
17 silly audit   'math-intrinsics': [ '1.1.0' ],
17 silly audit   'mdn-data': [ '2.0.14' ],
17 silly audit   'memoize-one': [ '5.2.1', '6.0.0' ],
17 silly audit   'merge-stream': [ '2.0.0' ],
17 silly audit   metro: [ '0.83.5' ],
17 silly audit   'metro-babel-transformer': [ '0.83.5' ],
17 silly audit   'metro-cache': [ '0.83.5' ],
17 silly audit   'metro-cache-key': [ '0.83.5' ],
17 silly audit   'metro-config': [ '0.83.5' ],
17 silly audit   'metro-core': [ '0.83.5' ],
17 silly audit   'metro-file-map': [ '0.83.5' ],
17 silly audit   'metro-minify-terser': [ '0.83.5' ],
17 silly audit   'metro-resolver': [ '0.83.5' ],
17 silly audit   'metro-runtime': [ '0.83.5' ],
17 silly audit   'metro-source-map': [ '0.83.5' ],
17 silly audit   'source-map': [ '0.5.7', '0.6.1', '0.5.6' ],
17 silly audit   'metro-symbolicate': [ '0.83.5' ],
17 silly audit   'metro-transform-plugins': [ '0.83.5' ],
17 silly audit   'metro-transform-worker': [ '0.83.5' ],
17 silly audit   'mime-types': [ '3.0.2', '2.1.35', '2.1.18' ],
17 silly audit   micromatch: [ '4.0.8' ],
17 silly audit   mime: [ '1.6.0' ],
17 silly audit   'mime-db': [ '1.54.0', '1.52.0', '1.33.0' ],
17 silly audit   'mimic-fn': [ '2.1.0', '1.2.0' ],
17 silly audit   'mimic-function': [ '5.0.1' ],
17 silly audit   'min-indent': [ '1.0.1' ],
17 silly audit   minimist: [ '1.2.8' ],
17 silly audit   minipass: [ '7.1.3' ],
17 silly audit   mkdirp: [ '1.0.4' ],
17 silly audit   multitars: [ '0.2.5' ],
17 silly audit   nanoid: [ '3.3.11' ],
17 silly audit   'natural-compare': [ '1.4.0' ],
17 silly audit   'neo-async': [ '2.6.2' ],
17 silly audit   'node-exports-info': [ '1.6.0' ],
17 silly audit   'node-fetch': [ '2.7.0' ],
17 silly audit   tr46: [ '0.0.3', '3.0.0' ],
17 silly audit   'webidl-conversions': [ '3.0.1', '7.0.0' ],
17 silly audit   'whatwg-url': [ '5.0.0', '11.0.0' ],
17 silly audit   'node-forge': [ '1.4.0' ],
17 silly audit   'node-int64': [ '0.4.0' ],
17 silly audit   'node-releases': [ '2.0.37' ],
17 silly audit   'normalize-path': [ '3.0.0' ],
17 silly audit   'npm-package-arg': [ '11.0.3' ],
17 silly audit   'npm-run-path': [ '4.0.1' ],
17 silly audit   'nth-check': [ '2.1.1' ],
17 silly audit   nullthrows: [ '1.1.1' ],
17 silly audit   nwsapi: [ '2.2.23' ],
17 silly audit   ob1: [ '0.83.5' ],
17 silly audit   'object-assign': [ '4.1.1' ],
17 silly audit   'object-inspect': [ '1.13.4' ],
17 silly audit   'object-keys': [ '1.1.1' ],
17 silly audit   'object.assign': [ '4.1.7' ],
17 silly audit   'object.entries': [ '1.1.9' ],
17 silly audit   'object.fromentries': [ '2.0.8' ],
17 silly audit   'object.values': [ '1.2.1' ],
17 silly audit   'on-finished': [ '2.3.0', '2.4.1' ],
17 silly audit   'on-headers': [ '1.1.0' ],
17 silly audit   once: [ '1.4.0' ],
17 silly audit   onetime: [ '5.1.2', '2.0.1', '7.0.0' ],
17 silly audit   optionator: [ '0.9.4' ],
17 silly audit   ora: [ '3.4.0' ],
17 silly audit   'restore-cursor': [ '2.0.0', '5.1.0' ],
17 silly audit   'own-keys': [ '1.0.1' ],
17 silly audit   'p-try': [ '2.2.0' ],
17 silly audit   papaparse: [ '5.5.3' ],
17 silly audit   'parent-module': [ '1.0.1' ],
17 silly audit   'parse-json': [ '5.2.0' ],
17 silly audit   'parse-png': [ '2.1.0' ],
17 silly audit   parse5: [ '7.3.0' ],
17 silly audit   parseurl: [ '1.3.3' ],
17 silly audit   'patch-package': [ '8.0.1' ],
17 silly audit   'path-exists': [ '4.0.0' ],
17 silly audit   'path-is-absolute': [ '1.0.1' ],
17 silly audit   'path-is-inside': [ '1.0.2' ],
17 silly audit   'path-key': [ '3.1.1' ],
17 silly audit   'path-parse': [ '1.0.7' ],
17 silly audit   'path-scurry': [ '2.0.2' ],
17 silly audit   'path-to-regexp': [ '3.3.0' ],
17 silly audit   picocolors: [ '1.1.1' ],
17 silly audit   pirates: [ '4.0.7' ],
17 silly audit   'pkg-dir': [ '4.2.0' ],
17 silly audit   playwright: [ '1.59.1' ],
17 silly audit   'playwright-core': [ '1.59.1' ],
17 silly audit   plist: [ '3.1.0' ],
17 silly audit   pngjs: [ '3.4.0' ],
17 silly audit   'possible-typed-array-names': [ '1.1.0' ],
17 silly audit   postcss: [ '8.4.49' ],
17 silly audit   'postcss-value-parser': [ '4.2.0' ],
17 silly audit   'prelude-ls': [ '1.2.1' ],
17 silly audit   'proc-log': [ '4.2.0' ],
17 silly audit   progress: [ '2.0.3' ],
17 silly audit   prompts: [ '2.4.2' ],
17 silly audit   'prop-types': [ '15.8.1' ],
17 silly audit   psl: [ '1.15.0' ],
17 silly audit   punycode: [ '2.3.1' ],
17 silly audit   'pure-rand': [ '6.1.0' ],
17 silly audit   'query-string': [ '7.1.3' ],
17 silly audit   querystringify: [ '2.2.0' ],
17 silly audit   queue: [ '6.0.2' ],
17 silly audit   'queue-microtask': [ '1.2.3' ],
17 silly audit   'range-parser': [ '1.2.1', '1.2.0' ],
17 silly audit   rc: [ '1.2.8' ],
17 silly audit   'strip-json-comments': [ '2.0.1', '3.1.1' ],
17 silly audit   react: [ '19.2.0' ],
17 silly audit   'react-devtools-core': [ '6.1.5' ],
17 silly audit   'react-dom': [ '19.2.0' ],
17 silly audit   'react-fast-compare': [ '3.2.2' ],
17 silly audit   'react-freeze': [ '1.0.4' ],
17 silly audit   'react-hook-form': [ '7.72.1' ],
17 silly audit   'react-native': [ '0.83.4' ],
17 silly audit   'react-native-body-highlighter': [ '3.2.0' ],
17 silly audit   'react-native-gesture-handler': [ '2.31.1' ],
17 silly audit   'react-native-is-edge-to-edge': [ '1.3.1' ],
17 silly audit   'react-native-reanimated': [ '4.3.0' ],
17 silly audit   'react-native-safe-area-context': [ '5.8.0' ],
17 silly audit   'react-native-screens': [ '4.24.0' ],
17 silly audit   'react-native-skia-android': [ '147.1.0' ],
17 silly audit   'react-native-skia-apple-ios': [ '147.1.0' ],
17 silly audit   'react-native-skia-apple-macos': [ '147.1.0' ],
17 silly audit   'react-native-skia-apple-tvos': [ '147.1.0' ],
17 silly audit   'react-native-svg': [ '15.15.5' ],
17 silly audit   'react-native-view-shot': [ '4.0.3' ],
17 silly audit   'react-native-web': [ '0.21.2' ],
17 silly audit   'react-native-worklets': [ '0.8.1' ],
17 silly audit   'react-reconciler': [ '0.31.0' ],
17 silly audit   scheduler: [ '0.25.0', '0.27.0' ],
17 silly audit   'react-refresh': [ '0.14.2' ],
17 silly audit   'react-remove-scroll': [ '2.7.2' ],
17 silly audit   'react-remove-scroll-bar': [ '2.3.8' ],
17 silly audit   'react-style-singleton': [ '2.2.3' ],
17 silly audit   'react-test-renderer': [ '19.2.0' ],
17 silly audit   redent: [ '3.0.0' ],
17 silly audit   'reflect.getprototypeof': [ '1.0.10' ],
17 silly audit   regenerate: [ '1.4.2' ],
17 silly audit   'regenerate-unicode-properties': [ '10.2.2' ],
17 silly audit   'regenerator-runtime': [ '0.13.11' ],
17 silly audit   'regexp.prototype.flags': [ '1.5.4' ],
17 silly audit   'regexpu-core': [ '6.4.0' ],
17 silly audit   'registry-auth-token': [ '3.3.2' ],
17 silly audit   'registry-url': [ '3.1.0' ],
17 silly audit   regjsgen: [ '0.8.0' ],
17 silly audit   regjsparser: [ '0.13.1' ],
17 silly audit   'require-directory': [ '2.1.1' ],
17 silly audit   'require-from-string': [ '2.0.2' ],
17 silly audit   'requires-port': [ '1.0.0' ],
17 silly audit   'resolve-cwd': [ '3.0.0' ],
17 silly audit   'resolve-pkg-maps': [ '1.0.0' ],
17 silly audit   'resolve-workspace-root': [ '2.0.1' ],
17 silly audit   'resolve.exports': [ '2.0.3' ],
17 silly audit   'signal-exit': [ '4.1.0', '3.0.7' ],
17 silly audit   reusify: [ '1.1.0' ],
17 silly audit   rfdc: [ '1.4.1' ],
17 silly audit   rimraf: [ '3.0.2' ],
17 silly audit   'rtl-detect': [ '1.1.2' ],
17 silly audit   'run-parallel': [ '1.2.0' ],
17 silly audit   rxjs: [ '7.8.2' ],
17 silly audit   'safe-array-concat': [ '1.1.3' ],
17 silly audit   'safe-buffer': [ '5.2.1' ],
17 silly audit   'safe-push-apply': [ '1.0.0' ],
17 silly audit   'safe-regex-test': [ '1.1.0' ],
17 silly audit   'safer-buffer': [ '2.1.2' ],
17 silly audit   sax: [ '1.6.0' ],
17 silly audit   saxes: [ '6.0.0' ],
17 silly audit   send: [ '0.19.2' ],
17 silly audit   'serialize-error': [ '2.1.0' ],
17 silly audit   serve: [ '14.2.6' ],
17 silly audit   'serve-handler': [ '6.1.7' ],
17 silly audit   'serve-static': [ '1.16.3' ],
17 silly audit   'server-only': [ '0.0.1' ],
17 silly audit   'set-function-length': [ '1.2.2' ],
17 silly audit   'set-function-name': [ '2.0.2' ],
17 silly audit   'set-proto': [ '1.0.0' ],
17 silly audit   setimmediate: [ '1.0.5' ],
17 silly audit   setprototypeof: [ '1.2.0' ],
17 silly audit   'sf-symbols-typescript': [ '2.2.0' ],
17 silly audit   shallowequal: [ '1.1.0' ],
17 silly audit   sharp: [ '0.34.5' ],
17 silly audit   'shebang-command': [ '2.0.0' ],
17 silly audit   'shebang-regex': [ '3.0.0' ],
17 silly audit   'shell-quote': [ '1.8.3' ],
17 silly audit   'side-channel': [ '1.1.0' ],
17 silly audit   'side-channel-list': [ '1.0.1' ],
17 silly audit   'side-channel-map': [ '1.0.1' ],
17 silly audit   'side-channel-weakmap': [ '1.0.2' ],
17 silly audit   'simple-plist': [ '1.3.1' ],
17 silly audit   'simple-swizzle': [ '0.2.4' ],
17 silly audit   sisteransi: [ '1.0.5' ],
17 silly audit   slugify: [ '1.6.9' ],
17 silly audit   'source-map-js': [ '1.2.1' ],
17 silly audit   'split-on-first': [ '1.1.0' ],
17 silly audit   'sprintf-js': [ '1.0.3' ],
17 silly audit   'stack-generator': [ '2.0.10' ],
17 silly audit   'stack-utils': [ '2.0.6' ],
17 silly audit   stackframe: [ '1.3.4' ],
17 silly audit   'stacktrace-gps': [ '3.1.2' ],
17 silly audit   'stacktrace-js': [ '2.0.2' ],
17 silly audit   'stacktrace-parser': [ '0.1.11' ],
17 silly audit   'stop-iteration-iterator': [ '1.1.0' ],
17 silly audit   'stream-buffers': [ '2.2.0' ],
17 silly audit   'strict-uri-encode': [ '2.0.0' ],
17 silly audit   'string-argv': [ '0.3.2' ],
17 silly audit   'string.prototype.matchall': [ '4.0.12' ],
17 silly audit   'string.prototype.repeat': [ '1.0.0' ],
17 silly audit   'string.prototype.trim': [ '1.2.10' ],
17 silly audit   'string.prototype.trimend': [ '1.0.9' ],
17 silly audit   'string.prototype.trimstart': [ '1.0.8' ],
17 silly audit   'strip-bom': [ '4.0.0' ],
17 silly audit   'strip-final-newline': [ '2.0.0' ],
17 silly audit   'strip-indent': [ '3.0.0' ],
17 silly audit   'structured-headers': [ '0.4.1' ],
17 silly audit   styleq: [ '0.1.3' ],
17 silly audit   'supports-hyperlinks': [ '2.3.0' ],
17 silly audit   'supports-preserve-symlinks-flag': [ '1.0.0' ],
17 silly audit   'symbol-tree': [ '3.2.4' ],
17 silly audit   'tagged-tag': [ '1.0.0' ],
17 silly audit   'terminal-link': [ '2.1.1' ],
17 silly audit   terser: [ '5.46.1' ],
17 silly audit   'test-exclude': [ '6.0.0' ],
17 silly audit   'text-segmentation': [ '1.0.3' ],
17 silly audit   'text-table': [ '0.2.0' ],
17 silly audit   throat: [ '5.0.0' ],
17 silly audit   tinyexec: [ '1.1.1' ],
17 silly audit   tinyglobby: [ '0.2.16' ],
17 silly audit   tmp: [ '0.2.5' ],
17 silly audit   tmpl: [ '1.0.5' ],
17 silly audit   'to-regex-range': [ '5.0.1' ],
17 silly audit   toidentifier: [ '1.0.1' ],
17 silly audit   toqr: [ '0.1.1' ],
17 silly audit   'tough-cookie': [ '4.1.4' ],
17 silly audit   'ts-api-utils': [ '2.5.0' ],
17 silly audit   'ts-jest': [ '29.4.9' ],
17 silly audit   tslib: [ '2.8.1' ],
17 silly audit   tsx: [ '4.21.0' ],
17 silly audit   'type-check': [ '0.4.0' ],
17 silly audit   'type-detect': [ '4.0.8' ],
17 silly audit   'typed-array-buffer': [ '1.0.3' ],
17 silly audit   'typed-array-byte-length': [ '1.0.3' ],
17 silly audit   'typed-array-byte-offset': [ '1.0.4' ],
17 silly audit   'typed-array-length': [ '1.0.7' ],
17 silly audit   typescript: [ '5.9.3' ],
17 silly audit   'uglify-js': [ '3.19.3' ],
17 silly audit   'unbox-primitive': [ '1.1.0' ],
17 silly audit   undici: [ '6.25.0' ],
17 silly audit   'undici-types': [ '7.19.2' ],
17 silly audit   'unicode-canonical-property-names-ecmascript': [ '2.0.1' ],
17 silly audit   'unicode-match-property-ecmascript': [ '2.0.0' ],
17 silly audit   'unicode-match-property-value-ecmascript': [ '2.2.1' ],
17 silly audit   'unicode-property-aliases-ecmascript': [ '2.2.0' ],
17 silly audit   unpipe: [ '1.0.0' ],
17 silly audit   'update-browserslist-db': [ '1.2.3' ],
17 silly audit   'update-check': [ '1.5.4' ],
17 silly audit   'uri-js': [ '4.4.1' ],
17 silly audit   'url-parse': [ '1.5.10' ],
17 silly audit   'use-callback-ref': [ '1.3.3' ],
17 silly audit   'use-latest-callback': [ '0.2.6' ],
17 silly audit   'use-sidecar': [ '1.1.3' ],
17 silly audit   'use-sync-external-store': [ '1.6.0' ],
17 silly audit   'utils-merge': [ '1.0.1' ],
17 silly audit   utrie: [ '1.0.2' ],
17 silly audit   uuid: [ '7.0.3' ],
17 silly audit   'v8-to-istanbul': [ '9.3.0' ],
17 silly audit   'validate-npm-package-name': [ '5.0.1' ],
17 silly audit   vary: [ '1.1.2' ],
17 silly audit   vaul: [ '1.1.2' ],
17 silly audit   'victory-native': [ '41.20.2' ],
17 silly audit   vlq: [ '1.0.1' ],
17 silly audit   'w3c-xmlserializer': [ '4.0.0' ],
17 silly audit   'wait-on': [ '9.0.5' ],
17 silly audit   walker: [ '1.0.8' ],
17 silly audit   'warn-once': [ '0.1.1' ],
17 silly audit   wcwidth: [ '1.0.1' ],
17 silly audit   'whatwg-encoding': [ '2.0.0' ],
17 silly audit   'whatwg-fetch': [ '3.6.20' ],
17 silly audit   'whatwg-mimetype': [ '3.0.0' ],
17 silly audit   'whatwg-url-minimum': [ '0.1.1' ],
17 silly audit   which: [ '2.0.2' ],
17 silly audit   'which-boxed-primitive': [ '1.1.1' ],
17 silly audit   'which-builtin-type': [ '1.2.1' ],
17 silly audit   'which-collection': [ '1.0.2' ],
17 silly audit   'which-typed-array': [ '1.1.20' ],
17 silly audit   'widest-line': [ '4.0.1' ],
17 silly audit   'word-wrap': [ '1.2.5' ],
17 silly audit   wordwrap: [ '1.0.0' ],
17 silly audit   wrappy: [ '1.0.2' ],
17 silly audit   'write-file-atomic': [ '4.0.2' ],
17 silly audit   xcode: [ '3.0.1' ],
17 silly audit   'xml-name-validator': [ '4.0.0' ],
17 silly audit   xml2js: [ '0.6.0' ],
17 silly audit   xmlbuilder: [ '11.0.1', '15.1.1' ],
17 silly audit   xmlchars: [ '2.2.0' ],
17 silly audit   y18n: [ '5.0.8' ],
17 silly audit   yallist: [ '3.1.1' ],
17 silly audit   yaml: [ '2.8.3' ],
17 silly audit   yargs: [ '17.7.2' ],
17 silly audit   'yargs-parser': [ '21.1.1' ],
17 silly audit   'yocto-queue': [ '0.1.0' ],
17 silly audit   'zod-validation-error': [ '4.0.2' ],
17 silly audit   'zxing-wasm': [ '3.0.2' ]
17 silly audit }
18 http cache zxing-wasm@https://registry.npmjs.org/zxing-wasm/-/zxing-wasm-3.0.2.tgz 0ms (cache hit)
19 http cache yargs@https://registry.npmjs.org/yargs/-/yargs-17.7.2.tgz 0ms (cache hit)
20 http cache zod@https://registry.npmjs.org/zod/-/zod-4.4.3.tgz 0ms (cache hit)
21 http cache yallist@https://registry.npmjs.org/yallist/-/yallist-3.1.1.tgz 0ms (cache hit)
22 http cache yargs-parser@https://registry.npmjs.org/yargs-parser/-/yargs-parser-21.1.1.tgz 0ms (cache hit)
23 http cache xmlchars@https://registry.npmjs.org/xmlchars/-/xmlchars-2.2.0.tgz 0ms (cache hit)
24 http cache y18n@https://registry.npmjs.org/y18n/-/y18n-5.0.8.tgz 0ms (cache hit)
25 http cache xmlbuilder@https://registry.npmjs.org/xmlbuilder/-/xmlbuilder-15.1.1.tgz 0ms (cache hit)
26 http cache xml2js@https://registry.npmjs.org/xml2js/-/xml2js-0.6.0.tgz 0ms (cache hit)
27 http cache wrap-ansi@https://registry.npmjs.org/wrap-ansi/-/wrap-ansi-7.0.0.tgz 0ms (cache hit)
28 http cache xcode@https://registry.npmjs.org/xcode/-/xcode-3.0.1.tgz 0ms (cache hit)
29 http cache write-file-atomic@https://registry.npmjs.org/write-file-atomic/-/write-file-atomic-4.0.2.tgz 0ms (cache hit)
30 http cache ws@https://registry.npmjs.org/ws/-/ws-8.20.0.tgz 0ms (cache hit)
31 http cache widest-line@https://registry.npmjs.org/widest-line/-/widest-line-4.0.1.tgz 0ms (cache hit)
32 http cache wrappy@https://registry.npmjs.org/wrappy/-/wrappy-1.0.2.tgz 0ms (cache hit)
33 http cache xml-name-validator@https://registry.npmjs.org/xml-name-validator/-/xml-name-validator-4.0.0.tgz 0ms (cache hit)
34 http cache wordwrap@https://registry.npmjs.org/wordwrap/-/wordwrap-1.0.0.tgz 0ms (cache hit)
35 http cache word-wrap@https://registry.npmjs.org/word-wrap/-/word-wrap-1.2.5.tgz 0ms (cache hit)
36 http cache which-collection@https://registry.npmjs.org/which-collection/-/which-collection-1.0.2.tgz 0ms (cache hit)
37 http cache which-typed-array@https://registry.npmjs.org/which-typed-array/-/which-typed-array-1.1.20.tgz 0ms (cache hit)
38 http cache which-boxed-primitive@https://registry.npmjs.org/which-boxed-primitive/-/which-boxed-primitive-1.1.1.tgz 0ms (cache hit)
39 http cache which-builtin-type@https://registry.npmjs.org/which-builtin-type/-/which-builtin-type-1.2.1.tgz 0ms (cache hit)
40 http cache which@https://registry.npmjs.org/which/-/which-2.0.2.tgz 0ms (cache hit)
41 http cache whatwg-url-minimum@https://registry.npmjs.org/whatwg-url-minimum/-/whatwg-url-minimum-0.1.1.tgz 0ms (cache hit)
42 http cache whatwg-mimetype@https://registry.npmjs.org/whatwg-mimetype/-/whatwg-mimetype-3.0.0.tgz 0ms (cache hit)
43 http cache whatwg-url@https://registry.npmjs.org/whatwg-url/-/whatwg-url-11.0.0.tgz 0ms (cache hit)
44 http cache whatwg-fetch@https://registry.npmjs.org/whatwg-fetch/-/whatwg-fetch-3.6.20.tgz 0ms (cache hit)
45 http cache whatwg-encoding@https://registry.npmjs.org/whatwg-encoding/-/whatwg-encoding-2.0.0.tgz 0ms (cache hit)
46 http cache webidl-conversions@https://registry.npmjs.org/webidl-conversions/-/webidl-conversions-7.0.0.tgz 0ms (cache hit)
47 http cache wcwidth@https://registry.npmjs.org/wcwidth/-/wcwidth-1.0.1.tgz 0ms (cache hit)
48 http cache zod-validation-error@https://registry.npmjs.org/zod-validation-error/-/zod-validation-error-4.0.2.tgz 0ms (cache hit)
49 http cache walker@https://registry.npmjs.org/walker/-/walker-1.0.8.tgz 0ms (cache hit)
50 http cache wait-on@https://registry.npmjs.org/wait-on/-/wait-on-9.0.5.tgz 0ms (cache hit)
51 http cache vlq@https://registry.npmjs.org/vlq/-/vlq-1.0.1.tgz 0ms (cache hit)
52 http cache w3c-xmlserializer@https://registry.npmjs.org/w3c-xmlserializer/-/w3c-xmlserializer-4.0.0.tgz 0ms (cache hit)
53 http cache victory-native@https://registry.npmjs.org/victory-native/-/victory-native-41.20.2.tgz 0ms (cache hit)
54 http cache vaul@https://registry.npmjs.org/vaul/-/vaul-1.1.2.tgz 0ms (cache hit)
55 http cache vary@https://registry.npmjs.org/vary/-/vary-1.1.2.tgz 0ms (cache hit)
56 http cache validate-npm-package-name@https://registry.npmjs.org/validate-npm-package-name/-/validate-npm-package-name-5.0.1.tgz 0ms (cache hit)
57 http cache v8-to-istanbul@https://registry.npmjs.org/v8-to-istanbul/-/v8-to-istanbul-9.3.0.tgz 0ms (cache hit)
58 http cache uuid@https://registry.npmjs.org/uuid/-/uuid-7.0.3.tgz 0ms (cache hit)
59 http cache use-sync-external-store@https://registry.npmjs.org/use-sync-external-store/-/use-sync-external-store-1.6.0.tgz 0ms (cache hit)
60 http cache utrie@https://registry.npmjs.org/utrie/-/utrie-1.0.2.tgz 0ms (cache hit)
61 http cache utils-merge@https://registry.npmjs.org/utils-merge/-/utils-merge-1.0.1.tgz 0ms (cache hit)
62 http cache use-sidecar@https://registry.npmjs.org/use-sidecar/-/use-sidecar-1.1.3.tgz 0ms (cache hit)
63 http cache yocto-queue@https://registry.npmjs.org/yocto-queue/-/yocto-queue-0.1.0.tgz 0ms (cache hit)
64 http cache use-latest-callback@https://registry.npmjs.org/use-latest-callback/-/use-latest-callback-0.2.6.tgz 0ms (cache hit)
65 http cache url-parse@https://registry.npmjs.org/url-parse/-/url-parse-1.5.10.tgz 0ms (cache hit)
66 http cache uri-js@https://registry.npmjs.org/uri-js/-/uri-js-4.4.1.tgz 0ms (cache hit)
67 http cache update-check@https://registry.npmjs.org/update-check/-/update-check-1.5.4.tgz 0ms (cache hit)
68 http cache update-browserslist-db@https://registry.npmjs.org/update-browserslist-db/-/update-browserslist-db-1.2.3.tgz 0ms (cache hit)
69 http cache unpipe@https://registry.npmjs.org/unpipe/-/unpipe-1.0.0.tgz 0ms (cache hit)
70 http cache universalify@https://registry.npmjs.org/universalify/-/universalify-0.2.0.tgz 0ms (cache hit)
71 http cache unicode-match-property-value-ecmascript@https://registry.npmjs.org/unicode-match-property-value-ecmascript/-/unicode-match-property-value-ecmascript-2.2.1.tgz 0ms (cache hit)
72 http cache unicode-property-aliases-ecmascript@https://registry.npmjs.org/unicode-property-aliases-ecmascript/-/unicode-property-aliases-ecmascript-2.2.0.tgz 0ms (cache hit)
73 http cache unicode-match-property-ecmascript@https://registry.npmjs.org/unicode-match-property-ecmascript/-/unicode-match-property-ecmascript-2.0.0.tgz 0ms (cache hit)
74 http cache unicode-canonical-property-names-ecmascript@https://registry.npmjs.org/unicode-canonical-property-names-ecmascript/-/unicode-canonical-property-names-ecmascript-2.0.1.tgz 0ms (cache hit)
75 http cache undici@https://registry.npmjs.org/undici/-/undici-6.25.0.tgz 0ms (cache hit)
76 http cache undici-types@https://registry.npmjs.org/undici-types/-/undici-types-7.19.2.tgz 0ms (cache hit)
77 http cache unbox-primitive@https://registry.npmjs.org/unbox-primitive/-/unbox-primitive-1.1.0.tgz 0ms (cache hit)
78 http cache uglify-js@https://registry.npmjs.org/uglify-js/-/uglify-js-3.19.3.tgz 0ms (cache hit)
79 http cache ua-parser-js@https://registry.npmjs.org/ua-parser-js/-/ua-parser-js-1.0.41.tgz 1ms (cache hit)
80 http cache typescript@https://registry.npmjs.org/typescript/-/typescript-5.9.3.tgz 0ms (cache hit)
81 http cache typed-array-length@https://registry.npmjs.org/typed-array-length/-/typed-array-length-1.0.7.tgz 0ms (cache hit)
82 http cache typed-array-byte-offset@https://registry.npmjs.org/typed-array-byte-offset/-/typed-array-byte-offset-1.0.4.tgz 0ms (cache hit)
83 http cache typed-array-buffer@https://registry.npmjs.org/typed-array-buffer/-/typed-array-buffer-1.0.3.tgz 0ms (cache hit)
84 http cache typed-array-byte-length@https://registry.npmjs.org/typed-array-byte-length/-/typed-array-byte-length-1.0.3.tgz 0ms (cache hit)
85 http cache type-fest@https://registry.npmjs.org/type-fest/-/type-fest-0.20.2.tgz 0ms (cache hit)
86 http cache type-detect@https://registry.npmjs.org/type-detect/-/type-detect-4.0.8.tgz 0ms (cache hit)
87 http cache type-check@https://registry.npmjs.org/type-check/-/type-check-0.4.0.tgz 0ms (cache hit)
88 http cache tsx@https://registry.npmjs.org/tsx/-/tsx-4.21.0.tgz 0ms (cache hit)
89 http cache tslib@https://registry.npmjs.org/tslib/-/tslib-2.8.1.tgz 0ms (cache hit)
90 http cache ts-jest@https://registry.npmjs.org/ts-jest/-/ts-jest-29.4.9.tgz 0ms (cache hit)
91 http cache ts-api-utils@https://registry.npmjs.org/ts-api-utils/-/ts-api-utils-2.5.0.tgz 0ms (cache hit)
92 http cache toqr@https://registry.npmjs.org/toqr/-/toqr-0.1.1.tgz 0ms (cache hit)
93 http cache toidentifier@https://registry.npmjs.org/toidentifier/-/toidentifier-1.0.1.tgz 0ms (cache hit)
94 http cache tr46@https://registry.npmjs.org/tr46/-/tr46-3.0.0.tgz 0ms (cache hit)
95 http cache tough-cookie@https://registry.npmjs.org/tough-cookie/-/tough-cookie-4.1.4.tgz 0ms (cache hit)
96 http cache to-regex-range@https://registry.npmjs.org/to-regex-range/-/to-regex-range-5.0.1.tgz 0ms (cache hit)
97 http cache tmpl@https://registry.npmjs.org/tmpl/-/tmpl-1.0.5.tgz 0ms (cache hit)
98 http cache tmp@https://registry.npmjs.org/tmp/-/tmp-0.2.5.tgz 0ms (cache hit)
99 http cache test-exclude@https://registry.npmjs.org/test-exclude/-/test-exclude-6.0.0.tgz 0ms (cache hit)
100 http cache tinyglobby@https://registry.npmjs.org/tinyglobby/-/tinyglobby-0.2.16.tgz 0ms (cache hit)
101 http cache tinyexec@https://registry.npmjs.org/tinyexec/-/tinyexec-1.1.1.tgz 0ms (cache hit)
102 http cache text-table@https://registry.npmjs.org/text-table/-/text-table-0.2.0.tgz 0ms (cache hit)
103 http cache yaml@https://registry.npmjs.org/yaml/-/yaml-2.8.3.tgz 0ms (cache hit)
104 http cache terser@https://registry.npmjs.org/terser/-/terser-5.46.1.tgz 0ms (cache hit)
105 http cache throat@https://registry.npmjs.org/throat/-/throat-5.0.0.tgz 0ms (cache hit)
106 http cache terminal-link@https://registry.npmjs.org/terminal-link/-/terminal-link-2.1.1.tgz 0ms (cache hit)
107 http cache warn-once@https://registry.npmjs.org/warn-once/-/warn-once-0.1.1.tgz 0ms (cache hit)
108 http cache symbol-tree@https://registry.npmjs.org/symbol-tree/-/symbol-tree-3.2.4.tgz 0ms (cache hit)
109 http cache supports-preserve-symlinks-flag@https://registry.npmjs.org/supports-preserve-symlinks-flag/-/supports-preserve-symlinks-flag-1.0.0.tgz 0ms (cache hit)
110 http cache supports-hyperlinks@https://registry.npmjs.org/supports-hyperlinks/-/supports-hyperlinks-2.3.0.tgz 0ms (cache hit)
111 http cache supports-color@https://registry.npmjs.org/supports-color/-/supports-color-7.2.0.tgz 0ms (cache hit)
112 http cache styleq@https://registry.npmjs.org/styleq/-/styleq-0.1.3.tgz 0ms (cache hit)
113 http cache structured-headers@https://registry.npmjs.org/structured-headers/-/structured-headers-0.4.1.tgz 0ms (cache hit)
114 http cache strip-json-comments@https://registry.npmjs.org/strip-json-comments/-/strip-json-comments-3.1.1.tgz 0ms (cache hit)
115 http cache strip-indent@https://registry.npmjs.org/strip-indent/-/strip-indent-3.0.0.tgz 0ms (cache hit)
116 http cache strip-bom@https://registry.npmjs.org/strip-bom/-/strip-bom-4.0.0.tgz 0ms (cache hit)
117 http cache strip-ansi@https://registry.npmjs.org/strip-ansi/-/strip-ansi-6.0.1.tgz 0ms (cache hit)
118 http cache strip-final-newline@https://registry.npmjs.org/strip-final-newline/-/strip-final-newline-2.0.0.tgz 0ms (cache hit)
119 http cache string.prototype.trimstart@https://registry.npmjs.org/string.prototype.trimstart/-/string.prototype.trimstart-1.0.8.tgz 0ms (cache hit)
120 http cache string.prototype.trimend@https://registry.npmjs.org/string.prototype.trimend/-/string.prototype.trimend-1.0.9.tgz 0ms (cache hit)
121 http cache string-width@https://registry.npmjs.org/string-width/-/string-width-8.2.0.tgz 0ms (cache hit)
122 http cache string.prototype.trim@https://registry.npmjs.org/string.prototype.trim/-/string.prototype.trim-1.2.10.tgz 0ms (cache hit)
123 http cache string.prototype.repeat@https://registry.npmjs.org/string.prototype.repeat/-/string.prototype.repeat-1.0.0.tgz 0ms (cache hit)
124 http cache string.prototype.matchall@https://registry.npmjs.org/string.prototype.matchall/-/string.prototype.matchall-4.0.12.tgz 0ms (cache hit)
125 http cache string-length@https://registry.npmjs.org/string-length/-/string-length-4.0.2.tgz 0ms (cache hit)
126 http cache string-argv@https://registry.npmjs.org/string-argv/-/string-argv-0.3.2.tgz 0ms (cache hit)
127 http cache strict-uri-encode@https://registry.npmjs.org/strict-uri-encode/-/strict-uri-encode-2.0.0.tgz 0ms (cache hit)
128 http cache stream-buffers@https://registry.npmjs.org/stream-buffers/-/stream-buffers-2.2.0.tgz 0ms (cache hit)
129 http cache stop-iteration-iterator@https://registry.npmjs.org/stop-iteration-iterator/-/stop-iteration-iterator-1.1.0.tgz 0ms (cache hit)
130 http cache statuses@https://registry.npmjs.org/statuses/-/statuses-1.5.0.tgz 0ms (cache hit)
131 http cache use-callback-ref@https://registry.npmjs.org/use-callback-ref/-/use-callback-ref-1.3.3.tgz 0ms (cache hit)
132 http cache stacktrace-js@https://registry.npmjs.org/stacktrace-js/-/stacktrace-js-2.0.2.tgz 0ms (cache hit)
133 http cache stacktrace-gps@https://registry.npmjs.org/stacktrace-gps/-/stacktrace-gps-3.1.2.tgz 0ms (cache hit)
134 http cache stackframe@https://registry.npmjs.org/stackframe/-/stackframe-1.3.4.tgz 0ms (cache hit)
135 http cache stack-utils@https://registry.npmjs.org/stack-utils/-/stack-utils-2.0.6.tgz 0ms (cache hit)
136 http cache stack-generator@https://registry.npmjs.org/stack-generator/-/stack-generator-2.0.10.tgz 0ms (cache hit)
137 http cache sprintf-js@https://registry.npmjs.org/sprintf-js/-/sprintf-js-1.0.3.tgz 0ms (cache hit)
138 http cache split-on-first@https://registry.npmjs.org/split-on-first/-/split-on-first-1.1.0.tgz 0ms (cache hit)
139 http cache source-map-js@https://registry.npmjs.org/source-map-js/-/source-map-js-1.2.1.tgz 0ms (cache hit)
140 http cache source-map-support@https://registry.npmjs.org/source-map-support/-/source-map-support-0.5.21.tgz 0ms (cache hit)
141 http cache source-map@https://registry.npmjs.org/source-map/-/source-map-0.6.1.tgz 0ms (cache hit)
142 http cache slugify@https://registry.npmjs.org/slugify/-/slugify-1.6.9.tgz 0ms (cache hit)
143 http cache slice-ansi@https://registry.npmjs.org/slice-ansi/-/slice-ansi-8.0.0.tgz 0ms (cache hit)
144 http cache sisteransi@https://registry.npmjs.org/sisteransi/-/sisteransi-1.0.5.tgz 0ms (cache hit)
145 http cache slash@https://registry.npmjs.org/slash/-/slash-3.0.0.tgz 0ms (cache hit)
146 http cache simple-swizzle@https://registry.npmjs.org/simple-swizzle/-/simple-swizzle-0.2.4.tgz 0ms (cache hit)
147 http cache simple-plist@https://registry.npmjs.org/simple-plist/-/simple-plist-1.3.1.tgz 0ms (cache hit)
148 http cache signal-exit@https://registry.npmjs.org/signal-exit/-/signal-exit-3.0.7.tgz 0ms (cache hit)
149 http cache side-channel-weakmap@https://registry.npmjs.org/side-channel-weakmap/-/side-channel-weakmap-1.0.2.tgz 0ms (cache hit)
150 http cache side-channel-map@https://registry.npmjs.org/side-channel-map/-/side-channel-map-1.0.1.tgz 0ms (cache hit)
151 http cache side-channel-list@https://registry.npmjs.org/side-channel-list/-/side-channel-list-1.0.1.tgz 0ms (cache hit)
152 http cache side-channel@https://registry.npmjs.org/side-channel/-/side-channel-1.1.0.tgz 0ms (cache hit)
153 http cache shell-quote@https://registry.npmjs.org/shell-quote/-/shell-quote-1.8.3.tgz 0ms (cache hit)
154 http cache shebang-command@https://registry.npmjs.org/shebang-command/-/shebang-command-2.0.0.tgz 0ms (cache hit)
155 http cache sharp@https://registry.npmjs.org/sharp/-/sharp-0.34.5.tgz 0ms (cache hit)
156 http cache shebang-regex@https://registry.npmjs.org/shebang-regex/-/shebang-regex-3.0.0.tgz 0ms (cache hit)
157 http cache shallowequal@https://registry.npmjs.org/shallowequal/-/shallowequal-1.1.0.tgz 0ms (cache hit)
158 http cache set-proto@https://registry.npmjs.org/set-proto/-/set-proto-1.0.0.tgz 0ms (cache hit)
159 http cache setprototypeof@https://registry.npmjs.org/setprototypeof/-/setprototypeof-1.2.0.tgz 0ms (cache hit)
160 http cache sf-symbols-typescript@https://registry.npmjs.org/sf-symbols-typescript/-/sf-symbols-typescript-2.2.0.tgz 0ms (cache hit)
161 http cache setimmediate@https://registry.npmjs.org/setimmediate/-/setimmediate-1.0.5.tgz 0ms (cache hit)
162 http cache set-function-name@https://registry.npmjs.org/set-function-name/-/set-function-name-2.0.2.tgz 0ms (cache hit)
163 http cache set-function-length@https://registry.npmjs.org/set-function-length/-/set-function-length-1.2.2.tgz 0ms (cache hit)
164 http cache serve-handler@https://registry.npmjs.org/serve-handler/-/serve-handler-6.1.7.tgz 0ms (cache hit)
165 http cache serve@https://registry.npmjs.org/serve/-/serve-14.2.6.tgz 0ms (cache hit)
166 http cache send@https://registry.npmjs.org/send/-/send-0.19.2.tgz 0ms (cache hit)
167 http cache serve-static@https://registry.npmjs.org/serve-static/-/serve-static-1.16.3.tgz 0ms (cache hit)
168 http cache server-only@https://registry.npmjs.org/server-only/-/server-only-0.0.1.tgz 0ms (cache hit)
169 http cache serialize-error@https://registry.npmjs.org/serialize-error/-/serialize-error-2.1.0.tgz 0ms (cache hit)
170 http cache semver@https://registry.npmjs.org/semver/-/semver-7.7.4.tgz 0ms (cache hit)
171 http cache scheduler@https://registry.npmjs.org/scheduler/-/scheduler-0.27.0.tgz 0ms (cache hit)
172 http cache saxes@https://registry.npmjs.org/saxes/-/saxes-6.0.0.tgz 0ms (cache hit)
173 http cache safe-regex-test@https://registry.npmjs.org/safe-regex-test/-/safe-regex-test-1.1.0.tgz 0ms (cache hit)
174 http cache sax@https://registry.npmjs.org/sax/-/sax-1.6.0.tgz 0ms (cache hit)
175 http cache safer-buffer@https://registry.npmjs.org/safer-buffer/-/safer-buffer-2.1.2.tgz 0ms (cache hit)
176 http cache safe-push-apply@https://registry.npmjs.org/safe-push-apply/-/safe-push-apply-1.0.0.tgz 0ms (cache hit)
177 http cache safe-buffer@https://registry.npmjs.org/safe-buffer/-/safe-buffer-5.2.1.tgz 0ms (cache hit)
178 http cache rxjs@https://registry.npmjs.org/rxjs/-/rxjs-7.8.2.tgz 0ms (cache hit)
179 http cache safe-array-concat@https://registry.npmjs.org/safe-array-concat/-/safe-array-concat-1.1.3.tgz 0ms (cache hit)
180 http cache rimraf@https://registry.npmjs.org/rimraf/-/rimraf-3.0.2.tgz 0ms (cache hit)
181 http cache restore-cursor@https://registry.npmjs.org/restore-cursor/-/restore-cursor-5.1.0.tgz 0ms (cache hit)
182 http cache run-parallel@https://registry.npmjs.org/run-parallel/-/run-parallel-1.2.0.tgz 0ms (cache hit)
183 http cache rtl-detect@https://registry.npmjs.org/rtl-detect/-/rtl-detect-1.1.2.tgz 0ms (cache hit)
184 http cache rfdc@https://registry.npmjs.org/rfdc/-/rfdc-1.4.1.tgz 0ms (cache hit)
185 http cache reusify@https://registry.npmjs.org/reusify/-/reusify-1.1.0.tgz 0ms (cache hit)
186 http cache resolve.exports@https://registry.npmjs.org/resolve.exports/-/resolve.exports-2.0.3.tgz 0ms (cache hit)
187 http cache resolve-pkg-maps@https://registry.npmjs.org/resolve-pkg-maps/-/resolve-pkg-maps-1.0.0.tgz 0ms (cache hit)
188 http cache resolve-from@https://registry.npmjs.org/resolve-from/-/resolve-from-5.0.0.tgz 0ms (cache hit)
189 http cache resolve-workspace-root@https://registry.npmjs.org/resolve-workspace-root/-/resolve-workspace-root-2.0.1.tgz 0ms (cache hit)
190 http cache resolve-cwd@https://registry.npmjs.org/resolve-cwd/-/resolve-cwd-3.0.0.tgz 0ms (cache hit)
191 http cache requires-port@https://registry.npmjs.org/requires-port/-/requires-port-1.0.0.tgz 0ms (cache hit)
192 http cache resolve@https://registry.npmjs.org/resolve/-/resolve-2.0.0-next.6.tgz 0ms (cache hit)
193 http cache require-from-string@https://registry.npmjs.org/require-from-string/-/require-from-string-2.0.2.tgz 0ms (cache hit)
194 http cache require-directory@https://registry.npmjs.org/require-directory/-/require-directory-2.1.1.tgz 0ms (cache hit)
195 http cache text-segmentation@https://registry.npmjs.org/text-segmentation/-/text-segmentation-1.0.3.tgz 0ms (cache hit)
196 http cache regjsparser@https://registry.npmjs.org/regjsparser/-/regjsparser-0.13.1.tgz 0ms (cache hit)
197 http cache registry-auth-token@https://registry.npmjs.org/registry-auth-token/-/registry-auth-token-3.3.2.tgz 0ms (cache hit)
198 http cache tagged-tag@https://registry.npmjs.org/tagged-tag/-/tagged-tag-1.0.0.tgz 0ms (cache hit)
199 http cache regexpu-core@https://registry.npmjs.org/regexpu-core/-/regexpu-core-6.4.0.tgz 0ms (cache hit)
200 http cache regexp.prototype.flags@https://registry.npmjs.org/regexp.prototype.flags/-/regexp.prototype.flags-1.5.4.tgz 0ms (cache hit)
201 http cache regenerator-runtime@https://registry.npmjs.org/regenerator-runtime/-/regenerator-runtime-0.13.11.tgz 0ms (cache hit)
202 http cache regenerate-unicode-properties@https://registry.npmjs.org/regenerate-unicode-properties/-/regenerate-unicode-properties-10.2.2.tgz 0ms (cache hit)
203 http cache reflect.getprototypeof@https://registry.npmjs.org/reflect.getprototypeof/-/reflect.getprototypeof-1.0.10.tgz 0ms (cache hit)
204 http cache redent@https://registry.npmjs.org/redent/-/redent-3.0.0.tgz 0ms (cache hit)
205 http cache react-test-renderer@https://registry.npmjs.org/react-test-renderer/-/react-test-renderer-19.2.0.tgz 0ms (cache hit)
206 http cache react-style-singleton@https://registry.npmjs.org/react-style-singleton/-/react-style-singleton-2.2.3.tgz 0ms (cache hit)
207 http cache react-remove-scroll-bar@https://registry.npmjs.org/react-remove-scroll-bar/-/react-remove-scroll-bar-2.3.8.tgz 0ms (cache hit)
208 http cache react-remove-scroll@https://registry.npmjs.org/react-remove-scroll/-/react-remove-scroll-2.7.2.tgz 0ms (cache hit)
209 http cache react-native-web@https://registry.npmjs.org/react-native-web/-/react-native-web-0.21.2.tgz 0ms (cache hit)
210 http cache react-refresh@https://registry.npmjs.org/react-refresh/-/react-refresh-0.14.2.tgz 0ms (cache hit)
211 http cache stacktrace-parser@https://registry.npmjs.org/stacktrace-parser/-/stacktrace-parser-0.1.11.tgz 0ms (cache hit)
212 http cache react-native-worklets@https://registry.npmjs.org/react-native-worklets/-/react-native-worklets-0.8.1.tgz 0ms (cache hit)
213 http cache react-native-svg@https://registry.npmjs.org/react-native-svg/-/react-native-svg-15.15.5.tgz 0ms (cache hit)
214 http cache react-native-view-shot@https://registry.npmjs.org/react-native-view-shot/-/react-native-view-shot-4.0.3.tgz 0ms (cache hit)
215 http cache react-native-skia-apple-tvos@https://registry.npmjs.org/react-native-skia-apple-tvos/-/react-native-skia-apple-tvos-147.1.0.tgz 0ms (cache hit)
216 http cache react-native-skia-apple-macos@https://registry.npmjs.org/react-native-skia-apple-macos/-/react-native-skia-apple-macos-147.1.0.tgz 0ms (cache hit)
217 http cache react-native-skia-apple-ios@https://registry.npmjs.org/react-native-skia-apple-ios/-/react-native-skia-apple-ios-147.1.0.tgz 0ms (cache hit)
218 http cache react-native-skia-android@https://registry.npmjs.org/react-native-skia-android/-/react-native-skia-android-147.1.0.tgz 0ms (cache hit)
219 http cache react-native-screens@https://registry.npmjs.org/react-native-screens/-/react-native-screens-4.24.0.tgz 0ms (cache hit)
220 http cache react-native-safe-area-context@https://registry.npmjs.org/react-native-safe-area-context/-/react-native-safe-area-context-5.8.0.tgz 0ms (cache hit)
221 http cache react-native-is-edge-to-edge@https://registry.npmjs.org/react-native-is-edge-to-edge/-/react-native-is-edge-to-edge-1.3.1.tgz 0ms (cache hit)
222 http cache react-native-reanimated@https://registry.npmjs.org/react-native-reanimated/-/react-native-reanimated-4.3.0.tgz 0ms (cache hit)
223 http cache react-native@https://registry.npmjs.org/react-native/-/react-native-0.83.4.tgz 0ms (cache hit)
224 http cache react-native-gesture-handler@https://registry.npmjs.org/react-native-gesture-handler/-/react-native-gesture-handler-2.31.1.tgz 0ms (cache hit)
225 http cache react-native-body-highlighter@https://registry.npmjs.org/react-native-body-highlighter/-/react-native-body-highlighter-3.2.0.tgz 0ms (cache hit)
226 http cache react-is@https://registry.npmjs.org/react-is/-/react-is-19.2.5.tgz 0ms (cache hit)
227 http cache regjsgen@https://registry.npmjs.org/regjsgen/-/regjsgen-0.8.0.tgz 0ms (cache hit)
228 http cache react-fast-compare@https://registry.npmjs.org/react-fast-compare/-/react-fast-compare-3.2.2.tgz 0ms (cache hit)
229 http cache react-freeze@https://registry.npmjs.org/react-freeze/-/react-freeze-1.0.4.tgz 0ms (cache hit)
230 http cache react@https://registry.npmjs.org/react/-/react-19.2.0.tgz 0ms (cache hit)
231 http cache react-dom@https://registry.npmjs.org/react-dom/-/react-dom-19.2.0.tgz 0ms (cache hit)
232 http cache react-devtools-core@https://registry.npmjs.org/react-devtools-core/-/react-devtools-core-6.1.5.tgz 0ms (cache hit)
233 http cache rc@https://registry.npmjs.org/rc/-/rc-1.2.8.tgz 0ms (cache hit)
234 http cache range-parser@https://registry.npmjs.org/range-parser/-/range-parser-1.2.1.tgz 0ms (cache hit)
235 http cache queue-microtask@https://registry.npmjs.org/queue-microtask/-/queue-microtask-1.2.3.tgz 0ms (cache hit)
236 http cache queue@https://registry.npmjs.org/queue/-/queue-6.0.2.tgz 0ms (cache hit)
237 http cache registry-url@https://registry.npmjs.org/registry-url/-/registry-url-3.1.0.tgz 0ms (cache hit)
238 http cache query-string@https://registry.npmjs.org/query-string/-/query-string-7.1.3.tgz 0ms (cache hit)
239 http cache pure-rand@https://registry.npmjs.org/pure-rand/-/pure-rand-6.1.0.tgz 0ms (cache hit)
240 http cache punycode@https://registry.npmjs.org/punycode/-/punycode-2.3.1.tgz 0ms (cache hit)
241 http cache psl@https://registry.npmjs.org/psl/-/psl-1.15.0.tgz 0ms (cache hit)
242 http cache proxy-from-env@https://registry.npmjs.org/proxy-from-env/-/proxy-from-env-2.1.0.tgz 0ms (cache hit)
243 http cache prop-types@https://registry.npmjs.org/prop-types/-/prop-types-15.8.1.tgz 0ms (cache hit)
244 http cache pretty-format@https://registry.npmjs.org/pretty-format/-/pretty-format-29.7.0.tgz 0ms (cache hit)
245 http cache promise@https://registry.npmjs.org/promise/-/promise-8.3.0.tgz 0ms (cache hit)
246 http cache progress@https://registry.npmjs.org/progress/-/progress-2.0.3.tgz 0ms (cache hit)
247 http cache proc-log@https://registry.npmjs.org/proc-log/-/proc-log-4.2.0.tgz 0ms (cache hit)
248 http cache prelude-ls@https://registry.npmjs.org/prelude-ls/-/prelude-ls-1.2.1.tgz 0ms (cache hit)
249 http cache postcss-value-parser@https://registry.npmjs.org/postcss-value-parser/-/postcss-value-parser-4.2.0.tgz 0ms (cache hit)
250 http cache possible-typed-array-names@https://registry.npmjs.org/possible-typed-array-names/-/possible-typed-array-names-1.1.0.tgz 0ms (cache hit)
251 http cache postcss@https://registry.npmjs.org/postcss/-/postcss-8.4.49.tgz 0ms (cache hit)
252 http cache pngjs@https://registry.npmjs.org/pngjs/-/pngjs-3.4.0.tgz 0ms (cache hit)
253 http cache pkg-dir@https://registry.npmjs.org/pkg-dir/-/pkg-dir-4.2.0.tgz 0ms (cache hit)
254 http cache plist@https://registry.npmjs.org/plist/-/plist-3.1.0.tgz 0ms (cache hit)
255 http cache playwright-core@https://registry.npmjs.org/playwright-core/-/playwright-core-1.59.1.tgz 0ms (cache hit)
256 http cache playwright@https://registry.npmjs.org/playwright/-/playwright-1.59.1.tgz 0ms (cache hit)
257 http cache pirates@https://registry.npmjs.org/pirates/-/pirates-4.0.7.tgz 0ms (cache hit)
258 http cache picomatch@https://registry.npmjs.org/picomatch/-/picomatch-4.0.4.tgz 0ms (cache hit)
259 http cache picocolors@https://registry.npmjs.org/picocolors/-/picocolors-1.1.1.tgz 0ms (cache hit)
260 http cache path-to-regexp@https://registry.npmjs.org/path-to-regexp/-/path-to-regexp-3.3.0.tgz 0ms (cache hit)
261 http cache react-reconciler@https://registry.npmjs.org/react-reconciler/-/react-reconciler-0.31.0.tgz 0ms (cache hit)
262 http cache path-parse@https://registry.npmjs.org/path-parse/-/path-parse-1.0.7.tgz 0ms (cache hit)
263 http cache regenerate@https://registry.npmjs.org/regenerate/-/regenerate-1.4.2.tgz 0ms (cache hit)
264 http cache path-is-inside@https://registry.npmjs.org/path-is-inside/-/path-is-inside-1.0.2.tgz 0ms (cache hit)
265 http cache path-is-absolute@https://registry.npmjs.org/path-is-absolute/-/path-is-absolute-1.0.1.tgz 0ms (cache hit)
266 http cache path-exists@https://registry.npmjs.org/path-exists/-/path-exists-4.0.0.tgz 0ms (cache hit)
267 http cache patch-package@https://registry.npmjs.org/patch-package/-/patch-package-8.0.1.tgz 0ms (cache hit)
268 http cache parseurl@https://registry.npmjs.org/parseurl/-/parseurl-1.3.3.tgz 0ms (cache hit)
269 http cache parse5@https://registry.npmjs.org/parse5/-/parse5-7.3.0.tgz 0ms (cache hit)
270 http cache parse-png@https://registry.npmjs.org/parse-png/-/parse-png-2.1.0.tgz 0ms (cache hit)
271 http cache parse-json@https://registry.npmjs.org/parse-json/-/parse-json-5.2.0.tgz 0ms (cache hit)
272 http cache parent-module@https://registry.npmjs.org/parent-module/-/parent-module-1.0.1.tgz 0ms (cache hit)
273 http cache papaparse@https://registry.npmjs.org/papaparse/-/papaparse-5.5.3.tgz 0ms (cache hit)
274 http cache p-try@https://registry.npmjs.org/p-try/-/p-try-2.2.0.tgz 0ms (cache hit)
275 http cache ora@https://registry.npmjs.org/ora/-/ora-3.4.0.tgz 0ms (cache hit)
276 http cache p-locate@https://registry.npmjs.org/p-locate/-/p-locate-5.0.0.tgz 0ms (cache hit)
277 http cache p-limit@https://registry.npmjs.org/p-limit/-/p-limit-3.1.0.tgz 0ms (cache hit)
278 http cache own-keys@https://registry.npmjs.org/own-keys/-/own-keys-1.0.1.tgz 0ms (cache hit)
279 http cache optionator@https://registry.npmjs.org/optionator/-/optionator-0.9.4.tgz 0ms (cache hit)
280 http cache onetime@https://registry.npmjs.org/onetime/-/onetime-5.1.2.tgz 0ms (cache hit)
281 http cache open@https://registry.npmjs.org/open/-/open-7.4.2.tgz 0ms (cache hit)
282 http cache once@https://registry.npmjs.org/once/-/once-1.4.0.tgz 0ms (cache hit)
283 http cache on-headers@https://registry.npmjs.org/on-headers/-/on-headers-1.1.0.tgz 0ms (cache hit)
284 http cache on-finished@https://registry.npmjs.org/on-finished/-/on-finished-2.3.0.tgz 0ms (cache hit)
285 http cache object.values@https://registry.npmjs.org/object.values/-/object.values-1.2.1.tgz 0ms (cache hit)
286 http cache object.fromentries@https://registry.npmjs.org/object.fromentries/-/object.fromentries-2.0.8.tgz 0ms (cache hit)
287 http cache object.entries@https://registry.npmjs.org/object.entries/-/object.entries-1.1.9.tgz 0ms (cache hit)
288 http cache object-keys@https://registry.npmjs.org/object-keys/-/object-keys-1.1.1.tgz 0ms (cache hit)
289 http cache object.assign@https://registry.npmjs.org/object.assign/-/object.assign-4.1.7.tgz 0ms (cache hit)
290 http cache object-inspect@https://registry.npmjs.org/object-inspect/-/object-inspect-1.13.4.tgz 0ms (cache hit)
291 http cache object-assign@https://registry.npmjs.org/object-assign/-/object-assign-4.1.1.tgz 0ms (cache hit)
292 http cache ob1@https://registry.npmjs.org/ob1/-/ob1-0.83.5.tgz 0ms (cache hit)
293 http cache nwsapi@https://registry.npmjs.org/nwsapi/-/nwsapi-2.2.23.tgz 0ms (cache hit)
294 http cache nullthrows@https://registry.npmjs.org/nullthrows/-/nullthrows-1.1.1.tgz 0ms (cache hit)
295 http cache nth-check@https://registry.npmjs.org/nth-check/-/nth-check-2.1.1.tgz 0ms (cache hit)
296 http cache npm-package-arg@https://registry.npmjs.org/npm-package-arg/-/npm-package-arg-11.0.3.tgz 0ms (cache hit)
297 http cache npm-run-path@https://registry.npmjs.org/npm-run-path/-/npm-run-path-4.0.1.tgz 0ms (cache hit)
298 http cache node-releases@https://registry.npmjs.org/node-releases/-/node-releases-2.0.37.tgz 0ms (cache hit)
299 http cache normalize-path@https://registry.npmjs.org/normalize-path/-/normalize-path-3.0.0.tgz 0ms (cache hit)
300 http cache node-fetch@https://registry.npmjs.org/node-fetch/-/node-fetch-2.7.0.tgz 0ms (cache hit)
301 http cache node-forge@https://registry.npmjs.org/node-forge/-/node-forge-1.4.0.tgz 0ms (cache hit)
302 http cache node-int64@https://registry.npmjs.org/node-int64/-/node-int64-0.4.0.tgz 0ms (cache hit)
303 http cache react-hook-form@https://registry.npmjs.org/react-hook-form/-/react-hook-form-7.72.1.tgz 0ms (cache hit)
304 http cache node-exports-info@https://registry.npmjs.org/node-exports-info/-/node-exports-info-1.6.0.tgz 0ms (cache hit)
305 http cache negotiator@https://registry.npmjs.org/negotiator/-/negotiator-0.6.3.tgz 0ms (cache hit)
306 http cache natural-compare@https://registry.npmjs.org/natural-compare/-/natural-compare-1.4.0.tgz 0ms (cache hit)
307 http cache nanoid@https://registry.npmjs.org/nanoid/-/nanoid-3.3.11.tgz 0ms (cache hit)
308 http cache multitars@https://registry.npmjs.org/multitars/-/multitars-0.2.5.tgz 0ms (cache hit)
309 http cache ms@https://registry.npmjs.org/ms/-/ms-2.1.3.tgz 0ms (cache hit)
310 http cache mkdirp@https://registry.npmjs.org/mkdirp/-/mkdirp-1.0.4.tgz 1ms (cache hit)
311 http cache minipass@https://registry.npmjs.org/minipass/-/minipass-7.1.3.tgz 0ms (cache hit)
312 http cache querystringify@https://registry.npmjs.org/querystringify/-/querystringify-2.2.0.tgz 0ms (cache hit)
313 http cache min-indent@https://registry.npmjs.org/min-indent/-/min-indent-1.0.1.tgz 0ms (cache hit)
314 http cache mimic-fn@https://registry.npmjs.org/mimic-fn/-/mimic-fn-2.1.0.tgz 0ms (cache hit)
315 http cache mimic-function@https://registry.npmjs.org/mimic-function/-/mimic-function-5.0.1.tgz 0ms (cache hit)
316 http cache minimatch@https://registry.npmjs.org/minimatch/-/minimatch-10.2.5.tgz 0ms (cache hit)
317 http cache mime-types@https://registry.npmjs.org/mime-types/-/mime-types-2.1.35.tgz 0ms (cache hit)
318 http cache mime-db@https://registry.npmjs.org/mime-db/-/mime-db-1.54.0.tgz 0ms (cache hit)
319 http cache mime@https://registry.npmjs.org/mime/-/mime-1.6.0.tgz 0ms (cache hit)
320 http cache micromatch@https://registry.npmjs.org/micromatch/-/micromatch-4.0.8.tgz 0ms (cache hit)
321 http cache metro-transform-worker@https://registry.npmjs.org/metro-transform-worker/-/metro-transform-worker-0.83.5.tgz 0ms (cache hit)
322 http cache metro-transform-plugins@https://registry.npmjs.org/metro-transform-plugins/-/metro-transform-plugins-0.83.5.tgz 0ms (cache hit)
323 http cache path-scurry@https://registry.npmjs.org/path-scurry/-/path-scurry-2.0.2.tgz 0ms (cache hit)
324 http cache metro-source-map@https://registry.npmjs.org/metro-source-map/-/metro-source-map-0.83.5.tgz 0ms (cache hit)
325 http cache metro-runtime@https://registry.npmjs.org/metro-runtime/-/metro-runtime-0.83.5.tgz 0ms (cache hit)
326 http cache metro-resolver@https://registry.npmjs.org/metro-resolver/-/metro-resolver-0.83.5.tgz 0ms (cache hit)
327 http cache neo-async@https://registry.npmjs.org/neo-async/-/neo-async-2.6.2.tgz 0ms (cache hit)
328 http cache metro-file-map@https://registry.npmjs.org/metro-file-map/-/metro-file-map-0.83.5.tgz 0ms (cache hit)
329 http cache metro-cache@https://registry.npmjs.org/metro-cache/-/metro-cache-0.83.5.tgz 0ms (cache hit)
330 http cache metro-core@https://registry.npmjs.org/metro-core/-/metro-core-0.83.5.tgz 0ms (cache hit)
331 http cache metro-babel-transformer@https://registry.npmjs.org/metro-babel-transformer/-/metro-babel-transformer-0.83.5.tgz 0ms (cache hit)
332 http cache metro@https://registry.npmjs.org/metro/-/metro-0.83.5.tgz 0ms (cache hit)
333 http cache metro-config@https://registry.npmjs.org/metro-config/-/metro-config-0.83.5.tgz 0ms (cache hit)
334 http cache metro-cache-key@https://registry.npmjs.org/metro-cache-key/-/metro-cache-key-0.83.5.tgz 0ms (cache hit)
335 http cache merge-stream@https://registry.npmjs.org/merge-stream/-/merge-stream-2.0.0.tgz 0ms (cache hit)
336 http cache memoize-one@https://registry.npmjs.org/memoize-one/-/memoize-one-5.2.1.tgz 0ms (cache hit)
337 http cache mdn-data@https://registry.npmjs.org/mdn-data/-/mdn-data-2.0.14.tgz 0ms (cache hit)
338 http cache marky@https://registry.npmjs.org/marky/-/marky-1.3.0.tgz 0ms (cache hit)
339 http cache math-intrinsics@https://registry.npmjs.org/math-intrinsics/-/math-intrinsics-1.1.0.tgz 0ms (cache hit)
340 http cache makeerror@https://registry.npmjs.org/makeerror/-/makeerror-1.0.12.tgz 0ms (cache hit)
341 http cache make-error@https://registry.npmjs.org/make-error/-/make-error-1.3.6.tgz 0ms (cache hit)
342 http cache make-dir@https://registry.npmjs.org/make-dir/-/make-dir-4.0.0.tgz 0ms (cache hit)
343 http cache log-update@https://registry.npmjs.org/log-update/-/log-update-6.1.0.tgz 0ms (cache hit)
344 http cache log-symbols@https://registry.npmjs.org/log-symbols/-/log-symbols-2.2.0.tgz 0ms (cache hit)
345 http cache lru-cache@https://registry.npmjs.org/lru-cache/-/lru-cache-5.1.1.tgz 0ms (cache hit)
346 http cache loose-envify@https://registry.npmjs.org/loose-envify/-/loose-envify-1.4.0.tgz 0ms (cache hit)
347 http cache lodash.throttle@https://registry.npmjs.org/lodash.throttle/-/lodash.throttle-4.1.1.tgz 0ms (cache hit)
348 http cache lodash.merge@https://registry.npmjs.org/lodash.merge/-/lodash.merge-4.6.2.tgz 0ms (cache hit)
349 http cache lodash.memoize@https://registry.npmjs.org/lodash.memoize/-/lodash.memoize-4.1.2.tgz 0ms (cache hit)
350 http cache listr2@https://registry.npmjs.org/listr2/-/listr2-9.0.5.tgz 0ms (cache hit)
351 http cache lodash.debounce@https://registry.npmjs.org/lodash.debounce/-/lodash.debounce-4.0.8.tgz 0ms (cache hit)
352 http cache lodash@https://registry.npmjs.org/lodash/-/lodash-4.18.1.tgz 0ms (cache hit)
353 http cache locate-path@https://registry.npmjs.org/locate-path/-/locate-path-6.0.0.tgz 0ms (cache hit)
354 http cache lint-staged@https://registry.npmjs.org/lint-staged/-/lint-staged-16.4.0.tgz 0ms (cache hit)
355 http cache lines-and-columns@https://registry.npmjs.org/lines-and-columns/-/lines-and-columns-1.2.4.tgz 0ms (cache hit)
356 http cache prompts@https://registry.npmjs.org/prompts/-/prompts-2.4.2.tgz 0ms (cache hit)
357 http cache lucide-react-native@https://registry.npmjs.org/lucide-react-native/-/lucide-react-native-1.22.0.tgz 0ms (cache hit)
358 http cache path-key@https://registry.npmjs.org/path-key/-/path-key-3.1.1.tgz 0ms (cache hit)
359 http cache lighthouse-logger@https://registry.npmjs.org/lighthouse-logger/-/lighthouse-logger-1.4.2.tgz 0ms (cache hit)
360 http cache lightningcss-linux-arm64-musl@https://registry.npmjs.org/lightningcss-linux-arm64-musl/-/lightningcss-linux-arm64-musl-1.32.0.tgz 0ms (cache hit)
361 http cache lightningcss-linux-arm64-gnu@https://registry.npmjs.org/lightningcss-linux-arm64-gnu/-/lightningcss-linux-arm64-gnu-1.32.0.tgz 0ms (cache hit)
362 http cache lightningcss@https://registry.npmjs.org/lightningcss/-/lightningcss-1.32.0.tgz 0ms (cache hit)
363 http cache levn@https://registry.npmjs.org/levn/-/levn-0.4.1.tgz 0ms (cache hit)
364 http cache leven@https://registry.npmjs.org/leven/-/leven-3.1.0.tgz 0ms (cache hit)
365 http cache lan-network@https://registry.npmjs.org/lan-network/-/lan-network-0.2.1.tgz 0ms (cache hit)
366 http cache kleur@https://registry.npmjs.org/kleur/-/kleur-3.0.3.tgz 0ms (cache hit)
367 http cache klaw-sync@https://registry.npmjs.org/klaw-sync/-/klaw-sync-6.0.0.tgz 0ms (cache hit)
368 http cache jsx-ast-utils@https://registry.npmjs.org/jsx-ast-utils/-/jsx-ast-utils-3.3.5.tgz 0ms (cache hit)
369 http cache keyv@https://registry.npmjs.org/keyv/-/keyv-4.5.4.tgz 0ms (cache hit)
370 http cache jsonify@https://registry.npmjs.org/jsonify/-/jsonify-0.0.1.tgz 0ms (cache hit)
371 http cache json-stable-stringify-without-jsonify@https://registry.npmjs.org/json-stable-stringify-without-jsonify/-/json-stable-stringify-without-jsonify-1.0.1.tgz 0ms (cache hit)
372 http cache jsonfile@https://registry.npmjs.org/jsonfile/-/jsonfile-6.2.1.tgz 0ms (cache hit)
373 http cache json-schema-traverse@https://registry.npmjs.org/json-schema-traverse/-/json-schema-traverse-0.4.1.tgz 0ms (cache hit)
374 http cache json-stable-stringify@https://registry.npmjs.org/json-stable-stringify/-/json-stable-stringify-1.3.0.tgz 0ms (cache hit)
375 http cache json-parse-even-better-errors@https://registry.npmjs.org/json-parse-even-better-errors/-/json-parse-even-better-errors-2.3.1.tgz 0ms (cache hit)
376 http cache json-buffer@https://registry.npmjs.org/json-buffer/-/json-buffer-3.0.1.tgz 0ms (cache hit)
377 http cache jsesc@https://registry.npmjs.org/jsesc/-/jsesc-3.1.0.tgz 0ms (cache hit)
378 http cache jsdom@https://registry.npmjs.org/jsdom/-/jsdom-20.0.3.tgz 0ms (cache hit)
379 http cache js-yaml@https://registry.npmjs.org/js-yaml/-/js-yaml-4.1.1.tgz 0ms (cache hit)
380 http cache js-tokens@https://registry.npmjs.org/js-tokens/-/js-tokens-4.0.0.tgz 0ms (cache hit)
381 http cache joi@https://registry.npmjs.org/joi/-/joi-18.1.2.tgz 0ms (cache hit)
382 http cache jimp-compact@https://registry.npmjs.org/jimp-compact/-/jimp-compact-0.16.1.tgz 0ms (cache hit)
383 http cache jest-watch-typeahead@https://registry.npmjs.org/jest-watch-typeahead/-/jest-watch-typeahead-2.2.1.tgz 0ms (cache hit)
384 http cache jest-worker@https://registry.npmjs.org/jest-worker/-/jest-worker-29.7.0.tgz 0ms (cache hit)
385 http cache jsc-safe-url@https://registry.npmjs.org/jsc-safe-url/-/jsc-safe-url-0.2.4.tgz 0ms (cache hit)
386 http cache jest-watcher@https://registry.npmjs.org/jest-watcher/-/jest-watcher-29.7.0.tgz 0ms (cache hit)
387 http cache jest-watch-select-projects@https://registry.npmjs.org/jest-watch-select-projects/-/jest-watch-select-projects-2.0.0.tgz 0ms (cache hit)
388 http cache jest-runtime@https://registry.npmjs.org/jest-runtime/-/jest-runtime-29.7.0.tgz 0ms (cache hit)
389 http cache jest-validate@https://registry.npmjs.org/jest-validate/-/jest-validate-29.7.0.tgz 0ms (cache hit)
390 http cache jest-util@https://registry.npmjs.org/jest-util/-/jest-util-29.7.0.tgz 0ms (cache hit)
391 http cache jest-snapshot@https://registry.npmjs.org/jest-snapshot/-/jest-snapshot-29.7.0.tgz 0ms (cache hit)
392 http cache jest-runner@https://registry.npmjs.org/jest-runner/-/jest-runner-29.7.0.tgz 0ms (cache hit)
393 http cache jest-resolve-dependencies@https://registry.npmjs.org/jest-resolve-dependencies/-/jest-resolve-dependencies-29.7.0.tgz 0ms (cache hit)
394 http cache jest-resolve@https://registry.npmjs.org/jest-resolve/-/jest-resolve-29.7.0.tgz 0ms (cache hit)
395 http cache jest-pnp-resolver@https://registry.npmjs.org/jest-pnp-resolver/-/jest-pnp-resolver-1.2.3.tgz 0ms (cache hit)
396 http cache minimist@https://registry.npmjs.org/minimist/-/minimist-1.2.8.tgz 0ms (cache hit)
397 http cache jest-mock@https://registry.npmjs.org/jest-mock/-/jest-mock-29.7.0.tgz 0ms (cache hit)
398 http cache jest-message-util@https://registry.npmjs.org/jest-message-util/-/jest-message-util-29.7.0.tgz 0ms (cache hit)
399 http cache jest-leak-detector@https://registry.npmjs.org/jest-leak-detector/-/jest-leak-detector-29.7.0.tgz 0ms (cache hit)
400 http cache jest-matcher-utils@https://registry.npmjs.org/jest-matcher-utils/-/jest-matcher-utils-29.7.0.tgz 0ms (cache hit)
401 http cache jest-haste-map@https://registry.npmjs.org/jest-haste-map/-/jest-haste-map-29.7.0.tgz 0ms (cache hit)
402 http cache jest-get-type@https://registry.npmjs.org/jest-get-type/-/jest-get-type-29.6.3.tgz 0ms (cache hit)
403 http cache jest-expo@https://registry.npmjs.org/jest-expo/-/jest-expo-55.0.16.tgz 0ms (cache hit)
404 http cache jest-environment-node@https://registry.npmjs.org/jest-environment-node/-/jest-environment-node-29.7.0.tgz 0ms (cache hit)
405 http cache jest-environment-jsdom@https://registry.npmjs.org/jest-environment-jsdom/-/jest-environment-jsdom-29.7.0.tgz 0ms (cache hit)
406 http cache jest-each@https://registry.npmjs.org/jest-each/-/jest-each-29.7.0.tgz 0ms (cache hit)
407 http cache jest-config@https://registry.npmjs.org/jest-config/-/jest-config-29.7.0.tgz 0ms (cache hit)
408 http cache jest-docblock@https://registry.npmjs.org/jest-docblock/-/jest-docblock-29.7.0.tgz 0ms (cache hit)
409 http cache jest-diff@https://registry.npmjs.org/jest-diff/-/jest-diff-29.7.0.tgz 0ms (cache hit)
410 http cache jest-circus@https://registry.npmjs.org/jest-circus/-/jest-circus-29.7.0.tgz 0ms (cache hit)
411 http cache jest-cli@https://registry.npmjs.org/jest-cli/-/jest-cli-29.7.0.tgz 0ms (cache hit)
412 http cache jest-changed-files@https://registry.npmjs.org/jest-changed-files/-/jest-changed-files-29.7.0.tgz 0ms (cache hit)
413 http cache jest@https://registry.npmjs.org/jest/-/jest-29.7.0.tgz 0ms (cache hit)
414 http cache metro-symbolicate@https://registry.npmjs.org/metro-symbolicate/-/metro-symbolicate-0.83.5.tgz 0ms (cache hit)
415 http cache iterator.prototype@https://registry.npmjs.org/iterator.prototype/-/iterator.prototype-1.1.5.tgz 0ms (cache hit)
416 http cache istanbul-lib-source-maps@https://registry.npmjs.org/istanbul-lib-source-maps/-/istanbul-lib-source-maps-4.0.1.tgz 0ms (cache hit)
417 http cache metro-minify-terser@https://registry.npmjs.org/metro-minify-terser/-/metro-minify-terser-0.83.5.tgz 0ms (cache hit)
418 http cache istanbul-lib-report@https://registry.npmjs.org/istanbul-lib-report/-/istanbul-lib-report-3.0.1.tgz 0ms (cache hit)
419 http cache json5@https://registry.npmjs.org/json5/-/json5-2.2.3.tgz 0ms (cache hit)
420 http cache istanbul-lib-coverage@https://registry.npmjs.org/istanbul-lib-coverage/-/istanbul-lib-coverage-3.2.2.tgz 0ms (cache hit)
421 http cache istanbul-lib-instrument@https://registry.npmjs.org/istanbul-lib-instrument/-/istanbul-lib-instrument-6.0.3.tgz 0ms (cache hit)
422 http cache isexe@https://registry.npmjs.org/isexe/-/isexe-2.0.0.tgz 0ms (cache hit)
423 http cache isarray@https://registry.npmjs.org/isarray/-/isarray-2.0.5.tgz 0ms (cache hit)
424 http cache is-wsl@https://registry.npmjs.org/is-wsl/-/is-wsl-2.2.0.tgz 0ms (cache hit)
425 http cache is-weakset@https://registry.npmjs.org/is-weakset/-/is-weakset-2.0.4.tgz 0ms (cache hit)
426 http cache is-weakref@https://registry.npmjs.org/is-weakref/-/is-weakref-1.1.1.tgz 0ms (cache hit)
427 http cache is-weakmap@https://registry.npmjs.org/is-weakmap/-/is-weakmap-2.0.2.tgz 0ms (cache hit)
428 http cache is-typed-array@https://registry.npmjs.org/is-typed-array/-/is-typed-array-1.1.15.tgz 0ms (cache hit)
429 http cache is-symbol@https://registry.npmjs.org/is-symbol/-/is-symbol-1.1.1.tgz 0ms (cache hit)
430 http cache is-string@https://registry.npmjs.org/is-string/-/is-string-1.1.1.tgz 0ms (cache hit)
431 http cache is-shared-array-buffer@https://registry.npmjs.org/is-shared-array-buffer/-/is-shared-array-buffer-1.0.4.tgz 0ms (cache hit)
432 http cache is-stream@https://registry.npmjs.org/is-stream/-/is-stream-2.0.1.tgz 0ms (cache hit)
433 http cache is-set@https://registry.npmjs.org/is-set/-/is-set-2.0.3.tgz 0ms (cache hit)
434 http cache is-regex@https://registry.npmjs.org/is-regex/-/is-regex-1.2.1.tgz 0ms (cache hit)
435 http cache is-port-reachable@https://registry.npmjs.org/is-port-reachable/-/is-port-reachable-4.0.0.tgz 0ms (cache hit)
436 http cache is-path-inside@https://registry.npmjs.org/is-path-inside/-/is-path-inside-3.0.3.tgz 0ms (cache hit)
437 http cache is-potential-custom-element-name@https://registry.npmjs.org/is-potential-custom-element-name/-/is-potential-custom-element-name-1.0.1.tgz 0ms (cache hit)
438 http cache is-number@https://registry.npmjs.org/is-number/-/is-number-7.0.0.tgz 0ms (cache hit)
439 http cache is-negative-zero@https://registry.npmjs.org/is-negative-zero/-/is-negative-zero-2.0.3.tgz 0ms (cache hit)
440 http cache is-number-object@https://registry.npmjs.org/is-number-object/-/is-number-object-1.1.1.tgz 0ms (cache hit)
441 http cache is-map@https://registry.npmjs.org/is-map/-/is-map-2.0.3.tgz 0ms (cache hit)
442 http cache is-glob@https://registry.npmjs.org/is-glob/-/is-glob-4.0.3.tgz 0ms (cache hit)
443 http cache is-generator-function@https://registry.npmjs.org/is-generator-function/-/is-generator-function-1.1.2.tgz 0ms (cache hit)
444 http cache is-generator-fn@https://registry.npmjs.org/is-generator-fn/-/is-generator-fn-2.1.0.tgz 0ms (cache hit)
445 http cache is-fullwidth-code-point@https://registry.npmjs.org/is-fullwidth-code-point/-/is-fullwidth-code-point-5.1.0.tgz 0ms (cache hit)
446 http cache is-docker@https://registry.npmjs.org/is-docker/-/is-docker-2.2.1.tgz 0ms (cache hit)
447 http cache is-finalizationregistry@https://registry.npmjs.org/is-finalizationregistry/-/is-finalizationregistry-1.1.1.tgz 0ms (cache hit)
448 http cache is-date-object@https://registry.npmjs.org/is-date-object/-/is-date-object-1.1.0.tgz 0ms (cache hit)
449 http cache is-data-view@https://registry.npmjs.org/is-data-view/-/is-data-view-1.0.2.tgz 0ms (cache hit)
450 http cache is-extglob@https://registry.npmjs.org/is-extglob/-/is-extglob-2.1.1.tgz 0ms (cache hit)
451 http cache is-core-module@https://registry.npmjs.org/is-core-module/-/is-core-module-2.16.1.tgz 0ms (cache hit)
452 http cache is-callable@https://registry.npmjs.org/is-callable/-/is-callable-1.2.7.tgz 0ms (cache hit)
453 http cache is-async-function@https://registry.npmjs.org/is-async-function/-/is-async-function-2.1.1.tgz 0ms (cache hit)
454 http cache is-bigint@https://registry.npmjs.org/is-bigint/-/is-bigint-1.1.0.tgz 0ms (cache hit)
455 http cache is-arrayish@https://registry.npmjs.org/is-arrayish/-/is-arrayish-0.2.1.tgz 0ms (cache hit)
456 http cache is-boolean-object@https://registry.npmjs.org/is-boolean-object/-/is-boolean-object-1.2.2.tgz 0ms (cache hit)
457 http cache is-array-buffer@https://registry.npmjs.org/is-array-buffer/-/is-array-buffer-3.0.5.tgz 0ms (cache hit)
458 http cache internmap@https://registry.npmjs.org/internmap/-/internmap-2.0.3.tgz 0ms (cache hit)
459 http cache invariant@https://registry.npmjs.org/invariant/-/invariant-2.2.4.tgz 0ms (cache hit)
460 http cache ini@https://registry.npmjs.org/ini/-/ini-1.3.8.tgz 0ms (cache hit)
461 http cache internal-slot@https://registry.npmjs.org/internal-slot/-/internal-slot-1.1.0.tgz 0ms (cache hit)
462 http cache inherits@https://registry.npmjs.org/inherits/-/inherits-2.0.4.tgz 0ms (cache hit)
463 http cache inline-style-prefixer@https://registry.npmjs.org/inline-style-prefixer/-/inline-style-prefixer-7.0.1.tgz 0ms (cache hit)
464 http cache indent-string@https://registry.npmjs.org/indent-string/-/indent-string-4.0.0.tgz 0ms (cache hit)
465 http cache inflight@https://registry.npmjs.org/inflight/-/inflight-1.0.6.tgz 0ms (cache hit)
466 http cache import-local@https://registry.npmjs.org/import-local/-/import-local-3.2.0.tgz 0ms (cache hit)
467 http cache imurmurhash@https://registry.npmjs.org/imurmurhash/-/imurmurhash-0.1.4.tgz 0ms (cache hit)
468 http cache import-fresh@https://registry.npmjs.org/import-fresh/-/import-fresh-3.3.1.tgz 0ms (cache hit)
469 http cache image-size@https://registry.npmjs.org/image-size/-/image-size-1.2.1.tgz 0ms (cache hit)
470 http cache iconv-lite@https://registry.npmjs.org/iconv-lite/-/iconv-lite-0.6.3.tgz 0ms (cache hit)
471 http cache ignore@https://registry.npmjs.org/ignore/-/ignore-7.0.5.tgz 0ms (cache hit)
472 http cache husky@https://registry.npmjs.org/husky/-/husky-9.1.7.tgz 0ms (cache hit)
473 http cache hyphenate-style-name@https://registry.npmjs.org/hyphenate-style-name/-/hyphenate-style-name-1.1.0.tgz 0ms (cache hit)
474 http cache human-signals@https://registry.npmjs.org/human-signals/-/human-signals-2.1.0.tgz 0ms (cache hit)
475 http cache https-proxy-agent@https://registry.npmjs.org/https-proxy-agent/-/https-proxy-agent-5.0.1.tgz 0ms (cache hit)
476 http cache http-proxy-agent@https://registry.npmjs.org/http-proxy-agent/-/http-proxy-agent-5.0.0.tgz 0ms (cache hit)
477 http cache http-errors@https://registry.npmjs.org/http-errors/-/http-errors-2.0.1.tgz 0ms (cache hit)
478 http cache html2canvas@https://registry.npmjs.org/html2canvas/-/html2canvas-1.4.1.tgz 0ms (cache hit)
479 http cache html-escaper@https://registry.npmjs.org/html-escaper/-/html-escaper-2.0.2.tgz 0ms (cache hit)
480 http cache hosted-git-info@https://registry.npmjs.org/hosted-git-info/-/hosted-git-info-7.0.2.tgz 0ms (cache hit)
481 http cache html-encoding-sniffer@https://registry.npmjs.org/html-encoding-sniffer/-/html-encoding-sniffer-3.0.0.tgz 0ms (cache hit)
482 http cache hoist-non-react-statics@https://registry.npmjs.org/hoist-non-react-statics/-/hoist-non-react-statics-3.3.2.tgz 0ms (cache hit)
483 http cache hermes-parser@https://registry.npmjs.org/hermes-parser/-/hermes-parser-0.25.1.tgz 0ms (cache hit)
484 http cache hermes-compiler@https://registry.npmjs.org/hermes-compiler/-/hermes-compiler-0.14.1.tgz 0ms (cache hit)
485 http cache hermes-estree@https://registry.npmjs.org/hermes-estree/-/hermes-estree-0.25.1.tgz 0ms (cache hit)
486 http cache hasown@https://registry.npmjs.org/hasown/-/hasown-2.0.2.tgz 0ms (cache hit)
487 http cache has-tostringtag@https://registry.npmjs.org/has-tostringtag/-/has-tostringtag-1.0.2.tgz 0ms (cache hit)
488 http cache has-symbols@https://registry.npmjs.org/has-symbols/-/has-symbols-1.1.0.tgz 0ms (cache hit)
489 http cache jest-regex-util@https://registry.npmjs.org/jest-regex-util/-/jest-regex-util-29.6.3.tgz 0ms (cache hit)
490 http cache has-property-descriptors@https://registry.npmjs.org/has-property-descriptors/-/has-property-descriptors-1.0.2.tgz 0ms (cache hit)
491 http cache has-flag@https://registry.npmjs.org/has-flag/-/has-flag-4.0.0.tgz 0ms (cache hit)
492 http cache has-bigints@https://registry.npmjs.org/has-bigints/-/has-bigints-1.1.0.tgz 0ms (cache hit)
493 http cache handlebars@https://registry.npmjs.org/handlebars/-/handlebars-4.7.9.tgz 0ms (cache hit)
494 http cache graphemer@https://registry.npmjs.org/graphemer/-/graphemer-1.4.0.tgz 0ms (cache hit)
495 http cache graceful-fs@https://registry.npmjs.org/graceful-fs/-/graceful-fs-4.2.11.tgz 0ms (cache hit)
496 http cache gopd@https://registry.npmjs.org/gopd/-/gopd-1.2.0.tgz 0ms (cache hit)
497 http cache globalthis@https://registry.npmjs.org/globalthis/-/globalthis-1.0.4.tgz 0ms (cache hit)
498 http cache globals@https://registry.npmjs.org/globals/-/globals-13.24.0.tgz 0ms (cache hit)
499 http cache glob-parent@https://registry.npmjs.org/glob-parent/-/glob-parent-6.0.2.tgz 0ms (cache hit)
500 http cache glob@https://registry.npmjs.org/glob/-/glob-13.0.6.tgz 0ms (cache hit)
501 http cache getenv@https://registry.npmjs.org/getenv/-/getenv-2.0.0.tgz 0ms (cache hit)
502 http cache get-tsconfig@https://registry.npmjs.org/get-tsconfig/-/get-tsconfig-4.14.0.tgz 0ms (cache hit)
503 http cache get-stream@https://registry.npmjs.org/get-stream/-/get-stream-6.0.1.tgz 0ms (cache hit)
504 http cache get-symbol-description@https://registry.npmjs.org/get-symbol-description/-/get-symbol-description-1.1.0.tgz 0ms (cache hit)
505 http cache get-package-type@https://registry.npmjs.org/get-package-type/-/get-package-type-0.1.0.tgz 0ms (cache hit)
506 http cache get-proto@https://registry.npmjs.org/get-proto/-/get-proto-1.0.1.tgz 0ms (cache hit)
507 http cache get-nonce@https://registry.npmjs.org/get-nonce/-/get-nonce-1.0.1.tgz 0ms (cache hit)
508 http cache get-intrinsic@https://registry.npmjs.org/get-intrinsic/-/get-intrinsic-1.3.0.tgz 0ms (cache hit)
509 http cache its-fine@https://registry.npmjs.org/its-fine/-/its-fine-1.2.5.tgz 0ms (cache hit)
510 http cache get-caller-file@https://registry.npmjs.org/get-caller-file/-/get-caller-file-2.0.5.tgz 0ms (cache hit)
511 http cache generator-function@https://registry.npmjs.org/generator-function/-/generator-function-2.0.1.tgz 0ms (cache hit)
512 http cache istanbul-reports@https://registry.npmjs.org/istanbul-reports/-/istanbul-reports-3.2.0.tgz 0ms (cache hit)
513 http cache functions-have-names@https://registry.npmjs.org/functions-have-names/-/functions-have-names-1.2.3.tgz 0ms (cache hit)
514 http cache function.prototype.name@https://registry.npmjs.org/function.prototype.name/-/function.prototype.name-1.1.8.tgz 0ms (cache hit)
515 http cache function-bind@https://registry.npmjs.org/function-bind/-/function-bind-1.1.2.tgz 0ms (cache hit)
516 http cache fta-cli@https://registry.npmjs.org/fta-cli/-/fta-cli-3.0.0.tgz 0ms (cache hit)
517 http cache fs.realpath@https://registry.npmjs.org/fs.realpath/-/fs.realpath-1.0.0.tgz 0ms (cache hit)
518 http cache fresh@https://registry.npmjs.org/fresh/-/fresh-0.5.2.tgz 0ms (cache hit)
519 http cache fs-extra@https://registry.npmjs.org/fs-extra/-/fs-extra-10.1.0.tgz 0ms (cache hit)
520 http cache form-data@https://registry.npmjs.org/form-data/-/form-data-4.0.5.tgz 0ms (cache hit)
521 http cache fontfaceobserver@https://registry.npmjs.org/fontfaceobserver/-/fontfaceobserver-2.3.0.tgz 0ms (cache hit)
522 http cache follow-redirects@https://registry.npmjs.org/follow-redirects/-/follow-redirects-1.16.0.tgz 0ms (cache hit)
523 http cache for-each@https://registry.npmjs.org/for-each/-/for-each-0.3.5.tgz 0ms (cache hit)
524 http cache flow-enums-runtime@https://registry.npmjs.org/flow-enums-runtime/-/flow-enums-runtime-0.0.6.tgz 0ms (cache hit)
525 http cache flatted@https://registry.npmjs.org/flatted/-/flatted-3.4.2.tgz 0ms (cache hit)
526 http cache finalhandler@https://registry.npmjs.org/finalhandler/-/finalhandler-1.1.2.tgz 0ms (cache hit)
527 http cache find-yarn-workspace-root@https://registry.npmjs.org/find-yarn-workspace-root/-/find-yarn-workspace-root-2.0.0.tgz 0ms (cache hit)
528 http cache flat-cache@https://registry.npmjs.org/flat-cache/-/flat-cache-3.2.0.tgz 0ms (cache hit)
529 http cache find-up@https://registry.npmjs.org/find-up/-/find-up-5.0.0.tgz 0ms (cache hit)
530 http cache filter-obj@https://registry.npmjs.org/filter-obj/-/filter-obj-1.1.0.tgz 0ms (cache hit)
531 http cache fill-range@https://registry.npmjs.org/fill-range/-/fill-range-7.1.1.tgz 0ms (cache hit)
532 http cache fetch-nodeshim@https://registry.npmjs.org/fetch-nodeshim/-/fetch-nodeshim-0.4.10.tgz 0ms (cache hit)
533 http cache file-entry-cache@https://registry.npmjs.org/file-entry-cache/-/file-entry-cache-6.0.1.tgz 0ms (cache hit)
534 http cache fbjs@https://registry.npmjs.org/fbjs/-/fbjs-3.0.5.tgz 0ms (cache hit)
535 http cache fdir@https://registry.npmjs.org/fdir/-/fdir-6.5.0.tgz 0ms (cache hit)
536 http cache fbjs-css-vars@https://registry.npmjs.org/fbjs-css-vars/-/fbjs-css-vars-1.0.2.tgz 0ms (cache hit)
537 http cache fb-watchman@https://registry.npmjs.org/fb-watchman/-/fb-watchman-2.0.2.tgz 0ms (cache hit)
538 http cache has-proto@https://registry.npmjs.org/has-proto/-/has-proto-1.2.0.tgz 0ms (cache hit)
539 http cache fastq@https://registry.npmjs.org/fastq/-/fastq-1.20.1.tgz 0ms (cache hit)
540 http cache fast-uri@https://registry.npmjs.org/fast-uri/-/fast-uri-3.1.4.tgz 0ms (cache hit)
541 http cache get-east-asian-width@https://registry.npmjs.org/get-east-asian-width/-/get-east-asian-width-1.5.0.tgz 0ms (cache hit)
542 http cache fast-levenshtein@https://registry.npmjs.org/fast-levenshtein/-/fast-levenshtein-2.0.6.tgz 0ms (cache hit)
543 http cache fast-deep-equal@https://registry.npmjs.org/fast-deep-equal/-/fast-deep-equal-3.1.3.tgz 0ms (cache hit)
544 http cache exponential-backoff@https://registry.npmjs.org/exponential-backoff/-/exponential-backoff-3.1.3.tgz 0ms (cache hit)
545 http cache expo-web-browser@https://registry.npmjs.org/expo-web-browser/-/expo-web-browser-55.0.14.tgz 0ms (cache hit)
546 http cache expo-video-thumbnails@https://registry.npmjs.org/expo-video-thumbnails/-/expo-video-thumbnails-55.0.14.tgz 0ms (cache hit)
547 http cache expo-video@https://registry.npmjs.org/expo-video/-/expo-video-55.0.16.tgz 0ms (cache hit)
548 http cache expo-updates-interface@https://registry.npmjs.org/expo-updates-interface/-/expo-updates-interface-55.1.5.tgz 0ms (cache hit)
549 http cache expo-symbols@https://registry.npmjs.org/expo-symbols/-/expo-symbols-55.0.9.tgz 0ms (cache hit)
550 http cache expo-status-bar@https://registry.npmjs.org/expo-status-bar/-/expo-status-bar-55.0.5.tgz 0ms (cache hit)
551 http cache expo-system-ui@https://registry.npmjs.org/expo-system-ui/-/expo-system-ui-55.0.16.tgz 0ms (cache hit)
552 http cache expo-sqlite@https://registry.npmjs.org/expo-sqlite/-/expo-sqlite-55.0.15.tgz 0ms (cache hit)
553 http cache expo-splash-screen@https://registry.npmjs.org/expo-splash-screen/-/expo-splash-screen-55.0.20.tgz 0ms (cache hit)
554 http cache expo-server@https://registry.npmjs.org/expo-server/-/expo-server-55.0.11.tgz 0ms (cache hit)
555 http cache expo-sharing@https://registry.npmjs.org/expo-sharing/-/expo-sharing-55.0.18.tgz 0ms (cache hit)
556 http cache expo-secure-store@https://registry.npmjs.org/expo-secure-store/-/expo-secure-store-55.0.13.tgz 0ms (cache hit)
557 http cache expo-router@https://registry.npmjs.org/expo-router/-/expo-router-55.0.16.tgz 0ms (cache hit)
558 http cache expo-notifications@https://registry.npmjs.org/expo-notifications/-/expo-notifications-55.0.19.tgz 0ms (cache hit)
559 http cache expo-modules-core@https://registry.npmjs.org/expo-modules-core/-/expo-modules-core-55.0.22.tgz 0ms (cache hit)
560 http cache expo-modules-autolinking@https://registry.npmjs.org/expo-modules-autolinking/-/expo-modules-autolinking-55.0.17.tgz 0ms (cache hit)
561 http cache expo-manifests@https://registry.npmjs.org/expo-manifests/-/expo-manifests-55.0.15.tgz 0ms (cache hit)
562 http cache gensync@https://registry.npmjs.org/gensync/-/gensync-1.0.0-beta.2.tgz 0ms (cache hit)
563 http cache expo-local-authentication@https://registry.npmjs.org/expo-local-authentication/-/expo-local-authentication-55.0.13.tgz 0ms (cache hit)
564 http cache expo-linking@https://registry.npmjs.org/expo-linking/-/expo-linking-55.0.13.tgz 0ms (cache hit)
565 http cache expo-keep-awake@https://registry.npmjs.org/expo-keep-awake/-/expo-keep-awake-55.0.6.tgz 0ms (cache hit)
566 http cache expo-json-utils@https://registry.npmjs.org/expo-json-utils/-/expo-json-utils-55.0.2.tgz 0ms (cache hit)
567 http cache fb-dotslash@https://registry.npmjs.org/fb-dotslash/-/fb-dotslash-0.5.8.tgz 0ms (cache hit)
568 http cache expo-image-manipulator@https://registry.npmjs.org/expo-image-manipulator/-/expo-image-manipulator-55.0.15.tgz 0ms (cache hit)
569 http cache expo-image-loader@https://registry.npmjs.org/expo-image-loader/-/expo-image-loader-55.0.0.tgz 0ms (cache hit)
570 http cache expo-image@https://registry.npmjs.org/expo-image/-/expo-image-55.0.11.tgz 0ms (cache hit)
571 http cache expo-haptics@https://registry.npmjs.org/expo-haptics/-/expo-haptics-55.0.14.tgz 0ms (cache hit)
572 http cache expo-glass-effect@https://registry.npmjs.org/expo-glass-effect/-/expo-glass-effect-55.0.11.tgz 0ms (cache hit)
573 http cache expo-font@https://registry.npmjs.org/expo-font/-/expo-font-55.0.6.tgz 0ms (cache hit)
574 http cache expo-file-system@https://registry.npmjs.org/expo-file-system/-/expo-file-system-55.0.17.tgz 0ms (cache hit)
575 http cache expo-document-picker@https://registry.npmjs.org/expo-document-picker/-/expo-document-picker-55.0.14.tgz 0ms (cache hit)
576 http cache expo-device@https://registry.npmjs.org/expo-device/-/expo-device-55.0.15.tgz 0ms (cache hit)
577 http cache expo-dev-menu-interface@https://registry.npmjs.org/expo-dev-menu-interface/-/expo-dev-menu-interface-55.0.2.tgz 0ms (cache hit)
578 http cache expo-dev-menu@https://registry.npmjs.org/expo-dev-menu/-/expo-dev-menu-55.0.23.tgz 0ms (cache hit)
579 http cache expo-dev-launcher@https://registry.npmjs.org/expo-dev-launcher/-/expo-dev-launcher-55.0.28.tgz 0ms (cache hit)
580 http cache expo-dev-client@https://registry.npmjs.org/expo-dev-client/-/expo-dev-client-55.0.27.tgz 0ms (cache hit)
581 http cache expo-crypto@https://registry.npmjs.org/expo-crypto/-/expo-crypto-55.0.14.tgz 0ms (cache hit)
582 http cache expo-constants@https://registry.npmjs.org/expo-constants/-/expo-constants-55.0.14.tgz 0ms (cache hit)
583 http cache expo-camera@https://registry.npmjs.org/expo-camera/-/expo-camera-55.0.15.tgz 0ms (cache hit)
584 http cache expo-build-properties@https://registry.npmjs.org/expo-build-properties/-/expo-build-properties-55.0.13.tgz 0ms (cache hit)
585 http cache expo-blur@https://registry.npmjs.org/expo-blur/-/expo-blur-55.0.14.tgz 0ms (cache hit)
586 http cache expo-audio@https://registry.npmjs.org/expo-audio/-/expo-audio-55.0.14.tgz 0ms (cache hit)
587 http cache expo-asset@https://registry.npmjs.org/expo-asset/-/expo-asset-55.0.15.tgz 0ms (cache hit)
588 http cache expo@https://registry.npmjs.org/expo/-/expo-55.0.15.tgz 0ms (cache hit)
589 http cache expo-application@https://registry.npmjs.org/expo-application/-/expo-application-55.0.14.tgz 0ms (cache hit)
590 http cache expect@https://registry.npmjs.org/expect/-/expect-29.7.0.tgz 0ms (cache hit)
591 http cache event-target-shim@https://registry.npmjs.org/event-target-shim/-/event-target-shim-5.0.1.tgz 0ms (cache hit)
592 http cache eventemitter3@https://registry.npmjs.org/eventemitter3/-/eventemitter3-5.0.4.tgz 0ms (cache hit)
593 http cache exit@https://registry.npmjs.org/exit/-/exit-0.1.2.tgz 0ms (cache hit)
594 http cache execa@https://registry.npmjs.org/execa/-/execa-5.1.1.tgz 0ms (cache hit)
595 http cache etag@https://registry.npmjs.org/etag/-/etag-1.8.1.tgz 0ms (cache hit)
596 http cache esutils@https://registry.npmjs.org/esutils/-/esutils-2.0.3.tgz 0ms (cache hit)
597 http cache estraverse@https://registry.npmjs.org/estraverse/-/estraverse-5.3.0.tgz 0ms (cache hit)
598 http cache esrecurse@https://registry.npmjs.org/esrecurse/-/esrecurse-4.3.0.tgz 0ms (cache hit)
599 http cache esquery@https://registry.npmjs.org/esquery/-/esquery-1.7.0.tgz 0ms (cache hit)
600 http cache esprima@https://registry.npmjs.org/esprima/-/esprima-4.0.1.tgz 0ms (cache hit)
601 http cache espree@https://registry.npmjs.org/espree/-/espree-9.6.1.tgz 0ms (cache hit)
602 http cache eslint-visitor-keys@https://registry.npmjs.org/eslint-visitor-keys/-/eslint-visitor-keys-3.4.3.tgz 0ms (cache hit)
603 http cache eslint-scope@https://registry.npmjs.org/eslint-scope/-/eslint-scope-7.2.2.tgz 0ms (cache hit)
604 http cache eslint@https://registry.npmjs.org/eslint/-/eslint-8.57.1.tgz 0ms (cache hit)
605 http cache eslint-plugin-react@https://registry.npmjs.org/eslint-plugin-react/-/eslint-plugin-react-7.37.5.tgz 0ms (cache hit)
606 http cache eslint-plugin-react-native-globals@https://registry.npmjs.org/eslint-plugin-react-native-globals/-/eslint-plugin-react-native-globals-0.1.2.tgz 0ms (cache hit)
607 http cache eslint-plugin-react-native@https://registry.npmjs.org/eslint-plugin-react-native/-/eslint-plugin-react-native-5.0.0.tgz 0ms (cache hit)
608 http cache eslint-plugin-react-hooks@https://registry.npmjs.org/eslint-plugin-react-hooks/-/eslint-plugin-react-hooks-7.1.1.tgz 0ms (cache hit)
609 http cache escodegen@https://registry.npmjs.org/escodegen/-/escodegen-2.1.0.tgz 0ms (cache hit)
610 http cache escape-string-regexp@https://registry.npmjs.org/escape-string-regexp/-/escape-string-regexp-4.0.0.tgz 0ms (cache hit)
611 http cache escape-html@https://registry.npmjs.org/escape-html/-/escape-html-1.0.3.tgz 0ms (cache hit)
612 http cache escalade@https://registry.npmjs.org/escalade/-/escalade-3.2.0.tgz 0ms (cache hit)
613 http cache esbuild@https://registry.npmjs.org/esbuild/-/esbuild-0.25.12.tgz 0ms (cache hit)
614 http cache es-to-primitive@https://registry.npmjs.org/es-to-primitive/-/es-to-primitive-1.3.0.tgz 0ms (cache hit)
615 http cache es-shim-unscopables@https://registry.npmjs.org/es-shim-unscopables/-/es-shim-unscopables-1.1.0.tgz 0ms (cache hit)
616 http cache es-object-atoms@https://registry.npmjs.org/es-object-atoms/-/es-object-atoms-1.1.1.tgz 0ms (cache hit)
617 http cache fast-json-stable-stringify@https://registry.npmjs.org/fast-json-stable-stringify/-/fast-json-stable-stringify-2.1.0.tgz 0ms (cache hit)
618 http cache es-iterator-helpers@https://registry.npmjs.org/es-iterator-helpers/-/es-iterator-helpers-1.3.2.tgz 0ms (cache hit)
619 http cache es-errors@https://registry.npmjs.org/es-errors/-/es-errors-1.3.0.tgz 0ms (cache hit)
620 http cache es-define-property@https://registry.npmjs.org/es-define-property/-/es-define-property-1.0.1.tgz 0ms (cache hit)
621 http cache es-abstract@https://registry.npmjs.org/es-abstract/-/es-abstract-1.24.2.tgz 0ms (cache hit)
622 http cache error-stack-parser@https://registry.npmjs.org/error-stack-parser/-/error-stack-parser-2.1.4.tgz 0ms (cache hit)
623 http cache environment@https://registry.npmjs.org/environment/-/environment-1.1.0.tgz 0ms (cache hit)
624 http cache error-ex@https://registry.npmjs.org/error-ex/-/error-ex-1.3.4.tgz 0ms (cache hit)
625 http cache entities@https://registry.npmjs.org/entities/-/entities-6.0.1.tgz 0ms (cache hit)
626 http cache encodeurl@https://registry.npmjs.org/encodeurl/-/encodeurl-1.0.2.tgz 0ms (cache hit)
627 http cache electron-to-chromium@https://registry.npmjs.org/electron-to-chromium/-/electron-to-chromium-1.5.337.tgz 0ms (cache hit)
628 http cache emittery@https://registry.npmjs.org/emittery/-/emittery-0.13.1.tgz 0ms (cache hit)
629 http cache emoji-regex@https://registry.npmjs.org/emoji-regex/-/emoji-regex-8.0.0.tgz 0ms (cache hit)
630 http cache ee-first@https://registry.npmjs.org/ee-first/-/ee-first-1.1.1.tgz 0ms (cache hit)
631 http cache dunder-proto@https://registry.npmjs.org/dunder-proto/-/dunder-proto-1.0.1.tgz 0ms (cache hit)
632 http cache eastasianwidth@https://registry.npmjs.org/eastasianwidth/-/eastasianwidth-0.2.0.tgz 0ms (cache hit)
633 http cache drizzle-orm@https://registry.npmjs.org/drizzle-orm/-/drizzle-orm-0.45.2.tgz 0ms (cache hit)
634 http cache drizzle-kit@https://registry.npmjs.org/drizzle-kit/-/drizzle-kit-0.31.10.tgz 0ms (cache hit)
635 http cache domutils@https://registry.npmjs.org/domutils/-/domutils-3.2.2.tgz 0ms (cache hit)
636 http cache domhandler@https://registry.npmjs.org/domhandler/-/domhandler-5.0.3.tgz 0ms (cache hit)
637 http cache domexception@https://registry.npmjs.org/domexception/-/domexception-4.0.0.tgz 0ms (cache hit)
638 http cache domelementtype@https://registry.npmjs.org/domelementtype/-/domelementtype-2.3.0.tgz 0ms (cache hit)
639 http cache doctrine@https://registry.npmjs.org/doctrine/-/doctrine-3.0.0.tgz 0ms (cache hit)
640 http cache dom-serializer@https://registry.npmjs.org/dom-serializer/-/dom-serializer-2.0.0.tgz 0ms (cache hit)
641 http cache dnssd-advertise@https://registry.npmjs.org/dnssd-advertise/-/dnssd-advertise-1.1.4.tgz 0ms (cache hit)
642 http cache diff-sequences@https://registry.npmjs.org/diff-sequences/-/diff-sequences-29.6.3.tgz 0ms (cache hit)
643 http cache detect-node-es@https://registry.npmjs.org/detect-node-es/-/detect-node-es-1.1.0.tgz 0ms (cache hit)
644 http cache detect-newline@https://registry.npmjs.org/detect-newline/-/detect-newline-3.1.0.tgz 0ms (cache hit)
645 http cache detect-libc@https://registry.npmjs.org/detect-libc/-/detect-libc-2.1.2.tgz 0ms (cache hit)
646 http cache destroy@https://registry.npmjs.org/destroy/-/destroy-1.2.0.tgz 0ms (cache hit)
647 http cache depd@https://registry.npmjs.org/depd/-/depd-2.0.0.tgz 0ms (cache hit)
648 http cache delayed-stream@https://registry.npmjs.org/delayed-stream/-/delayed-stream-1.0.0.tgz 0ms (cache hit)
649 http cache define-properties@https://registry.npmjs.org/define-properties/-/define-properties-1.2.1.tgz 0ms (cache hit)
650 http cache define-lazy-prop@https://registry.npmjs.org/define-lazy-prop/-/define-lazy-prop-2.0.0.tgz 0ms (cache hit)
651 http cache define-data-property@https://registry.npmjs.org/define-data-property/-/define-data-property-1.1.4.tgz 0ms (cache hit)
652 http cache defaults@https://registry.npmjs.org/defaults/-/defaults-1.0.4.tgz 0ms (cache hit)
653 http cache default-values@https://registry.npmjs.org/default-values/-/default-values-1.0.2.tgz 0ms (cache hit)
654 http cache deepmerge@https://registry.npmjs.org/deepmerge/-/deepmerge-4.3.1.tgz 0ms (cache hit)
655 http cache deep-extend@https://registry.npmjs.org/deep-extend/-/deep-extend-0.6.0.tgz 0ms (cache hit)
656 http cache expo-localization@https://registry.npmjs.org/expo-localization/-/expo-localization-55.0.13.tgz 0ms (cache hit)
657 http cache dedent@https://registry.npmjs.org/dedent/-/dedent-1.7.2.tgz 0ms (cache hit)
658 http cache expo-image-picker@https://registry.npmjs.org/expo-image-picker/-/expo-image-picker-55.0.18.tgz 0ms (cache hit)
659 http cache decimal.js@https://registry.npmjs.org/decimal.js/-/decimal.js-10.6.0.tgz 0ms (cache hit)
660 http cache debug@https://registry.npmjs.org/debug/-/debug-4.4.3.tgz 0ms (cache hit)
661 http cache date-fns@https://registry.npmjs.org/date-fns/-/date-fns-4.1.0.tgz 0ms (cache hit)
662 http cache data-view-byte-length@https://registry.npmjs.org/data-view-byte-length/-/data-view-byte-length-1.0.2.tgz 0ms (cache hit)
663 http cache data-view-byte-offset@https://registry.npmjs.org/data-view-byte-offset/-/data-view-byte-offset-1.0.1.tgz 0ms (cache hit)
664 http cache data-view-buffer@https://registry.npmjs.org/data-view-buffer/-/data-view-buffer-1.0.2.tgz 0ms (cache hit)
665 http cache data-urls@https://registry.npmjs.org/data-urls/-/data-urls-3.0.2.tgz 0ms (cache hit)
666 http cache d3-zoom@https://registry.npmjs.org/d3-zoom/-/d3-zoom-3.0.0.tgz 0ms (cache hit)
667 http cache d3-timer@https://registry.npmjs.org/d3-timer/-/d3-timer-3.0.1.tgz 0ms (cache hit)
668 http cache d3-transition@https://registry.npmjs.org/d3-transition/-/d3-transition-3.0.1.tgz 0ms (cache hit)
669 http cache d3-time-format@https://registry.npmjs.org/d3-time-format/-/d3-time-format-4.1.0.tgz 0ms (cache hit)
670 http cache d3-shape@https://registry.npmjs.org/d3-shape/-/d3-shape-3.2.0.tgz 0ms (cache hit)
671 http cache d3-selection@https://registry.npmjs.org/d3-selection/-/d3-selection-3.0.0.tgz 0ms (cache hit)
672 http cache es-set-tostringtag@https://registry.npmjs.org/es-set-tostringtag/-/es-set-tostringtag-2.1.0.tgz 0ms (cache hit)
673 http cache d3-time@https://registry.npmjs.org/d3-time/-/d3-time-3.1.0.tgz 0ms (cache hit)
674 http cache d3-path@https://registry.npmjs.org/d3-path/-/d3-path-3.1.0.tgz 0ms (cache hit)
675 http cache d3-format@https://registry.npmjs.org/d3-format/-/d3-format-3.1.2.tgz 0ms (cache hit)
676 http cache d3-interpolate@https://registry.npmjs.org/d3-interpolate/-/d3-interpolate-3.0.1.tgz 0ms (cache hit)
677 http cache d3-ease@https://registry.npmjs.org/d3-ease/-/d3-ease-3.0.1.tgz 0ms (cache hit)
678 http cache d3-drag@https://registry.npmjs.org/d3-drag/-/d3-drag-3.0.0.tgz 0ms (cache hit)
679 http cache d3-dispatch@https://registry.npmjs.org/d3-dispatch/-/d3-dispatch-3.0.1.tgz 0ms (cache hit)
680 http cache d3-color@https://registry.npmjs.org/d3-color/-/d3-color-3.1.0.tgz 0ms (cache hit)
681 http cache d3-array@https://registry.npmjs.org/d3-array/-/d3-array-3.2.4.tgz 0ms (cache hit)
682 http cache csstype@https://registry.npmjs.org/csstype/-/csstype-3.2.3.tgz 0ms (cache hit)
683 http cache cssstyle@https://registry.npmjs.org/cssstyle/-/cssstyle-2.3.0.tgz 0ms (cache hit)
684 http cache cssom@https://registry.npmjs.org/cssom/-/cssom-0.5.0.tgz 0ms (cache hit)
685 http cache css-what@https://registry.npmjs.org/css-what/-/css-what-6.2.2.tgz 0ms (cache hit)
686 http cache css-tree@https://registry.npmjs.org/css-tree/-/css-tree-1.1.3.tgz 0ms (cache hit)
687 http cache css-select@https://registry.npmjs.org/css-select/-/css-select-5.2.2.tgz 0ms (cache hit)
688 http cache css-line-break@https://registry.npmjs.org/css-line-break/-/css-line-break-2.1.0.tgz 0ms (cache hit)
689 http cache css-in-js-utils@https://registry.npmjs.org/css-in-js-utils/-/css-in-js-utils-3.1.0.tgz 0ms (cache hit)
690 http cache cross-spawn@https://registry.npmjs.org/cross-spawn/-/cross-spawn-7.0.6.tgz 0ms (cache hit)
691 http cache cross-fetch@https://registry.npmjs.org/cross-fetch/-/cross-fetch-3.2.0.tgz 0ms (cache hit)
692 http cache cross-env@https://registry.npmjs.org/cross-env/-/cross-env-7.0.3.tgz 0ms (cache hit)
693 http cache core-js-compat@https://registry.npmjs.org/core-js-compat/-/core-js-compat-3.49.0.tgz 0ms (cache hit)
694 http cache create-jest@https://registry.npmjs.org/create-jest/-/create-jest-29.7.0.tgz 0ms (cache hit)
695 http cache connect@https://registry.npmjs.org/connect/-/connect-3.7.0.tgz 0ms (cache hit)
696 http cache convert-source-map@https://registry.npmjs.org/convert-source-map/-/convert-source-map-2.0.0.tgz 0ms (cache hit)
697 http cache compression@https://registry.npmjs.org/compression/-/compression-1.8.1.tgz 0ms (cache hit)
698 http cache content-disposition@https://registry.npmjs.org/content-disposition/-/content-disposition-0.5.2.tgz 0ms (cache hit)
699 http cache compressible@https://registry.npmjs.org/compressible/-/compressible-2.0.18.tgz 0ms (cache hit)
700 http cache concat-map@https://registry.npmjs.org/concat-map/-/concat-map-0.0.1.tgz 0ms (cache hit)
701 http cache commander@https://registry.npmjs.org/commander/-/commander-7.2.0.tgz 0ms (cache hit)
702 http cache combined-stream@https://registry.npmjs.org/combined-stream/-/combined-stream-1.0.8.tgz 0ms (cache hit)
703 http cache colorette@https://registry.npmjs.org/colorette/-/colorette-2.0.20.tgz 0ms (cache hit)
704 http cache color-string@https://registry.npmjs.org/color-string/-/color-string-1.9.1.tgz 0ms (cache hit)
705 http cache color-name@https://registry.npmjs.org/color-name/-/color-name-1.1.4.tgz 0ms (cache hit)
706 http cache color-convert@https://registry.npmjs.org/color-convert/-/color-convert-2.0.1.tgz 0ms (cache hit)
707 http cache color@https://registry.npmjs.org/color/-/color-4.2.3.tgz 0ms (cache hit)
708 http cache collect-v8-coverage@https://registry.npmjs.org/collect-v8-coverage/-/collect-v8-coverage-1.0.3.tgz 0ms (cache hit)
709 http cache cliui@https://registry.npmjs.org/cliui/-/cliui-8.0.1.tgz 0ms (cache hit)
710 http cache clone@https://registry.npmjs.org/clone/-/clone-1.0.4.tgz 0ms (cache hit)
711 http cache co@https://registry.npmjs.org/co/-/co-4.6.0.tgz 0ms (cache hit)
712 http cache clipboardy@https://registry.npmjs.org/clipboardy/-/clipboardy-3.0.0.tgz 0ms (cache hit)
713 http cache client-only@https://registry.npmjs.org/client-only/-/client-only-0.0.1.tgz 0ms (cache hit)
714 http cache cli-truncate@https://registry.npmjs.org/cli-truncate/-/cli-truncate-5.2.0.tgz 0ms (cache hit)
715 http cache cli-spinners@https://registry.npmjs.org/cli-spinners/-/cli-spinners-2.9.2.tgz 0ms (cache hit)
716 http cache cli-boxes@https://registry.npmjs.org/cli-boxes/-/cli-boxes-3.0.0.tgz 0ms (cache hit)
717 http cache deep-is@https://registry.npmjs.org/deep-is/-/deep-is-0.1.4.tgz 0ms (cache hit)
718 http cache ci-info@https://registry.npmjs.org/ci-info/-/ci-info-3.9.0.tgz 0ms (cache hit)
719 http cache cjs-module-lexer@https://registry.npmjs.org/cjs-module-lexer/-/cjs-module-lexer-1.4.3.tgz 0ms (cache hit)
720 http cache chromium-edge-launcher@https://registry.npmjs.org/chromium-edge-launcher/-/chromium-edge-launcher-0.2.0.tgz 0ms (cache hit)
721 http cache chrome-launcher@https://registry.npmjs.org/chrome-launcher/-/chrome-launcher-0.15.2.tgz 0ms (cache hit)
722 http cache chalk-template@https://registry.npmjs.org/chalk-template/-/chalk-template-0.4.0.tgz 0ms (cache hit)
723 http cache chalk@https://registry.npmjs.org/chalk/-/chalk-4.1.2.tgz 0ms (cache hit)
724 http cache char-regex@https://registry.npmjs.org/char-regex/-/char-regex-1.0.2.tgz 0ms (cache hit)
725 http cache caniuse-lite@https://registry.npmjs.org/caniuse-lite/-/caniuse-lite-1.0.30001788.tgz 0ms (cache hit)
726 http cache canvaskit-wasm@https://registry.npmjs.org/canvaskit-wasm/-/canvaskit-wasm-0.41.0.tgz 0ms (cache hit)
727 http cache callsites@https://registry.npmjs.org/callsites/-/callsites-3.1.0.tgz 0ms (cache hit)
728 http cache camelcase@https://registry.npmjs.org/camelcase/-/camelcase-5.3.1.tgz 0ms (cache hit)
729 http cache call-bound@https://registry.npmjs.org/call-bound/-/call-bound-1.0.4.tgz 0ms (cache hit)
730 http cache call-bind-apply-helpers@https://registry.npmjs.org/call-bind-apply-helpers/-/call-bind-apply-helpers-1.0.2.tgz 0ms (cache hit)
731 http cache call-bind@https://registry.npmjs.org/call-bind/-/call-bind-1.0.9.tgz 0ms (cache hit)
732 http cache decode-uri-component@https://registry.npmjs.org/decode-uri-component/-/decode-uri-component-0.2.2.tgz 0ms (cache hit)
733 http cache buffer-from@https://registry.npmjs.org/buffer-from/-/buffer-from-1.1.2.tgz 0ms (cache hit)
734 http cache bser@https://registry.npmjs.org/bser/-/bser-2.1.1.tgz 0ms (cache hit)
735 http cache bs-logger@https://registry.npmjs.org/bs-logger/-/bs-logger-0.2.6.tgz 0ms (cache hit)
736 http cache browserslist@https://registry.npmjs.org/browserslist/-/browserslist-4.28.2.tgz 0ms (cache hit)
737 http cache braces@https://registry.npmjs.org/braces/-/braces-3.0.3.tgz 0ms (cache hit)
738 http cache boxen@https://registry.npmjs.org/boxen/-/boxen-7.0.0.tgz 0ms (cache hit)
739 http cache brace-expansion@https://registry.npmjs.org/brace-expansion/-/brace-expansion-5.0.5.tgz 0ms (cache hit)
740 http cache bplist-parser@https://registry.npmjs.org/bplist-parser/-/bplist-parser-0.3.2.tgz 0ms (cache hit)
741 http cache bplist-creator@https://registry.npmjs.org/bplist-creator/-/bplist-creator-0.1.0.tgz 0ms (cache hit)
742 http cache big-integer@https://registry.npmjs.org/big-integer/-/big-integer-1.6.52.tgz 0ms (cache hit)
743 http cache boolbase@https://registry.npmjs.org/boolbase/-/boolbase-1.0.0.tgz 0ms (cache hit)
744 http cache better-opn@https://registry.npmjs.org/better-opn/-/better-opn-3.0.2.tgz 0ms (cache hit)
745 http cache base64-js@https://registry.npmjs.org/base64-js/-/base64-js-1.5.1.tgz 0ms (cache hit)
746 http cache baseline-browser-mapping@https://registry.npmjs.org/baseline-browser-mapping/-/baseline-browser-mapping-2.10.19.tgz 0ms (cache hit)
747 http cache base64-arraybuffer@https://registry.npmjs.org/base64-arraybuffer/-/base64-arraybuffer-1.0.2.tgz 0ms (cache hit)
748 http cache barcode-detector@https://registry.npmjs.org/barcode-detector/-/barcode-detector-3.1.2.tgz 0ms (cache hit)
749 http cache balanced-match@https://registry.npmjs.org/balanced-match/-/balanced-match-4.0.4.tgz 0ms (cache hit)
750 http cache d3-scale@https://registry.npmjs.org/d3-scale/-/d3-scale-4.0.2.tgz 0ms (cache hit)
751 http cache babel-preset-jest@https://registry.npmjs.org/babel-preset-jest/-/babel-preset-jest-29.6.3.tgz 0ms (cache hit)
752 http cache babel-preset-expo@https://registry.npmjs.org/babel-preset-expo/-/babel-preset-expo-55.0.17.tgz 0ms (cache hit)
753 http cache babel-plugin-syntax-hermes-parser@https://registry.npmjs.org/babel-plugin-syntax-hermes-parser/-/babel-plugin-syntax-hermes-parser-0.32.1.tgz 0ms (cache hit)
754 http cache babel-preset-current-node-syntax@https://registry.npmjs.org/babel-preset-current-node-syntax/-/babel-preset-current-node-syntax-1.2.0.tgz 0ms (cache hit)
755 http cache babel-plugin-transform-flow-enums@https://registry.npmjs.org/babel-plugin-transform-flow-enums/-/babel-plugin-transform-flow-enums-0.0.2.tgz 0ms (cache hit)
756 http cache babel-plugin-react-compiler@https://registry.npmjs.org/babel-plugin-react-compiler/-/babel-plugin-react-compiler-1.0.0.tgz 0ms (cache hit)
757 http cache babel-plugin-react-native-web@https://registry.npmjs.org/babel-plugin-react-native-web/-/babel-plugin-react-native-web-0.21.2.tgz 0ms (cache hit)
758 http cache babel-plugin-polyfill-corejs3@https://registry.npmjs.org/babel-plugin-polyfill-corejs3/-/babel-plugin-polyfill-corejs3-0.13.0.tgz 0ms (cache hit)
759 http cache cli-cursor@https://registry.npmjs.org/cli-cursor/-/cli-cursor-5.0.0.tgz 0ms (cache hit)
760 http cache babel-plugin-polyfill-regenerator@https://registry.npmjs.org/babel-plugin-polyfill-regenerator/-/babel-plugin-polyfill-regenerator-0.6.8.tgz 0ms (cache hit)
761 http cache babel-plugin-istanbul@https://registry.npmjs.org/babel-plugin-istanbul/-/babel-plugin-istanbul-6.1.1.tgz 0ms (cache hit)
762 http cache babel-plugin-polyfill-corejs2@https://registry.npmjs.org/babel-plugin-polyfill-corejs2/-/babel-plugin-polyfill-corejs2-0.4.17.tgz 0ms (cache hit)
763 http cache babel-jest@https://registry.npmjs.org/babel-jest/-/babel-jest-29.7.0.tgz 0ms (cache hit)
764 http cache axe-core@https://registry.npmjs.org/axe-core/-/axe-core-4.11.3.tgz 0ms (cache hit)
765 http cache available-typed-arrays@https://registry.npmjs.org/available-typed-arrays/-/available-typed-arrays-1.0.7.tgz 0ms (cache hit)
766 http cache axios@https://registry.npmjs.org/axios/-/axios-1.15.0.tgz 0ms (cache hit)
767 http cache asynckit@https://registry.npmjs.org/asynckit/-/asynckit-0.4.0.tgz 0ms (cache hit)
768 http cache await-lock@https://registry.npmjs.org/await-lock/-/await-lock-2.2.2.tgz 0ms (cache hit)
769 http cache asap@https://registry.npmjs.org/asap/-/asap-2.0.6.tgz 0ms (cache hit)
770 http cache async-function@https://registry.npmjs.org/async-function/-/async-function-1.0.0.tgz 0ms (cache hit)
771 http cache arraybuffer.prototype.slice@https://registry.npmjs.org/arraybuffer.prototype.slice/-/arraybuffer.prototype.slice-1.0.4.tgz 0ms (cache hit)
772 http cache array.prototype.tosorted@https://registry.npmjs.org/array.prototype.tosorted/-/array.prototype.tosorted-1.1.4.tgz 0ms (cache hit)
773 http cache array.prototype.flatmap@https://registry.npmjs.org/array.prototype.flatmap/-/array.prototype.flatmap-1.3.3.tgz 0ms (cache hit)
774 http cache array.prototype.flat@https://registry.npmjs.org/array.prototype.flat/-/array.prototype.flat-1.3.3.tgz 0ms (cache hit)
775 http cache array.prototype.findlast@https://registry.npmjs.org/array.prototype.findlast/-/array.prototype.findlast-1.2.5.tgz 0ms (cache hit)
776 http cache array-includes@https://registry.npmjs.org/array-includes/-/array-includes-3.1.9.tgz 0ms (cache hit)
777 http cache array-buffer-byte-length@https://registry.npmjs.org/array-buffer-byte-length/-/array-buffer-byte-length-1.0.2.tgz 0ms (cache hit)
778 http cache aria-hidden@https://registry.npmjs.org/aria-hidden/-/aria-hidden-1.2.6.tgz 0ms (cache hit)
779 http cache argparse@https://registry.npmjs.org/argparse/-/argparse-2.0.1.tgz 0ms (cache hit)
780 http cache arg@https://registry.npmjs.org/arg/-/arg-5.0.2.tgz 0ms (cache hit)
781 http cache anymatch@https://registry.npmjs.org/anymatch/-/anymatch-3.1.3.tgz 0ms (cache hit)
782 http cache ansi-align@https://registry.npmjs.org/ansi-align/-/ansi-align-3.0.1.tgz 0ms (cache hit)
783 http cache arch@https://registry.npmjs.org/arch/-/arch-2.2.0.tgz 0ms (cache hit)
784 http cache ansi-styles@https://registry.npmjs.org/ansi-styles/-/ansi-styles-4.3.0.tgz 0ms (cache hit)
785 http cache ansi-regex@https://registry.npmjs.org/ansi-regex/-/ansi-regex-5.0.1.tgz 0ms (cache hit)
786 http cache ansi-escapes@https://registry.npmjs.org/ansi-escapes/-/ansi-escapes-4.3.2.tgz 0ms (cache hit)
787 http cache anser@https://registry.npmjs.org/anser/-/anser-1.4.10.tgz 0ms (cache hit)
788 http cache ajv@https://registry.npmjs.org/ajv/-/ajv-6.14.0.tgz 0ms (cache hit)
789 http cache acorn-jsx@https://registry.npmjs.org/acorn-jsx/-/acorn-jsx-5.3.2.tgz 0ms (cache hit)
790 http cache agent-base@https://registry.npmjs.org/agent-base/-/agent-base-6.0.2.tgz 0ms (cache hit)
791 http cache acorn-walk@https://registry.npmjs.org/acorn-walk/-/acorn-walk-8.3.5.tgz 0ms (cache hit)
792 http cache acorn-globals@https://registry.npmjs.org/acorn-globals/-/acorn-globals-7.0.1.tgz 0ms (cache hit)
793 http cache acorn@https://registry.npmjs.org/acorn/-/acorn-8.16.0.tgz 0ms (cache hit)
794 http cache abort-controller@https://registry.npmjs.org/abort-controller/-/abort-controller-3.0.0.tgz 0ms (cache hit)
795 http cache accepts@https://registry.npmjs.org/accepts/-/accepts-1.3.8.tgz 0ms (cache hit)
796 http cache abab@https://registry.npmjs.org/abab/-/abab-2.0.6.tgz 0ms (cache hit)
797 http cache @zeit/schemas@https://registry.npmjs.org/@zeit/schemas/-/schemas-2.36.0.tgz 0ms (cache hit)
798 http cache bytes@https://registry.npmjs.org/bytes/-/bytes-3.1.2.tgz 0ms (cache hit)
799 http cache @yarnpkg/lockfile@https://registry.npmjs.org/@yarnpkg/lockfile/-/lockfile-1.1.0.tgz 0ms (cache hit)
800 http cache badgin@https://registry.npmjs.org/badgin/-/badgin-1.2.3.tgz 0ms (cache hit)
801 http cache @xmldom/xmldom@https://registry.npmjs.org/@xmldom/xmldom/-/xmldom-0.8.12.tgz 0ms (cache hit)
802 http cache @ungap/structured-clone@https://registry.npmjs.org/@ungap/structured-clone/-/structured-clone-1.3.0.tgz 0ms (cache hit)
803 http cache babel-plugin-jest-hoist@https://registry.npmjs.org/babel-plugin-jest-hoist/-/babel-plugin-jest-hoist-29.6.3.tgz 0ms (cache hit)
804 http cache @typescript-eslint/utils@https://registry.npmjs.org/@typescript-eslint/utils/-/utils-8.58.2.tgz 0ms (cache hit)
805 http cache @webgpu/types@https://registry.npmjs.org/@webgpu/types/-/types-0.1.21.tgz 0ms (cache hit)
806 http cache @typescript-eslint/typescript-estree@https://registry.npmjs.org/@typescript-eslint/typescript-estree/-/typescript-estree-8.58.2.tgz 0ms (cache hit)
807 http cache @typescript-eslint/visitor-keys@https://registry.npmjs.org/@typescript-eslint/visitor-keys/-/visitor-keys-8.58.2.tgz 0ms (cache hit)
808 http cache @typescript-eslint/scope-manager@https://registry.npmjs.org/@typescript-eslint/scope-manager/-/scope-manager-8.58.2.tgz 0ms (cache hit)
809 http cache @typescript-eslint/project-service@https://registry.npmjs.org/@typescript-eslint/project-service/-/project-service-8.58.2.tgz 0ms (cache hit)
810 http cache @typescript-eslint/parser@https://registry.npmjs.org/@typescript-eslint/parser/-/parser-8.58.2.tgz 0ms (cache hit)
811 http cache @typescript-eslint/eslint-plugin@https://registry.npmjs.org/@typescript-eslint/eslint-plugin/-/eslint-plugin-8.58.2.tgz 0ms (cache hit)
812 http cache @types/yargs-parser@https://registry.npmjs.org/@types/yargs-parser/-/yargs-parser-21.0.3.tgz 0ms (cache hit)
813 http cache @typescript-eslint/types@https://registry.npmjs.org/@typescript-eslint/types/-/types-8.58.2.tgz 0ms (cache hit)
814 http cache @types/yargs@https://registry.npmjs.org/@types/yargs/-/yargs-17.0.35.tgz 0ms (cache hit)
815 http cache @typescript-eslint/type-utils@https://registry.npmjs.org/@typescript-eslint/type-utils/-/type-utils-8.58.2.tgz 0ms (cache hit)
816 http cache @typescript-eslint/tsconfig-utils@https://registry.npmjs.org/@typescript-eslint/tsconfig-utils/-/tsconfig-utils-8.58.2.tgz 0ms (cache hit)
817 http cache @types/stack-utils@https://registry.npmjs.org/@types/stack-utils/-/stack-utils-2.0.3.tgz 0ms (cache hit)
818 http cache @types/react-test-renderer@https://registry.npmjs.org/@types/react-test-renderer/-/react-test-renderer-19.1.0.tgz 0ms (cache hit)
819 http cache @types/react@https://registry.npmjs.org/@types/react/-/react-19.2.14.tgz 0ms (cache hit)
820 http cache @types/papaparse@https://registry.npmjs.org/@types/papaparse/-/papaparse-5.5.2.tgz 0ms (cache hit)
821 http cache @types/node@https://registry.npmjs.org/@types/node/-/node-25.6.0.tgz 0ms (cache hit)
822 http cache @types/jsdom@https://registry.npmjs.org/@types/jsdom/-/jsdom-20.0.1.tgz 0ms (cache hit)
823 http cache @types/jest@https://registry.npmjs.org/@types/jest/-/jest-29.5.14.tgz 0ms (cache hit)
824 http cache @types/istanbul-reports@https://registry.npmjs.org/@types/istanbul-reports/-/istanbul-reports-3.0.4.tgz 0ms (cache hit)
825 http cache @types/istanbul-lib-report@https://registry.npmjs.org/@types/istanbul-lib-report/-/istanbul-lib-report-3.0.3.tgz 0ms (cache hit)
826 http cache @types/istanbul-lib-coverage@https://registry.npmjs.org/@types/istanbul-lib-coverage/-/istanbul-lib-coverage-2.0.6.tgz 0ms (cache hit)
827 http cache @types/graceful-fs@https://registry.npmjs.org/@types/graceful-fs/-/graceful-fs-4.1.9.tgz 0ms (cache hit)
828 http cache @types/hammerjs@https://registry.npmjs.org/@types/hammerjs/-/hammerjs-2.0.46.tgz 0ms (cache hit)
829 http cache @types/emscripten@https://registry.npmjs.org/@types/emscripten/-/emscripten-1.41.5.tgz 0ms (cache hit)
830 http cache @types/babel__traverse@https://registry.npmjs.org/@types/babel__traverse/-/babel__traverse-7.28.0.tgz 0ms (cache hit)
831 http cache @types/babel__generator@https://registry.npmjs.org/@types/babel__generator/-/babel__generator-7.27.0.tgz 0ms (cache hit)
832 http cache @types/babel__template@https://registry.npmjs.org/@types/babel__template/-/babel__template-7.4.4.tgz 0ms (cache hit)
833 http cache @types/babel__core@https://registry.npmjs.org/@types/babel__core/-/babel__core-7.20.5.tgz 0ms (cache hit)
834 http cache @testing-library/react-native@https://registry.npmjs.org/@testing-library/react-native/-/react-native-13.3.3.tgz 0ms (cache hit)
835 http cache @tootallnate/once@https://registry.npmjs.org/@tootallnate/once/-/once-2.0.0.tgz 0ms (cache hit)
836 http cache @types/tough-cookie@https://registry.npmjs.org/@types/tough-cookie/-/tough-cookie-4.0.5.tgz 0ms (cache hit)
837 http cache @tanstack/react-query@https://registry.npmjs.org/@tanstack/react-query/-/react-query-5.99.2.tgz 0ms (cache hit)
838 http cache @types/sharp@https://registry.npmjs.org/@types/sharp/-/sharp-0.32.0.tgz 0ms (cache hit)
839 http cache @testing-library/jest-native@https://registry.npmjs.org/@testing-library/jest-native/-/jest-native-5.4.3.tgz 0ms (cache hit)
840 http cache @types/react-reconciler@https://registry.npmjs.org/@types/react-reconciler/-/react-reconciler-0.28.9.tgz 0ms (cache hit)
841 http cache @tanstack/query-core@https://registry.npmjs.org/@tanstack/query-core/-/query-core-5.99.2.tgz 0ms (cache hit)
842 http cache @sinonjs/fake-timers@https://registry.npmjs.org/@sinonjs/fake-timers/-/fake-timers-10.3.0.tgz 0ms (cache hit)
843 http cache @standard-schema/spec@https://registry.npmjs.org/@standard-schema/spec/-/spec-1.1.0.tgz 0ms (cache hit)
844 http cache @sinclair/typebox@https://registry.npmjs.org/@sinclair/typebox/-/typebox-0.27.10.tgz 0ms (cache hit)
845 http cache @shopify/react-native-skia@https://registry.npmjs.org/@shopify/react-native-skia/-/react-native-skia-2.6.2.tgz 0ms (cache hit)
846 http cache @sentry/types@https://registry.npmjs.org/@sentry/types/-/types-10.49.0.tgz 0ms (cache hit)
847 http cache @sinonjs/commons@https://registry.npmjs.org/@sinonjs/commons/-/commons-3.0.1.tgz 0ms (cache hit)
848 http cache @sentry/react-native@https://registry.npmjs.org/@sentry/react-native/-/react-native-8.9.2.tgz 0ms (cache hit)
849 http cache @shopify/flash-list@https://registry.npmjs.org/@shopify/flash-list/-/flash-list-2.0.2.tgz 0ms (cache hit)
850 http cache @sentry/core@https://registry.npmjs.org/@sentry/core/-/core-10.49.0.tgz 0ms (cache hit)
851 http cache @sentry/browser@https://registry.npmjs.org/@sentry/browser/-/browser-10.49.0.tgz 0ms (cache hit)
852 http cache @sentry/cli@https://registry.npmjs.org/@sentry/cli/-/cli-3.4.0.tgz 0ms (cache hit)
853 http cache @sentry/babel-plugin-component-annotate@https://registry.npmjs.org/@sentry/babel-plugin-component-annotate/-/babel-plugin-component-annotate-5.2.0.tgz 0ms (cache hit)
854 http cache @sentry-internal/replay-canvas@https://registry.npmjs.org/@sentry-internal/replay-canvas/-/replay-canvas-10.49.0.tgz 0ms (cache hit)
855 http cache @sentry/expo-upload-sourcemaps@https://registry.npmjs.org/@sentry/expo-upload-sourcemaps/-/expo-upload-sourcemaps-8.9.2.tgz 0ms (cache hit)
856 http cache @sentry-internal/browser-utils@https://registry.npmjs.org/@sentry-internal/browser-utils/-/browser-utils-10.49.0.tgz 0ms (cache hit)
857 http cache @sentry-internal/feedback@https://registry.npmjs.org/@sentry-internal/feedback/-/feedback-10.49.0.tgz 0ms (cache hit)
858 http cache @sentry/react@https://registry.npmjs.org/@sentry/react/-/react-10.49.0.tgz 0ms (cache hit)
859 http cache @rozhkov/react-useful-hooks@https://registry.npmjs.org/@rozhkov/react-useful-hooks/-/react-useful-hooks-1.0.10.tgz 0ms (cache hit)
860 http cache @sentry/cli-linux-arm64@https://registry.npmjs.org/@sentry/cli-linux-arm64/-/cli-linux-arm64-3.4.0.tgz 0ms (cache hit)
861 http cache @sentry-internal/replay@https://registry.npmjs.org/@sentry-internal/replay/-/replay-10.49.0.tgz 0ms (cache hit)
862 http cache @react-navigation/routers@https://registry.npmjs.org/@react-navigation/routers/-/routers-7.5.3.tgz 0ms (cache hit)
863 http cache @react-navigation/elements@https://registry.npmjs.org/@react-navigation/elements/-/elements-2.9.14.tgz 0ms (cache hit)
864 http cache @react-navigation/bottom-tabs@https://registry.npmjs.org/@react-navigation/bottom-tabs/-/bottom-tabs-7.15.9.tgz 0ms (cache hit)
865 http cache @react-native/virtualized-lists@https://registry.npmjs.org/@react-native/virtualized-lists/-/virtualized-lists-0.83.4.tgz 0ms (cache hit)
866 http cache @react-navigation/native-stack@https://registry.npmjs.org/@react-navigation/native-stack/-/native-stack-7.14.11.tgz 0ms (cache hit)
867 http cache @react-native/normalize-colors@https://registry.npmjs.org/@react-native/normalize-colors/-/normalize-colors-0.83.4.tgz 0ms (cache hit)
868 http cache @react-navigation/core@https://registry.npmjs.org/@react-navigation/core/-/core-7.17.2.tgz 0ms (cache hit)
869 http cache @react-navigation/native@https://registry.npmjs.org/@react-navigation/native/-/native-7.2.2.tgz 0ms (cache hit)
870 http cache @react-native/codegen@https://registry.npmjs.org/@react-native/codegen/-/codegen-0.83.4.tgz 0ms (cache hit)
871 http cache @react-native/babel-preset@https://registry.npmjs.org/@react-native/babel-preset/-/babel-preset-0.83.4.tgz 0ms (cache hit)
872 http cache @react-native/js-polyfills@https://registry.npmjs.org/@react-native/js-polyfills/-/js-polyfills-0.83.4.tgz 0ms (cache hit)
873 http cache @react-native/dev-middleware@https://registry.npmjs.org/@react-native/dev-middleware/-/dev-middleware-0.83.4.tgz 0ms (cache hit)
874 http cache @react-native/debugger-frontend@https://registry.npmjs.org/@react-native/debugger-frontend/-/debugger-frontend-0.83.4.tgz 0ms (cache hit)
875 http cache @react-native/babel-plugin-codegen@https://registry.npmjs.org/@react-native/babel-plugin-codegen/-/babel-plugin-codegen-0.83.4.tgz 0ms (cache hit)
876 http cache @react-native/assets-registry@https://registry.npmjs.org/@react-native/assets-registry/-/assets-registry-0.83.4.tgz 0ms (cache hit)
877 http cache @react-native/gradle-plugin@https://registry.npmjs.org/@react-native/gradle-plugin/-/gradle-plugin-0.83.4.tgz 0ms (cache hit)
878 http cache @react-native-community/netinfo@https://registry.npmjs.org/@react-native-community/netinfo/-/netinfo-11.5.2.tgz 0ms (cache hit)
879 http cache @radix-ui/react-use-escape-keydown@https://registry.npmjs.org/@radix-ui/react-use-escape-keydown/-/react-use-escape-keydown-1.1.1.tgz 0ms (cache hit)
880 http cache @react-native/debugger-shell@https://registry.npmjs.org/@react-native/debugger-shell/-/debugger-shell-0.83.4.tgz 0ms (cache hit)
881 http cache @radix-ui/react-use-layout-effect@https://registry.npmjs.org/@radix-ui/react-use-layout-effect/-/react-use-layout-effect-1.1.1.tgz 0ms (cache hit)
882 http cache @react-native/community-cli-plugin@https://registry.npmjs.org/@react-native/community-cli-plugin/-/community-cli-plugin-0.83.4.tgz 0ms (cache hit)
883 http cache @radix-ui/react-use-controllable-state@https://registry.npmjs.org/@radix-ui/react-use-controllable-state/-/react-use-controllable-state-1.2.2.tgz 0ms (cache hit)
884 http cache @radix-ui/react-slot@https://registry.npmjs.org/@radix-ui/react-slot/-/react-slot-1.2.4.tgz 0ms (cache hit)
885 http cache @radix-ui/react-roving-focus@https://registry.npmjs.org/@radix-ui/react-roving-focus/-/react-roving-focus-1.1.11.tgz 0ms (cache hit)
886 http cache @radix-ui/react-primitive@https://registry.npmjs.org/@radix-ui/react-primitive/-/react-primitive-2.1.3.tgz 0ms (cache hit)
887 http cache @radix-ui/react-presence@https://registry.npmjs.org/@radix-ui/react-presence/-/react-presence-1.1.5.tgz 0ms (cache hit)
888 http cache @radix-ui/react-portal@https://registry.npmjs.org/@radix-ui/react-portal/-/react-portal-1.1.9.tgz 0ms (cache hit)
889 http cache @radix-ui/react-id@https://registry.npmjs.org/@radix-ui/react-id/-/react-id-1.1.1.tgz 0ms (cache hit)
890 http cache @radix-ui/react-focus-scope@https://registry.npmjs.org/@radix-ui/react-focus-scope/-/react-focus-scope-1.1.7.tgz 0ms (cache hit)
891 http cache @radix-ui/react-focus-guards@https://registry.npmjs.org/@radix-ui/react-focus-guards/-/react-focus-guards-1.1.3.tgz 0ms (cache hit)
892 http cache @radix-ui/react-dismissable-layer@https://registry.npmjs.org/@radix-ui/react-dismissable-layer/-/react-dismissable-layer-1.1.11.tgz 0ms (cache hit)
893 http cache @radix-ui/react-direction@https://registry.npmjs.org/@radix-ui/react-direction/-/react-direction-1.1.1.tgz 0ms (cache hit)
894 http cache @radix-ui/react-context@https://registry.npmjs.org/@radix-ui/react-context/-/react-context-1.1.2.tgz 0ms (cache hit)
895 http cache @radix-ui/react-dialog@https://registry.npmjs.org/@radix-ui/react-dialog/-/react-dialog-1.1.15.tgz 0ms (cache hit)
896 http cache @radix-ui/react-use-effect-event@https://registry.npmjs.org/@radix-ui/react-use-effect-event/-/react-use-effect-event-0.0.2.tgz 0ms (cache hit)
897 http cache @radix-ui/react-collection@https://registry.npmjs.org/@radix-ui/react-collection/-/react-collection-1.1.7.tgz 0ms (cache hit)
898 http cache @quidone/react-native-wheel-picker@https://registry.npmjs.org/@quidone/react-native-wheel-picker/-/react-native-wheel-picker-1.6.4.tgz 0ms (cache hit)
899 http cache @radix-ui/primitive@https://registry.npmjs.org/@radix-ui/primitive/-/primitive-1.1.3.tgz 0ms (cache hit)
900 http cache @radix-ui/react-use-callback-ref@https://registry.npmjs.org/@radix-ui/react-use-callback-ref/-/react-use-callback-ref-1.1.1.tgz 0ms (cache hit)
901 http cache @playwright/test@https://registry.npmjs.org/@playwright/test/-/test-1.59.1.tgz 0ms (cache hit)
902 http cache @radix-ui/react-tabs@https://registry.npmjs.org/@radix-ui/react-tabs/-/react-tabs-1.1.13.tgz 0ms (cache hit)
903 http cache @radix-ui/react-compose-refs@https://registry.npmjs.org/@radix-ui/react-compose-refs/-/react-compose-refs-1.1.2.tgz 0ms (cache hit)
904 http cache @nodelib/fs.walk@https://registry.npmjs.org/@nodelib/fs.walk/-/fs.walk-1.2.8.tgz 0ms (cache hit)
905 http cache @nodelib/fs.stat@https://registry.npmjs.org/@nodelib/fs.stat/-/fs.stat-2.0.5.tgz 0ms (cache hit)
906 http cache @jridgewell/trace-mapping@https://registry.npmjs.org/@jridgewell/trace-mapping/-/trace-mapping-0.3.31.tgz 0ms (cache hit)
907 http cache @jridgewell/remapping@https://registry.npmjs.org/@jridgewell/remapping/-/remapping-2.3.5.tgz 0ms (cache hit)
908 http cache @nodelib/fs.scandir@https://registry.npmjs.org/@nodelib/fs.scandir/-/fs.scandir-2.1.5.tgz 0ms (cache hit)
909 http cache @jridgewell/sourcemap-codec@https://registry.npmjs.org/@jridgewell/sourcemap-codec/-/sourcemap-codec-1.5.5.tgz 0ms (cache hit)
910 http cache @jridgewell/gen-mapping@https://registry.npmjs.org/@jridgewell/gen-mapping/-/gen-mapping-0.3.13.tgz 0ms (cache hit)
911 http cache @jest/types@https://registry.npmjs.org/@jest/types/-/types-29.6.3.tgz 0ms (cache hit)
912 http cache @jridgewell/source-map@https://registry.npmjs.org/@jridgewell/source-map/-/source-map-0.3.11.tgz 0ms (cache hit)
913 http cache @jest/transform@https://registry.npmjs.org/@jest/transform/-/transform-29.7.0.tgz 0ms (cache hit)
914 http cache @jest/source-map@https://registry.npmjs.org/@jest/source-map/-/source-map-29.6.3.tgz 0ms (cache hit)
915 http cache @jest/test-sequencer@https://registry.npmjs.org/@jest/test-sequencer/-/test-sequencer-29.7.0.tgz 0ms (cache hit)
916 http cache @jridgewell/resolve-uri@https://registry.npmjs.org/@jridgewell/resolve-uri/-/resolve-uri-3.1.2.tgz 0ms (cache hit)
917 http cache @jest/globals@https://registry.npmjs.org/@jest/globals/-/globals-29.7.0.tgz 0ms (cache hit)
918 http cache @jest/get-type@https://registry.npmjs.org/@jest/get-type/-/get-type-30.1.0.tgz 0ms (cache hit)
919 http cache @jest/fake-timers@https://registry.npmjs.org/@jest/fake-timers/-/fake-timers-29.7.0.tgz 0ms (cache hit)
920 http cache @jest/expect-utils@https://registry.npmjs.org/@jest/expect-utils/-/expect-utils-29.7.0.tgz 0ms (cache hit)
921 http cache @jest/expect@https://registry.npmjs.org/@jest/expect/-/expect-29.7.0.tgz 0ms (cache hit)
922 http cache @jest/environment@https://registry.npmjs.org/@jest/environment/-/environment-29.7.0.tgz 0ms (cache hit)
923 http cache @jest/diff-sequences@https://registry.npmjs.org/@jest/diff-sequences/-/diff-sequences-30.3.0.tgz 0ms (cache hit)
924 http cache @jest/create-cache-key-function@https://registry.npmjs.org/@jest/create-cache-key-function/-/create-cache-key-function-29.7.0.tgz 0ms (cache hit)
925 http cache @jest/reporters@https://registry.npmjs.org/@jest/reporters/-/reporters-29.7.0.tgz 0ms (cache hit)
926 http cache @jest/core@https://registry.npmjs.org/@jest/core/-/core-29.7.0.tgz 0ms (cache hit)
927 http cache @jest/console@https://registry.npmjs.org/@jest/console/-/console-29.7.0.tgz 0ms (cache hit)
928 http cache @istanbuljs/load-nyc-config@https://registry.npmjs.org/@istanbuljs/load-nyc-config/-/load-nyc-config-1.1.0.tgz 0ms (cache hit)
929 http cache @istanbuljs/schema@https://registry.npmjs.org/@istanbuljs/schema/-/schema-0.1.6.tgz 0ms (cache hit)
930 http cache @jest/schemas@https://registry.npmjs.org/@jest/schemas/-/schemas-29.6.3.tgz 0ms (cache hit)
931 http cache @isaacs/ttlcache@https://registry.npmjs.org/@isaacs/ttlcache/-/ttlcache-1.4.1.tgz 0ms (cache hit)
932 http cache @img/sharp-libvips-linux-arm64@https://registry.npmjs.org/@img/sharp-libvips-linux-arm64/-/sharp-libvips-linux-arm64-1.2.4.tgz 0ms (cache hit)
933 http cache @img/sharp-linuxmusl-arm64@https://registry.npmjs.org/@img/sharp-linuxmusl-arm64/-/sharp-linuxmusl-arm64-0.34.5.tgz 0ms (cache hit)
934 http cache @jest/test-result@https://registry.npmjs.org/@jest/test-result/-/test-result-29.7.0.tgz 0ms (cache hit)
935 http cache @humanwhocodes/object-schema@https://registry.npmjs.org/@humanwhocodes/object-schema/-/object-schema-2.0.3.tgz 0ms (cache hit)
936 http cache @humanwhocodes/config-array@https://registry.npmjs.org/@humanwhocodes/config-array/-/config-array-0.13.0.tgz 0ms (cache hit)
937 http cache @img/sharp-libvips-linuxmusl-arm64@https://registry.npmjs.org/@img/sharp-libvips-linuxmusl-arm64/-/sharp-libvips-linuxmusl-arm64-1.2.4.tgz 0ms (cache hit)
938 http cache @humanwhocodes/module-importer@https://registry.npmjs.org/@humanwhocodes/module-importer/-/module-importer-1.0.1.tgz 0ms (cache hit)
939 http cache @img/sharp-linux-arm64@https://registry.npmjs.org/@img/sharp-linux-arm64/-/sharp-linux-arm64-0.34.5.tgz 0ms (cache hit)
940 http cache @hapi/topo@https://registry.npmjs.org/@hapi/topo/-/topo-6.0.2.tgz 0ms (cache hit)
941 http cache @img/colour@https://registry.npmjs.org/@img/colour/-/colour-1.1.0.tgz 0ms (cache hit)
942 http cache @hapi/tlds@https://registry.npmjs.org/@hapi/tlds/-/tlds-1.1.6.tgz 0ms (cache hit)
943 http cache @gorhom/bottom-sheet@https://registry.npmjs.org/@gorhom/bottom-sheet/-/bottom-sheet-5.2.9.tgz 0ms (cache hit)
944 http cache @hapi/formula@https://registry.npmjs.org/@hapi/formula/-/formula-3.0.2.tgz 0ms (cache hit)
945 http cache @gorhom/portal@https://registry.npmjs.org/@gorhom/portal/-/portal-1.0.14.tgz 0ms (cache hit)
946 http cache @hapi/pinpoint@https://registry.npmjs.org/@hapi/pinpoint/-/pinpoint-2.0.1.tgz 0ms (cache hit)
947 http cache @expo/ws-tunnel@https://registry.npmjs.org/@expo/ws-tunnel/-/ws-tunnel-1.0.6.tgz 0ms (cache hit)
948 http cache @hapi/hoek@https://registry.npmjs.org/@hapi/hoek/-/hoek-11.0.7.tgz 0ms (cache hit)
949 http cache @expo/sudo-prompt@https://registry.npmjs.org/@expo/sudo-prompt/-/sudo-prompt-9.3.2.tgz 0ms (cache hit)
950 http cache @hapi/address@https://registry.npmjs.org/@hapi/address/-/address-5.1.1.tgz 0ms (cache hit)
951 http cache @expo/sdk-runtime-versions@https://registry.npmjs.org/@expo/sdk-runtime-versions/-/sdk-runtime-versions-1.0.0.tgz 0ms (cache hit)
952 http cache @expo/xcpretty@https://registry.npmjs.org/@expo/xcpretty/-/xcpretty-4.4.3.tgz 0ms (cache hit)
953 http cache @expo/require-utils@https://registry.npmjs.org/@expo/require-utils/-/require-utils-55.0.5.tgz 0ms (cache hit)
954 http cache @expo/router-server@https://registry.npmjs.org/@expo/router-server/-/router-server-55.0.14.tgz 0ms (cache hit)
955 http cache @expo/prebuild-config@https://registry.npmjs.org/@expo/prebuild-config/-/prebuild-config-55.0.17.tgz 0ms (cache hit)
956 http cache @expo/package-manager@https://registry.npmjs.org/@expo/package-manager/-/package-manager-1.10.4.tgz 0ms (cache hit)
957 http cache @expo/plist@https://registry.npmjs.org/@expo/plist/-/plist-0.5.2.tgz 0ms (cache hit)
958 http cache @expo/metro-config@https://registry.npmjs.org/@expo/metro-config/-/metro-config-55.0.16.tgz 0ms (cache hit)
959 http cache @expo/metro-runtime@https://registry.npmjs.org/@expo/metro-runtime/-/metro-runtime-55.0.11.tgz 0ms (cache hit)
960 http cache @expo/osascript@https://registry.npmjs.org/@expo/osascript/-/osascript-2.4.2.tgz 0ms (cache hit)
961 http cache @expo/log-box@https://registry.npmjs.org/@expo/log-box/-/log-box-55.0.10.tgz 0ms (cache hit)
962 http cache @expo/metro@https://registry.npmjs.org/@expo/metro/-/metro-55.0.0.tgz 0ms (cache hit)
963 http cache @expo/json-file@https://registry.npmjs.org/@expo/json-file/-/json-file-10.0.14.tgz 0ms (cache hit)
964 http cache @expo/local-build-cache-provider@https://registry.npmjs.org/@expo/local-build-cache-provider/-/local-build-cache-provider-55.0.11.tgz 0ms (cache hit)
965 http cache @expo/image-utils@https://registry.npmjs.org/@expo/image-utils/-/image-utils-0.8.14.tgz 0ms (cache hit)
966 http cache @expo/vector-icons@https://registry.npmjs.org/@expo/vector-icons/-/vector-icons-15.1.1.tgz 0ms (cache hit)
967 http cache @expo/env@https://registry.npmjs.org/@expo/env/-/env-2.1.1.tgz 0ms (cache hit)
968 http cache @expo/dom-webview@https://registry.npmjs.org/@expo/dom-webview/-/dom-webview-55.0.6.tgz 0ms (cache hit)
969 http cache @expo/devtools@https://registry.npmjs.org/@expo/devtools/-/devtools-55.0.2.tgz 0ms (cache hit)
970 http cache @expo/devcert@https://registry.npmjs.org/@expo/devcert/-/devcert-1.2.1.tgz 0ms (cache hit)
971 http cache @expo/config-plugins@https://registry.npmjs.org/@expo/config-plugins/-/config-plugins-55.0.8.tgz 0ms (cache hit)
972 http cache @expo/config-types@https://registry.npmjs.org/@expo/config-types/-/config-types-55.0.5.tgz 0ms (cache hit)
973 http cache @expo/config@https://registry.npmjs.org/@expo/config/-/config-55.0.16.tgz 0ms (cache hit)
974 http cache @expo/code-signing-certificates@https://registry.npmjs.org/@expo/code-signing-certificates/-/code-signing-certificates-0.0.6.tgz 0ms (cache hit)
975 http cache @expo/cli@https://registry.npmjs.org/@expo/cli/-/cli-55.0.24.tgz 0ms (cache hit)
976 http cache @eslint/eslintrc@https://registry.npmjs.org/@eslint/eslintrc/-/eslintrc-2.1.4.tgz 0ms (cache hit)
977 http cache @eslint/js@https://registry.npmjs.org/@eslint/js/-/js-8.57.1.tgz 0ms (cache hit)
978 http cache @expo/spawn-async@https://registry.npmjs.org/@expo/spawn-async/-/spawn-async-1.7.2.tgz 0ms (cache hit)
979 http cache @expo-google-fonts/material-symbols@https://registry.npmjs.org/@expo-google-fonts/material-symbols/-/material-symbols-0.4.38.tgz 0ms (cache hit)
980 http cache @eslint-community/regexpp@https://registry.npmjs.org/@eslint-community/regexpp/-/regexpp-4.12.2.tgz 0ms (cache hit)
981 http cache @esbuild-kit/core-utils@https://registry.npmjs.org/@esbuild-kit/core-utils/-/core-utils-3.3.2.tgz 0ms (cache hit)
982 http cache @expo/schema-utils@https://registry.npmjs.org/@expo/schema-utils/-/schema-utils-55.0.4.tgz 0ms (cache hit)
983 http cache @esbuild/linux-arm64@https://registry.npmjs.org/@esbuild/linux-arm64/-/linux-arm64-0.25.12.tgz 0ms (cache hit)
984 http cache @expo/fingerprint@https://registry.npmjs.org/@expo/fingerprint/-/fingerprint-0.16.6.tgz 0ms (cache hit)
985 http cache @egjs/hammerjs@https://registry.npmjs.org/@egjs/hammerjs/-/hammerjs-2.0.17.tgz 0ms (cache hit)
986 http cache @eslint-community/eslint-utils@https://registry.npmjs.org/@eslint-community/eslint-utils/-/eslint-utils-4.9.1.tgz 0ms (cache hit)
987 http cache @bcoe/v8-coverage@https://registry.npmjs.org/@bcoe/v8-coverage/-/v8-coverage-0.2.3.tgz 0ms (cache hit)
988 http cache @babel/traverse@https://registry.npmjs.org/@babel/traverse/-/traverse-7.29.0.tgz 0ms (cache hit)
989 http cache @drizzle-team/brocli@https://registry.npmjs.org/@drizzle-team/brocli/-/brocli-0.10.2.tgz 0ms (cache hit)
990 http cache @esbuild-kit/esm-loader@https://registry.npmjs.org/@esbuild-kit/esm-loader/-/esm-loader-2.6.5.tgz 0ms (cache hit)
991 http cache @babel/template@https://registry.npmjs.org/@babel/template/-/template-7.28.6.tgz 0ms (cache hit)
992 http cache @babel/types@https://registry.npmjs.org/@babel/types/-/types-7.29.0.tgz 0ms (cache hit)
993 http cache @babel/preset-react@https://registry.npmjs.org/@babel/preset-react/-/preset-react-7.28.5.tgz 0ms (cache hit)
994 http cache @babel/plugin-transform-typescript@https://registry.npmjs.org/@babel/plugin-transform-typescript/-/plugin-transform-typescript-7.28.6.tgz 0ms (cache hit)
995 http cache @babel/plugin-transform-sticky-regex@https://registry.npmjs.org/@babel/plugin-transform-sticky-regex/-/plugin-transform-sticky-regex-7.27.1.tgz 0ms (cache hit)
996 http cache @babel/plugin-transform-template-literals@https://registry.npmjs.org/@babel/plugin-transform-template-literals/-/plugin-transform-template-literals-7.27.1.tgz 0ms (cache hit)
997 http cache @babel/plugin-transform-spread@https://registry.npmjs.org/@babel/plugin-transform-spread/-/plugin-transform-spread-7.28.6.tgz 0ms (cache hit)
998 http cache @babel/plugin-transform-shorthand-properties@https://registry.npmjs.org/@babel/plugin-transform-shorthand-properties/-/plugin-transform-shorthand-properties-7.27.1.tgz 0ms (cache hit)
999 http cache @babel/plugin-transform-runtime@https://registry.npmjs.org/@babel/plugin-transform-runtime/-/plugin-transform-runtime-7.29.0.tgz 0ms (cache hit)
1000 http cache @babel/plugin-transform-regenerator@https://registry.npmjs.org/@babel/plugin-transform-regenerator/-/plugin-transform-regenerator-7.29.0.tgz 0ms (cache hit)
1001 http cache @babel/plugin-transform-react-pure-annotations@https://registry.npmjs.org/@babel/plugin-transform-react-pure-annotations/-/plugin-transform-react-pure-annotations-7.27.1.tgz 0ms (cache hit)
1002 http cache @babel/plugin-transform-react-jsx-source@https://registry.npmjs.org/@babel/plugin-transform-react-jsx-source/-/plugin-transform-react-jsx-source-7.27.1.tgz 0ms (cache hit)
1003 http cache @babel/plugin-transform-react-jsx-self@https://registry.npmjs.org/@babel/plugin-transform-react-jsx-self/-/plugin-transform-react-jsx-self-7.27.1.tgz 0ms (cache hit)
1004 http cache @babel/plugin-transform-react-jsx-development@https://registry.npmjs.org/@babel/plugin-transform-react-jsx-development/-/plugin-transform-react-jsx-development-7.27.1.tgz 0ms (cache hit)
1005 http cache @babel/plugin-transform-react-display-name@https://registry.npmjs.org/@babel/plugin-transform-react-display-name/-/plugin-transform-react-display-name-7.28.0.tgz 0ms (cache hit)
1006 http cache @babel/plugin-transform-react-jsx@https://registry.npmjs.org/@babel/plugin-transform-react-jsx/-/plugin-transform-react-jsx-7.28.6.tgz 0ms (cache hit)
1007 http cache @babel/plugin-transform-private-property-in-object@https://registry.npmjs.org/@babel/plugin-transform-private-property-in-object/-/plugin-transform-private-property-in-object-7.28.6.tgz 0ms (cache hit)
1008 http cache @babel/plugin-transform-parameters@https://registry.npmjs.org/@babel/plugin-transform-parameters/-/plugin-transform-parameters-7.27.7.tgz 0ms (cache hit)
1009 http cache @babel/plugin-transform-private-methods@https://registry.npmjs.org/@babel/plugin-transform-private-methods/-/plugin-transform-private-methods-7.28.6.tgz 0ms (cache hit)
1010 http cache @babel/plugin-transform-optional-catch-binding@https://registry.npmjs.org/@babel/plugin-transform-optional-catch-binding/-/plugin-transform-optional-catch-binding-7.28.6.tgz 0ms (cache hit)
1011 http cache @babel/plugin-transform-object-rest-spread@https://registry.npmjs.org/@babel/plugin-transform-object-rest-spread/-/plugin-transform-object-rest-spread-7.28.6.tgz 0ms (cache hit)
1012 http cache @babel/plugin-transform-numeric-separator@https://registry.npmjs.org/@babel/plugin-transform-numeric-separator/-/plugin-transform-numeric-separator-7.28.6.tgz 0ms (cache hit)
1013 http cache @babel/plugin-transform-optional-chaining@https://registry.npmjs.org/@babel/plugin-transform-optional-chaining/-/plugin-transform-optional-chaining-7.28.6.tgz 0ms (cache hit)
1014 http cache @babel/plugin-transform-nullish-coalescing-operator@https://registry.npmjs.org/@babel/plugin-transform-nullish-coalescing-operator/-/plugin-transform-nullish-coalescing-operator-7.28.6.tgz 0ms (cache hit)
1015 http cache @babel/plugin-transform-named-capturing-groups-regex@https://registry.npmjs.org/@babel/plugin-transform-named-capturing-groups-regex/-/plugin-transform-named-capturing-groups-regex-7.29.0.tgz 0ms (cache hit)
1016 http cache @babel/plugin-transform-logical-assignment-operators@https://registry.npmjs.org/@babel/plugin-transform-logical-assignment-operators/-/plugin-transform-logical-assignment-operators-7.28.6.tgz 0ms (cache hit)
1017 http cache @babel/plugin-transform-modules-commonjs@https://registry.npmjs.org/@babel/plugin-transform-modules-commonjs/-/plugin-transform-modules-commonjs-7.28.6.tgz 0ms (cache hit)
1018 http cache @babel/plugin-transform-literals@https://registry.npmjs.org/@babel/plugin-transform-literals/-/plugin-transform-literals-7.27.1.tgz 0ms (cache hit)
1019 http cache @babel/plugin-transform-for-of@https://registry.npmjs.org/@babel/plugin-transform-for-of/-/plugin-transform-for-of-7.27.1.tgz 0ms (cache hit)
1020 http cache @babel/plugin-transform-flow-strip-types@https://registry.npmjs.org/@babel/plugin-transform-flow-strip-types/-/plugin-transform-flow-strip-types-7.27.1.tgz 0ms (cache hit)
1021 http cache @babel/plugin-transform-function-name@https://registry.npmjs.org/@babel/plugin-transform-function-name/-/plugin-transform-function-name-7.27.1.tgz 0ms (cache hit)
1022 http cache @babel/plugin-transform-export-namespace-from@https://registry.npmjs.org/@babel/plugin-transform-export-namespace-from/-/plugin-transform-export-namespace-from-7.27.1.tgz 0ms (cache hit)
1023 http cache @babel/plugin-transform-destructuring@https://registry.npmjs.org/@babel/plugin-transform-destructuring/-/plugin-transform-destructuring-7.28.5.tgz 0ms (cache hit)
1024 http cache @babel/plugin-transform-computed-properties@https://registry.npmjs.org/@babel/plugin-transform-computed-properties/-/plugin-transform-computed-properties-7.28.6.tgz 0ms (cache hit)
1025 http cache @babel/plugin-transform-classes@https://registry.npmjs.org/@babel/plugin-transform-classes/-/plugin-transform-classes-7.28.6.tgz 0ms (cache hit)
1026 http cache @babel/plugin-transform-class-static-block@https://registry.npmjs.org/@babel/plugin-transform-class-static-block/-/plugin-transform-class-static-block-7.28.6.tgz 0ms (cache hit)
1027 http cache @babel/plugin-transform-block-scoping@https://registry.npmjs.org/@babel/plugin-transform-block-scoping/-/plugin-transform-block-scoping-7.28.6.tgz 0ms (cache hit)
1028 http cache @babel/plugin-transform-class-properties@https://registry.npmjs.org/@babel/plugin-transform-class-properties/-/plugin-transform-class-properties-7.28.6.tgz 0ms (cache hit)
1029 http cache @babel/plugin-transform-async-to-generator@https://registry.npmjs.org/@babel/plugin-transform-async-to-generator/-/plugin-transform-async-to-generator-7.28.6.tgz 0ms (cache hit)
1030 http cache @babel/plugin-transform-async-generator-functions@https://registry.npmjs.org/@babel/plugin-transform-async-generator-functions/-/plugin-transform-async-generator-functions-7.29.0.tgz 0ms (cache hit)
1031 http cache @babel/plugin-syntax-typescript@https://registry.npmjs.org/@babel/plugin-syntax-typescript/-/plugin-syntax-typescript-7.28.6.tgz 0ms (cache hit)
1032 http cache @babel/plugin-transform-arrow-functions@https://registry.npmjs.org/@babel/plugin-transform-arrow-functions/-/plugin-transform-arrow-functions-7.27.1.tgz 0ms (cache hit)
1033 http cache @babel/plugin-syntax-optional-chaining@https://registry.npmjs.org/@babel/plugin-syntax-optional-chaining/-/plugin-syntax-optional-chaining-7.8.3.tgz 0ms (cache hit)
1034 http cache @babel/plugin-syntax-top-level-await@https://registry.npmjs.org/@babel/plugin-syntax-top-level-await/-/plugin-syntax-top-level-await-7.14.5.tgz 0ms (cache hit)
1035 http cache @babel/plugin-syntax-private-property-in-object@https://registry.npmjs.org/@babel/plugin-syntax-private-property-in-object/-/plugin-syntax-private-property-in-object-7.14.5.tgz 0ms (cache hit)
1036 http cache @babel/plugin-syntax-optional-catch-binding@https://registry.npmjs.org/@babel/plugin-syntax-optional-catch-binding/-/plugin-syntax-optional-catch-binding-7.8.3.tgz 0ms (cache hit)
1037 http cache @babel/plugin-syntax-numeric-separator@https://registry.npmjs.org/@babel/plugin-syntax-numeric-separator/-/plugin-syntax-numeric-separator-7.10.4.tgz 0ms (cache hit)
1038 http cache @babel/plugin-syntax-object-rest-spread@https://registry.npmjs.org/@babel/plugin-syntax-object-rest-spread/-/plugin-syntax-object-rest-spread-7.8.3.tgz 0ms (cache hit)
1039 http cache @babel/plugin-syntax-nullish-coalescing-operator@https://registry.npmjs.org/@babel/plugin-syntax-nullish-coalescing-operator/-/plugin-syntax-nullish-coalescing-operator-7.8.3.tgz 0ms (cache hit)
1040 http cache @babel/plugin-syntax-logical-assignment-operators@https://registry.npmjs.org/@babel/plugin-syntax-logical-assignment-operators/-/plugin-syntax-logical-assignment-operators-7.10.4.tgz 0ms (cache hit)
1041 http cache @babel/plugin-syntax-jsx@https://registry.npmjs.org/@babel/plugin-syntax-jsx/-/plugin-syntax-jsx-7.28.6.tgz 0ms (cache hit)
1042 http cache @babel/plugin-syntax-json-strings@https://registry.npmjs.org/@babel/plugin-syntax-json-strings/-/plugin-syntax-json-strings-7.8.3.tgz 0ms (cache hit)
1043 http cache @babel/plugin-syntax-import-meta@https://registry.npmjs.org/@babel/plugin-syntax-import-meta/-/plugin-syntax-import-meta-7.10.4.tgz 0ms (cache hit)
1044 http cache @babel/plugin-syntax-import-attributes@https://registry.npmjs.org/@babel/plugin-syntax-import-attributes/-/plugin-syntax-import-attributes-7.28.6.tgz 0ms (cache hit)
1045 http cache @babel/plugin-syntax-flow@https://registry.npmjs.org/@babel/plugin-syntax-flow/-/plugin-syntax-flow-7.28.6.tgz 0ms (cache hit)
1046 http cache @babel/plugin-syntax-dynamic-import@https://registry.npmjs.org/@babel/plugin-syntax-dynamic-import/-/plugin-syntax-dynamic-import-7.8.3.tgz 0ms (cache hit)
1047 http cache @babel/plugin-syntax-export-default-from@https://registry.npmjs.org/@babel/plugin-syntax-export-default-from/-/plugin-syntax-export-default-from-7.28.6.tgz 0ms (cache hit)
1048 http cache @babel/plugin-syntax-decorators@https://registry.npmjs.org/@babel/plugin-syntax-decorators/-/plugin-syntax-decorators-7.28.6.tgz 0ms (cache hit)
1049 http cache @babel/plugin-syntax-class-properties@https://registry.npmjs.org/@babel/plugin-syntax-class-properties/-/plugin-syntax-class-properties-7.12.13.tgz 0ms (cache hit)
1050 http cache @babel/plugin-syntax-class-static-block@https://registry.npmjs.org/@babel/plugin-syntax-class-static-block/-/plugin-syntax-class-static-block-7.14.5.tgz 0ms (cache hit)
1051 http cache @babel/plugin-syntax-bigint@https://registry.npmjs.org/@babel/plugin-syntax-bigint/-/plugin-syntax-bigint-7.8.3.tgz 0ms (cache hit)
1052 http cache @babel/runtime@https://registry.npmjs.org/@babel/runtime/-/runtime-7.29.2.tgz 0ms (cache hit)
1053 http cache @babel/plugin-proposal-export-default-from@https://registry.npmjs.org/@babel/plugin-proposal-export-default-from/-/plugin-proposal-export-default-from-7.27.1.tgz 0ms (cache hit)
1054 http cache @babel/plugin-proposal-decorators@https://registry.npmjs.org/@babel/plugin-proposal-decorators/-/plugin-proposal-decorators-7.29.0.tgz 0ms (cache hit)
1055 http cache @babel/parser@https://registry.npmjs.org/@babel/parser/-/parser-7.29.2.tgz 0ms (cache hit)
1056 http cache @babel/helper-wrap-function@https://registry.npmjs.org/@babel/helper-wrap-function/-/helper-wrap-function-7.28.6.tgz 0ms (cache hit)
1057 http cache @babel/helpers@https://registry.npmjs.org/@babel/helpers/-/helpers-7.29.2.tgz 0ms (cache hit)
1058 http cache @babel/helper-validator-option@https://registry.npmjs.org/@babel/helper-validator-option/-/helper-validator-option-7.27.1.tgz 0ms (cache hit)
1059 http cache @babel/helper-validator-identifier@https://registry.npmjs.org/@babel/helper-validator-identifier/-/helper-validator-identifier-7.28.5.tgz 0ms (cache hit)
1060 http cache @babel/helper-skip-transparent-expression-wrappers@https://registry.npmjs.org/@babel/helper-skip-transparent-expression-wrappers/-/helper-skip-transparent-expression-wrappers-7.27.1.tgz 0ms (cache hit)
1061 http cache @babel/helper-string-parser@https://registry.npmjs.org/@babel/helper-string-parser/-/helper-string-parser-7.27.1.tgz 0ms (cache hit)
1062 http cache @babel/helper-replace-supers@https://registry.npmjs.org/@babel/helper-replace-supers/-/helper-replace-supers-7.28.6.tgz 0ms (cache hit)
1063 http cache @babel/helper-remap-async-to-generator@https://registry.npmjs.org/@babel/helper-remap-async-to-generator/-/helper-remap-async-to-generator-7.27.1.tgz 0ms (cache hit)
1064 http cache @babel/helper-plugin-utils@https://registry.npmjs.org/@babel/helper-plugin-utils/-/helper-plugin-utils-7.28.6.tgz 0ms (cache hit)
1065 http cache @babel/helper-optimise-call-expression@https://registry.npmjs.org/@babel/helper-optimise-call-expression/-/helper-optimise-call-expression-7.27.1.tgz 0ms (cache hit)
1066 http cache @babel/helper-module-transforms@https://registry.npmjs.org/@babel/helper-module-transforms/-/helper-module-transforms-7.28.6.tgz 0ms (cache hit)
1067 http cache @babel/helper-module-imports@https://registry.npmjs.org/@babel/helper-module-imports/-/helper-module-imports-7.28.6.tgz 0ms (cache hit)
1068 http cache @babel/helper-member-expression-to-functions@https://registry.npmjs.org/@babel/helper-member-expression-to-functions/-/helper-member-expression-to-functions-7.28.5.tgz 0ms (cache hit)
1069 http cache @babel/helper-globals@https://registry.npmjs.org/@babel/helper-globals/-/helper-globals-7.28.0.tgz 0ms (cache hit)
1070 http cache @babel/helper-create-regexp-features-plugin@https://registry.npmjs.org/@babel/helper-create-regexp-features-plugin/-/helper-create-regexp-features-plugin-7.28.5.tgz 0ms (cache hit)
1071 http cache @babel/preset-typescript@https://registry.npmjs.org/@babel/preset-typescript/-/preset-typescript-7.28.5.tgz 0ms (cache hit)
1072 http cache @babel/helper-compilation-targets@https://registry.npmjs.org/@babel/helper-compilation-targets/-/helper-compilation-targets-7.28.6.tgz 0ms (cache hit)
1073 http cache @babel/helper-create-class-features-plugin@https://registry.npmjs.org/@babel/helper-create-class-features-plugin/-/helper-create-class-features-plugin-7.28.6.tgz 0ms (cache hit)
1074 http cache @babel/helper-annotate-as-pure@https://registry.npmjs.org/@babel/helper-annotate-as-pure/-/helper-annotate-as-pure-7.27.3.tgz 0ms (cache hit)
1075 http cache @babel/generator@https://registry.npmjs.org/@babel/generator/-/generator-7.29.1.tgz 0ms (cache hit)
1076 http cache @babel/core@https://registry.npmjs.org/@babel/core/-/core-7.29.0.tgz 0ms (cache hit)
1077 http cache @babel/compat-data@https://registry.npmjs.org/@babel/compat-data/-/compat-data-7.29.0.tgz 0ms (cache hit)
1078 http cache @babel/code-frame@https://registry.npmjs.org/@babel/code-frame/-/code-frame-7.29.0.tgz 0ms (cache hit)
1079 http cache @axe-core/playwright@https://registry.npmjs.org/@axe-core/playwright/-/playwright-4.11.2.tgz 0ms (cache hit)
1080 http cache @babel/plugin-transform-unicode-regex@https://registry.npmjs.org/@babel/plugin-transform-unicode-regex/-/plugin-transform-unicode-regex-7.27.1.tgz 0ms (cache hit)
1081 http cache type-fest@https://registry.npmjs.org/type-fest/-/type-fest-5.5.0.tgz 0ms (cache hit)
1082 http cache string-width@https://registry.npmjs.org/string-width/-/string-width-4.2.3.tgz 0ms (cache hit)
1083 http cache @babel/plugin-syntax-async-generators@https://registry.npmjs.org/@babel/plugin-syntax-async-generators/-/plugin-syntax-async-generators-7.8.4.tgz 0ms (cache hit)
1084 http cache string-width@https://registry.npmjs.org/string-width/-/string-width-4.2.3.tgz 0ms (cache hit)
1085 http cache is-fullwidth-code-point@https://registry.npmjs.org/is-fullwidth-code-point/-/is-fullwidth-code-point-3.0.0.tgz 0ms (cache hit)
1086 http cache @babel/helper-define-polyfill-provider@https://registry.npmjs.org/@babel/helper-define-polyfill-provider/-/helper-define-polyfill-provider-0.6.8.tgz 0ms (cache hit)
1087 http cache string-width@https://registry.npmjs.org/string-width/-/string-width-5.1.2.tgz 0ms (cache hit)
1088 http cache xmlbuilder@https://registry.npmjs.org/xmlbuilder/-/xmlbuilder-11.0.1.tgz 0ms (cache hit)
1089 http cache is-fullwidth-code-point@https://registry.npmjs.org/is-fullwidth-code-point/-/is-fullwidth-code-point-3.0.0.tgz 0ms (cache hit)
1090 http cache @esbuild/linux-arm64@https://registry.npmjs.org/@esbuild/linux-arm64/-/linux-arm64-0.27.7.tgz 0ms (cache hit)
1091 http cache strip-ansi@https://registry.npmjs.org/strip-ansi/-/strip-ansi-7.2.0.tgz 0ms (cache hit)
1092 http cache esbuild@https://registry.npmjs.org/esbuild/-/esbuild-0.27.7.tgz 0ms (cache hit)
1093 http cache minimatch@https://registry.npmjs.org/minimatch/-/minimatch-3.1.5.tgz 0ms (cache hit)
1094 http cache type-fest@https://registry.npmjs.org/type-fest/-/type-fest-4.41.0.tgz 0ms (cache hit)
1095 http cache emoji-regex@https://registry.npmjs.org/emoji-regex/-/emoji-regex-9.2.2.tgz 0ms (cache hit)
1096 http cache glob@https://registry.npmjs.org/glob/-/glob-7.2.3.tgz 0ms (cache hit)
1097 http cache ansi-regex@https://registry.npmjs.org/ansi-regex/-/ansi-regex-6.2.2.tgz 0ms (cache hit)
1098 http cache balanced-match@https://registry.npmjs.org/balanced-match/-/balanced-match-1.0.2.tgz 0ms (cache hit)
1099 http cache ansi-regex@https://registry.npmjs.org/ansi-regex/-/ansi-regex-6.2.2.tgz 0ms (cache hit)
1100 http cache source-map@https://registry.npmjs.org/source-map/-/source-map-0.5.6.tgz 0ms (cache hit)
1101 http cache strip-ansi@https://registry.npmjs.org/strip-ansi/-/strip-ansi-7.2.0.tgz 0ms (cache hit)
1102 http cache brace-expansion@https://registry.npmjs.org/brace-expansion/-/brace-expansion-1.1.14.tgz 0ms (cache hit)
1103 http cache type-fest@https://registry.npmjs.org/type-fest/-/type-fest-0.7.1.tgz 0ms (cache hit)
1104 http cache commander@https://registry.npmjs.org/commander/-/commander-2.20.3.tgz 0ms (cache hit)
1105 http cache escape-string-regexp@https://registry.npmjs.org/escape-string-regexp/-/escape-string-regexp-2.0.0.tgz 0ms (cache hit)
1106 http cache is-arrayish@https://registry.npmjs.org/is-arrayish/-/is-arrayish-0.3.4.tgz 0ms (cache hit)
1107 http cache bplist-parser@https://registry.npmjs.org/bplist-parser/-/bplist-parser-0.3.1.tgz 0ms (cache hit)
1108 http cache ansi-styles@https://registry.npmjs.org/ansi-styles/-/ansi-styles-6.2.3.tgz 0ms (cache hit)
1109 http cache range-parser@https://registry.npmjs.org/range-parser/-/range-parser-1.2.0.tgz 0ms (cache hit)
1110 http cache minimatch@https://registry.npmjs.org/minimatch/-/minimatch-3.1.5.tgz 0ms (cache hit)
1111 http cache brace-expansion@https://registry.npmjs.org/brace-expansion/-/brace-expansion-1.1.16.tgz 0ms (cache hit)
1112 http cache encodeurl@https://registry.npmjs.org/encodeurl/-/encodeurl-2.0.0.tgz 0ms (cache hit)
1113 http cache mime-types@https://registry.npmjs.org/mime-types/-/mime-types-2.1.18.tgz 0ms (cache hit)
1114 http cache json-schema-traverse@https://registry.npmjs.org/json-schema-traverse/-/json-schema-traverse-1.0.0.tgz 1ms (cache hit)
1115 http cache balanced-match@https://registry.npmjs.org/balanced-match/-/balanced-match-1.0.2.tgz 0ms (cache hit)
1116 http cache ajv@https://registry.npmjs.org/ajv/-/ajv-8.18.0.tgz 0ms (cache hit)
1117 http cache statuses@https://registry.npmjs.org/statuses/-/statuses-2.0.2.tgz 0ms (cache hit)
1118 http cache bytes@https://registry.npmjs.org/bytes/-/bytes-3.0.0.tgz 0ms (cache hit)
1119 http cache chalk@https://registry.npmjs.org/chalk/-/chalk-5.0.1.tgz 0ms (cache hit)
1120 http cache mime-db@https://registry.npmjs.org/mime-db/-/mime-db-1.33.0.tgz 0ms (cache hit)
1121 http cache encodeurl@https://registry.npmjs.org/encodeurl/-/encodeurl-2.0.0.tgz 0ms (cache hit)
1122 http cache ms@https://registry.npmjs.org/ms/-/ms-2.0.0.tgz 0ms (cache hit)
1123 http cache debug@https://registry.npmjs.org/debug/-/debug-2.6.9.tgz 0ms (cache hit)
1124 http cache minimatch@https://registry.npmjs.org/minimatch/-/minimatch-3.1.5.tgz 0ms (cache hit)
1125 http cache balanced-match@https://registry.npmjs.org/balanced-match/-/balanced-match-1.0.2.tgz 0ms (cache hit)
1126 http cache on-finished@https://registry.npmjs.org/on-finished/-/on-finished-2.4.1.tgz 0ms (cache hit)
1127 http cache onetime@https://registry.npmjs.org/onetime/-/onetime-7.0.0.tgz 0ms (cache hit)
1128 http cache brace-expansion@https://registry.npmjs.org/brace-expansion/-/brace-expansion-1.1.14.tgz 0ms (cache hit)
1129 http cache memoize-one@https://registry.npmjs.org/memoize-one/-/memoize-one-6.0.0.tgz 0ms (cache hit)
1130 http cache @react-native/normalize-colors@https://registry.npmjs.org/@react-native/normalize-colors/-/normalize-colors-0.74.89.tgz 0ms (cache hit)
1131 http cache signal-exit@https://registry.npmjs.org/signal-exit/-/signal-exit-4.1.0.tgz 0ms (cache hit)
1132 http cache scheduler@https://registry.npmjs.org/scheduler/-/scheduler-0.25.0.tgz 0ms (cache hit)
1133 http cache glob@https://registry.npmjs.org/glob/-/glob-7.2.3.tgz 0ms (cache hit)
1134 http cache glob@https://registry.npmjs.org/glob/-/glob-7.2.3.tgz 0ms (cache hit)
1135 http cache ws@https://registry.npmjs.org/ws/-/ws-7.5.10.tgz 0ms (cache hit)
1136 http cache commander@https://registry.npmjs.org/commander/-/commander-12.1.0.tgz 0ms (cache hit)
1137 http cache hermes-parser@https://registry.npmjs.org/hermes-parser/-/hermes-parser-0.32.0.tgz 0ms (cache hit)
1138 http cache babel-plugin-syntax-hermes-parser@https://registry.npmjs.org/babel-plugin-syntax-hermes-parser/-/babel-plugin-syntax-hermes-parser-0.32.0.tgz 0ms (cache hit)
1139 http cache strip-json-comments@https://registry.npmjs.org/strip-json-comments/-/strip-json-comments-2.0.1.tgz 0ms (cache hit)
1140 http cache minimatch@https://registry.npmjs.org/minimatch/-/minimatch-3.1.5.tgz 0ms (cache hit)
1141 http cache hermes-estree@https://registry.npmjs.org/hermes-estree/-/hermes-estree-0.32.0.tgz 0ms (cache hit)
1142 http cache react-is@https://registry.npmjs.org/react-is/-/react-is-16.13.1.tgz 0ms (cache hit)
1143 http cache ws@https://registry.npmjs.org/ws/-/ws-7.5.10.tgz 0ms (cache hit)
1144 http cache brace-expansion@https://registry.npmjs.org/brace-expansion/-/brace-expansion-1.1.14.tgz 0ms (cache hit)
1145 http cache react-is@https://registry.npmjs.org/react-is/-/react-is-18.3.1.tgz 0ms (cache hit)
1146 http cache p-locate@https://registry.npmjs.org/p-locate/-/p-locate-4.1.0.tgz 0ms (cache hit)
1147 http cache balanced-match@https://registry.npmjs.org/balanced-match/-/balanced-match-1.0.2.tgz 0ms (cache hit)
1148 http cache ansi-styles@https://registry.npmjs.org/ansi-styles/-/ansi-styles-5.2.0.tgz 0ms (cache hit)
1149 http cache slash@https://registry.npmjs.org/slash/-/slash-2.0.0.tgz 0ms (cache hit)
1150 http cache p-limit@https://registry.npmjs.org/p-limit/-/p-limit-2.3.0.tgz 0ms (cache hit)
1151 http cache lru-cache@https://registry.npmjs.org/lru-cache/-/lru-cache-11.3.5.tgz 0ms (cache hit)
1152 http cache find-up@https://registry.npmjs.org/find-up/-/find-up-4.1.0.tgz 0ms (cache hit)
1153 http cache supports-color@https://registry.npmjs.org/supports-color/-/supports-color-5.5.0.tgz 0ms (cache hit)
1154 http cache strip-ansi@https://registry.npmjs.org/strip-ansi/-/strip-ansi-5.2.0.tgz 0ms (cache hit)
1155 http cache locate-path@https://registry.npmjs.org/locate-path/-/locate-path-5.0.0.tgz 0ms (cache hit)
1156 http cache color-name@https://registry.npmjs.org/color-name/-/color-name-1.1.3.tgz 0ms (cache hit)
1157 http cache color-convert@https://registry.npmjs.org/color-convert/-/color-convert-1.9.3.tgz 0ms (cache hit)
1158 http cache cli-cursor@https://registry.npmjs.org/cli-cursor/-/cli-cursor-2.1.0.tgz 0ms (cache hit)
1159 http cache chalk@https://registry.npmjs.org/chalk/-/chalk-2.4.2.tgz 0ms (cache hit)
1160 http cache escape-string-regexp@https://registry.npmjs.org/escape-string-regexp/-/escape-string-regexp-1.0.5.tgz 0ms (cache hit)
1161 http cache onetime@https://registry.npmjs.org/onetime/-/onetime-2.0.1.tgz 0ms (cache hit)
1162 http cache ansi-regex@https://registry.npmjs.org/ansi-regex/-/ansi-regex-4.1.1.tgz 0ms (cache hit)
1163 http cache has-flag@https://registry.npmjs.org/has-flag/-/has-flag-3.0.0.tgz 0ms (cache hit)
1164 http cache whatwg-url@https://registry.npmjs.org/whatwg-url/-/whatwg-url-5.0.0.tgz 0ms (cache hit)
1165 http cache mimic-fn@https://registry.npmjs.org/mimic-fn/-/mimic-fn-1.2.0.tgz 0ms (cache hit)
1166 http cache ansi-styles@https://registry.npmjs.org/ansi-styles/-/ansi-styles-3.2.1.tgz 0ms (cache hit)
1167 http cache webidl-conversions@https://registry.npmjs.org/webidl-conversions/-/webidl-conversions-3.0.1.tgz 0ms (cache hit)
1168 http cache mime-db@https://registry.npmjs.org/mime-db/-/mime-db-1.52.0.tgz 0ms (cache hit)
1169 http cache semver@https://registry.npmjs.org/semver/-/semver-6.3.1.tgz 0ms (cache hit)
1170 http cache restore-cursor@https://registry.npmjs.org/restore-cursor/-/restore-cursor-2.0.0.tgz 0ms (cache hit)
1171 http cache tr46@https://registry.npmjs.org/tr46/-/tr46-0.0.3.tgz 0ms (cache hit)
1172 http cache source-map@https://registry.npmjs.org/source-map/-/source-map-0.5.7.tgz 0ms (cache hit)
1173 http cache picomatch@https://registry.npmjs.org/picomatch/-/picomatch-2.3.2.tgz 0ms (cache hit)
1174 http cache source-map@https://registry.npmjs.org/source-map/-/source-map-0.5.7.tgz 0ms (cache hit)
1175 http cache https-proxy-agent@https://registry.npmjs.org/https-proxy-agent/-/https-proxy-agent-7.0.6.tgz 0ms (cache hit)
1176 http cache hermes-parser@https://registry.npmjs.org/hermes-parser/-/hermes-parser-0.33.3.tgz 0ms (cache hit)
1177 http cache ws@https://registry.npmjs.org/ws/-/ws-7.5.10.tgz 0ms (cache hit)
1178 http cache agent-base@https://registry.npmjs.org/agent-base/-/agent-base-7.1.4.tgz 0ms (cache hit)
1179 http cache mime-types@https://registry.npmjs.org/mime-types/-/mime-types-3.0.2.tgz 0ms (cache hit)
1180 http cache hermes-estree@https://registry.npmjs.org/hermes-estree/-/hermes-estree-0.33.3.tgz 0ms (cache hit)
1181 http cache ci-info@https://registry.npmjs.org/ci-info/-/ci-info-2.0.0.tgz 0ms (cache hit)
1182 http cache source-map@https://registry.npmjs.org/source-map/-/source-map-0.5.7.tgz 0ms (cache hit)
1183 http cache wrap-ansi@https://registry.npmjs.org/wrap-ansi/-/wrap-ansi-9.0.2.tgz 0ms (cache hit)
1184 http cache hermes-estree@https://registry.npmjs.org/hermes-estree/-/hermes-estree-0.33.3.tgz 0ms (cache hit)
1185 http cache negotiator@https://registry.npmjs.org/negotiator/-/negotiator-1.0.0.tgz 0ms (cache hit)
1186 http cache strip-ansi@https://registry.npmjs.org/strip-ansi/-/strip-ansi-7.2.0.tgz 0ms (cache hit)
1187 http cache hermes-parser@https://registry.npmjs.org/hermes-parser/-/hermes-parser-0.33.3.tgz 0ms (cache hit)
1188 http cache accepts@https://registry.npmjs.org/accepts/-/accepts-2.0.0.tgz 0ms (cache hit)
1189 http cache ansi-regex@https://registry.npmjs.org/ansi-regex/-/ansi-regex-6.2.2.tgz 0ms (cache hit)
1190 http cache ansi-styles@https://registry.npmjs.org/ansi-styles/-/ansi-styles-6.2.3.tgz 0ms (cache hit)
1191 http cache slice-ansi@https://registry.npmjs.org/slice-ansi/-/slice-ansi-7.1.2.tgz 0ms (cache hit)
1192 http cache supports-color@https://registry.npmjs.org/supports-color/-/supports-color-5.5.0.tgz 0ms (cache hit)
1193 http cache emoji-regex@https://registry.npmjs.org/emoji-regex/-/emoji-regex-10.6.0.tgz 0ms (cache hit)
1194 http cache has-flag@https://registry.npmjs.org/has-flag/-/has-flag-3.0.0.tgz 0ms (cache hit)
1195 http cache ansi-escapes@https://registry.npmjs.org/ansi-escapes/-/ansi-escapes-7.3.0.tgz 0ms (cache hit)
1196 http cache color-convert@https://registry.npmjs.org/color-convert/-/color-convert-1.9.3.tgz 0ms (cache hit)
1197 http cache string-width@https://registry.npmjs.org/string-width/-/string-width-7.2.0.tgz 0ms (cache hit)
1198 http cache ansi-styles@https://registry.npmjs.org/ansi-styles/-/ansi-styles-3.2.1.tgz 0ms (cache hit)
1199 http cache string-width@https://registry.npmjs.org/string-width/-/string-width-7.2.0.tgz 0ms (cache hit)
1200 http cache escape-string-regexp@https://registry.npmjs.org/escape-string-regexp/-/escape-string-regexp-1.0.5.tgz 0ms (cache hit)
1201 http cache wrap-ansi@https://registry.npmjs.org/wrap-ansi/-/wrap-ansi-9.0.2.tgz 0ms (cache hit)
1202 http cache chalk@https://registry.npmjs.org/chalk/-/chalk-2.4.2.tgz 0ms (cache hit)
1203 http cache ansi-regex@https://registry.npmjs.org/ansi-regex/-/ansi-regex-6.2.2.tgz 0ms (cache hit)
1204 http cache color-name@https://registry.npmjs.org/color-name/-/color-name-1.1.3.tgz 0ms (cache hit)
1205 http cache emoji-regex@https://registry.npmjs.org/emoji-regex/-/emoji-regex-10.6.0.tgz 0ms (cache hit)
1206 http cache ms@https://registry.npmjs.org/ms/-/ms-2.0.0.tgz 0ms (cache hit)
1207 http cache commander@https://registry.npmjs.org/commander/-/commander-14.0.3.tgz 0ms (cache hit)
1208 http cache ansi-styles@https://registry.npmjs.org/ansi-styles/-/ansi-styles-6.2.3.tgz 0ms (cache hit)
1209 http cache debug@https://registry.npmjs.org/debug/-/debug-2.6.9.tgz 0ms (cache hit)
1210 http cache universalify@https://registry.npmjs.org/universalify/-/universalify-2.0.1.tgz 0ms (cache hit)
1211 http cache strip-ansi@https://registry.npmjs.org/strip-ansi/-/strip-ansi-7.2.0.tgz 0ms (cache hit)
1212 http cache supports-color@https://registry.npmjs.org/supports-color/-/supports-color-8.1.1.tgz 0ms (cache hit)
1213 http cache strip-ansi@https://registry.npmjs.org/strip-ansi/-/strip-ansi-7.2.0.tgz 0ms (cache hit)
1214 http cache string-length@https://registry.npmjs.org/string-length/-/string-length-5.0.1.tgz 0ms (cache hit)
1215 http cache char-regex@https://registry.npmjs.org/char-regex/-/char-regex-2.0.2.tgz 0ms (cache hit)
1216 http cache picomatch@https://registry.npmjs.org/picomatch/-/picomatch-2.3.2.tgz 0ms (cache hit)
1217 http cache chalk@https://registry.npmjs.org/chalk/-/chalk-3.0.0.tgz 0ms (cache hit)
1218 http cache ansi-escapes@https://registry.npmjs.org/ansi-escapes/-/ansi-escapes-6.2.1.tgz 0ms (cache hit)
1219 http cache slash@https://registry.npmjs.org/slash/-/slash-5.1.0.tgz 0ms (cache hit)
1220 http cache camelcase@https://registry.npmjs.org/camelcase/-/camelcase-6.3.0.tgz 0ms (cache hit)
1221 http cache ansi-regex@https://registry.npmjs.org/ansi-regex/-/ansi-regex-6.2.2.tgz 0ms (cache hit)
1222 http cache minimatch@https://registry.npmjs.org/minimatch/-/minimatch-3.1.5.tgz 0ms (cache hit)
1223 http cache glob@https://registry.npmjs.org/glob/-/glob-7.2.3.tgz 0ms (cache hit)
1224 http cache resolve@https://registry.npmjs.org/resolve/-/resolve-1.22.12.tgz 0ms (cache hit)
1225 http cache balanced-match@https://registry.npmjs.org/balanced-match/-/balanced-match-1.0.2.tgz 0ms (cache hit)
1226 http cache minimatch@https://registry.npmjs.org/minimatch/-/minimatch-3.1.5.tgz 0ms (cache hit)
1227 http cache source-map-support@https://registry.npmjs.org/source-map-support/-/source-map-support-0.5.13.tgz 0ms (cache hit)
1228 http cache brace-expansion@https://registry.npmjs.org/brace-expansion/-/brace-expansion-1.1.14.tgz 0ms (cache hit)
1229 http cache glob@https://registry.npmjs.org/glob/-/glob-7.2.3.tgz 0ms (cache hit)
1230 http cache resolve-from@https://registry.npmjs.org/resolve-from/-/resolve-from-4.0.0.tgz 0ms (cache hit)
1231 http cache statuses@https://registry.npmjs.org/statuses/-/statuses-2.0.2.tgz 0ms (cache hit)
1232 http cache lru-cache@https://registry.npmjs.org/lru-cache/-/lru-cache-10.4.3.tgz 0ms (cache hit)
1233 http cache brace-expansion@https://registry.npmjs.org/brace-expansion/-/brace-expansion-1.1.14.tgz 0ms (cache hit)
1234 http cache balanced-match@https://registry.npmjs.org/balanced-match/-/balanced-match-1.0.2.tgz 0ms (cache hit)
1235 http cache ms@https://registry.npmjs.org/ms/-/ms-2.0.0.tgz 0ms (cache hit)
1236 http cache react-is@https://registry.npmjs.org/react-is/-/react-is-16.13.1.tgz 0ms (cache hit)
1237 http cache universalify@https://registry.npmjs.org/universalify/-/universalify-2.0.1.tgz 0ms (cache hit)
1238 http cache promise@https://registry.npmjs.org/promise/-/promise-7.3.1.tgz 0ms (cache hit)
1239 http cache @react-native/normalize-colors@https://registry.npmjs.org/@react-native/normalize-colors/-/normalize-colors-0.83.6.tgz 0ms (cache hit)
1240 http cache debug@https://registry.npmjs.org/debug/-/debug-2.6.9.tgz 0ms (cache hit)
1241 http cache semver@https://registry.npmjs.org/semver/-/semver-7.6.3.tgz 0ms (cache hit)
1242 http cache ua-parser-js@https://registry.npmjs.org/ua-parser-js/-/ua-parser-js-0.7.41.tgz 0ms (cache hit)
1243 http cache doctrine@https://registry.npmjs.org/doctrine/-/doctrine-2.1.0.tgz 0ms (cache hit)
1244 http cache semver@https://registry.npmjs.org/semver/-/semver-6.3.1.tgz 0ms (cache hit)
1245 http cache minimatch@https://registry.npmjs.org/minimatch/-/minimatch-3.1.5.tgz 0ms (cache hit)
1246 http cache ignore@https://registry.npmjs.org/ignore/-/ignore-5.3.2.tgz 0ms (cache hit)
1247 http cache brace-expansion@https://registry.npmjs.org/brace-expansion/-/brace-expansion-1.1.14.tgz 0ms (cache hit)
1248 http cache balanced-match@https://registry.npmjs.org/balanced-match/-/balanced-match-1.0.2.tgz 0ms (cache hit)
1249 http cache brace-expansion@https://registry.npmjs.org/brace-expansion/-/brace-expansion-1.1.14.tgz 0ms (cache hit)
1250 http cache entities@https://registry.npmjs.org/entities/-/entities-4.5.0.tgz 0ms (cache hit)
1251 http cache minimatch@https://registry.npmjs.org/minimatch/-/minimatch-3.1.5.tgz 0ms (cache hit)
1252 http cache cssom@https://registry.npmjs.org/cssom/-/cssom-0.3.8.tgz 0ms (cache hit)
1253 http cache balanced-match@https://registry.npmjs.org/balanced-match/-/balanced-match-1.0.2.tgz 0ms (cache hit)
1254 http cache ms@https://registry.npmjs.org/ms/-/ms-2.0.0.tgz 0ms (cache hit)
1255 http cache negotiator@https://registry.npmjs.org/negotiator/-/negotiator-0.6.4.tgz 0ms (cache hit)
1256 http cache debug@https://registry.npmjs.org/debug/-/debug-2.6.9.tgz 0ms (cache hit)
1257 http cache is-fullwidth-code-point@https://registry.npmjs.org/is-fullwidth-code-point/-/is-fullwidth-code-point-3.0.0.tgz 0ms (cache hit)
1258 http cache ms@https://registry.npmjs.org/ms/-/ms-2.0.0.tgz 0ms (cache hit)
1259 http cache debug@https://registry.npmjs.org/debug/-/debug-2.6.9.tgz 0ms (cache hit)
1260 http cache string-width@https://registry.npmjs.org/string-width/-/string-width-4.2.3.tgz 0ms (cache hit)
1261 http cache string-width@https://registry.npmjs.org/string-width/-/string-width-5.1.2.tgz 0ms (cache hit)
1262 http cache wrap-ansi@https://registry.npmjs.org/wrap-ansi/-/wrap-ansi-8.1.0.tgz 0ms (cache hit)
1263 http cache chalk@https://registry.npmjs.org/chalk/-/chalk-5.6.2.tgz 0ms (cache hit)
1264 http cache type-fest@https://registry.npmjs.org/type-fest/-/type-fest-2.19.0.tgz 0ms (cache hit)
1265 http cache ansi-regex@https://registry.npmjs.org/ansi-regex/-/ansi-regex-6.2.2.tgz 0ms (cache hit)
1266 http cache strip-ansi@https://registry.npmjs.org/strip-ansi/-/strip-ansi-7.2.0.tgz 0ms (cache hit)
1267 http cache open@https://registry.npmjs.org/open/-/open-8.4.2.tgz 0ms (cache hit)
1268 http cache emoji-regex@https://registry.npmjs.org/emoji-regex/-/emoji-regex-9.2.2.tgz 0ms (cache hit)
1269 http cache hermes-parser@https://registry.npmjs.org/hermes-parser/-/hermes-parser-0.32.1.tgz 0ms (cache hit)
1270 http cache semver@https://registry.npmjs.org/semver/-/semver-6.3.1.tgz 0ms (cache hit)
1271 http cache camelcase@https://registry.npmjs.org/camelcase/-/camelcase-7.0.1.tgz 0ms (cache hit)
1272 http cache ansi-styles@https://registry.npmjs.org/ansi-styles/-/ansi-styles-6.2.3.tgz 0ms (cache hit)
1273 http cache hermes-estree@https://registry.npmjs.org/hermes-estree/-/hermes-estree-0.32.1.tgz 0ms (cache hit)
1274 http cache istanbul-lib-instrument@https://registry.npmjs.org/istanbul-lib-instrument/-/istanbul-lib-instrument-5.2.1.tgz 0ms (cache hit)
1275 http cache picomatch@https://registry.npmjs.org/picomatch/-/picomatch-2.3.2.tgz 0ms (cache hit)
1276 http cache type-fest@https://registry.npmjs.org/type-fest/-/type-fest-0.21.3.tgz 0ms (cache hit)
1277 http cache semver@https://registry.npmjs.org/semver/-/semver-6.3.1.tgz 0ms (cache hit)
1278 http cache string-width@https://registry.npmjs.org/string-width/-/string-width-4.2.3.tgz 0ms (cache hit)
1279 http cache react-is@https://registry.npmjs.org/react-is/-/react-is-18.3.1.tgz 0ms (cache hit)
1280 http cache is-fullwidth-code-point@https://registry.npmjs.org/is-fullwidth-code-point/-/is-fullwidth-code-point-3.0.0.tgz 0ms (cache hit)
1281 http cache jest-matcher-utils@https://registry.npmjs.org/jest-matcher-utils/-/jest-matcher-utils-30.3.0.tgz 0ms (cache hit)
1282 http cache @sinclair/typebox@https://registry.npmjs.org/@sinclair/typebox/-/typebox-0.34.49.tgz 0ms (cache hit)
1283 http cache @jest/schemas@https://registry.npmjs.org/@jest/schemas/-/schemas-30.0.5.tgz 0ms (cache hit)
1284 http cache pretty-format@https://registry.npmjs.org/pretty-format/-/pretty-format-30.3.0.tgz 0ms (cache hit)
1285 http cache eslint-visitor-keys@https://registry.npmjs.org/eslint-visitor-keys/-/eslint-visitor-keys-5.0.1.tgz 0ms (cache hit)
1286 http cache minimatch@https://registry.npmjs.org/minimatch/-/minimatch-3.1.5.tgz 0ms (cache hit)
1287 http cache ws@https://registry.npmjs.org/ws/-/ws-7.5.10.tgz 0ms (cache hit)
1288 http cache hermes-estree@https://registry.npmjs.org/hermes-estree/-/hermes-estree-0.32.0.tgz 0ms (cache hit)
1289 http cache jest-diff@https://registry.npmjs.org/jest-diff/-/jest-diff-30.3.0.tgz 0ms (cache hit)
1290 http cache ansi-styles@https://registry.npmjs.org/ansi-styles/-/ansi-styles-5.2.0.tgz 0ms (cache hit)
1291 http cache hermes-parser@https://registry.npmjs.org/hermes-parser/-/hermes-parser-0.32.0.tgz 0ms (cache hit)
1292 http cache proxy-from-env@https://registry.npmjs.org/proxy-from-env/-/proxy-from-env-1.1.0.tgz 0ms (cache hit)
1293 http cache brace-expansion@https://registry.npmjs.org/brace-expansion/-/brace-expansion-1.1.14.tgz 0ms (cache hit)
1294 http cache hermes-estree@https://registry.npmjs.org/hermes-estree/-/hermes-estree-0.32.0.tgz 0ms (cache hit)
1295 http cache balanced-match@https://registry.npmjs.org/balanced-match/-/balanced-match-1.0.2.tgz 0ms (cache hit)
1296 http cache hermes-parser@https://registry.npmjs.org/hermes-parser/-/hermes-parser-0.32.0.tgz 0ms (cache hit)
1297 http cache glob@https://registry.npmjs.org/glob/-/glob-7.2.3.tgz 0ms (cache hit)
1298 http cache @radix-ui/react-slot@https://registry.npmjs.org/@radix-ui/react-slot/-/react-slot-1.2.3.tgz 0ms (cache hit)
1299 http cache @radix-ui/react-slot@https://registry.npmjs.org/@radix-ui/react-slot/-/react-slot-1.2.3.tgz 0ms (cache hit)
1300 http cache minimatch@https://registry.npmjs.org/minimatch/-/minimatch-3.1.5.tgz 0ms (cache hit)
1301 http cache babel-plugin-syntax-hermes-parser@https://registry.npmjs.org/babel-plugin-syntax-hermes-parser/-/babel-plugin-syntax-hermes-parser-0.32.0.tgz 0ms (cache hit)
1302 http cache @radix-ui/react-slot@https://registry.npmjs.org/@radix-ui/react-slot/-/react-slot-1.2.3.tgz 0ms (cache hit)
1303 http cache js-yaml@https://registry.npmjs.org/js-yaml/-/js-yaml-3.14.2.tgz 0ms (cache hit)
1304 http cache balanced-match@https://registry.npmjs.org/balanced-match/-/balanced-match-1.0.2.tgz 0ms (cache hit)
1305 http cache argparse@https://registry.npmjs.org/argparse/-/argparse-1.0.10.tgz 0ms (cache hit)
1306 http cache glob@https://registry.npmjs.org/glob/-/glob-7.2.3.tgz 0ms (cache hit)
1307 http cache brace-expansion@https://registry.npmjs.org/brace-expansion/-/brace-expansion-1.1.14.tgz 0ms (cache hit)
1308 http cache find-up@https://registry.npmjs.org/find-up/-/find-up-4.1.0.tgz 0ms (cache hit)
1309 http cache locate-path@https://registry.npmjs.org/locate-path/-/locate-path-5.0.0.tgz 0ms (cache hit)
1310 http cache brace-expansion@https://registry.npmjs.org/brace-expansion/-/brace-expansion-1.1.14.tgz 0ms (cache hit)
1311 http cache p-locate@https://registry.npmjs.org/p-locate/-/p-locate-4.1.0.tgz 0ms (cache hit)
1312 http cache balanced-match@https://registry.npmjs.org/balanced-match/-/balanced-match-1.0.2.tgz 0ms (cache hit)
1313 http cache p-limit@https://registry.npmjs.org/p-limit/-/p-limit-2.3.0.tgz 0ms (cache hit)
1314 http cache @react-native/normalize-colors@https://registry.npmjs.org/@react-native/normalize-colors/-/normalize-colors-0.83.6.tgz 0ms (cache hit)
1315 http cache minimatch@https://registry.npmjs.org/minimatch/-/minimatch-3.1.5.tgz 0ms (cache hit)
1316 http cache @expo/log-box@https://registry.npmjs.org/@expo/log-box/-/log-box-55.0.12.tgz 0ms (cache hit)
1317 http cache hermes-parser@https://registry.npmjs.org/hermes-parser/-/hermes-parser-0.32.1.tgz 0ms (cache hit)
1318 http cache ignore@https://registry.npmjs.org/ignore/-/ignore-5.3.2.tgz 0ms (cache hit)
1319 http cache debug@https://registry.npmjs.org/debug/-/debug-3.2.7.tgz 0ms (cache hit)
1320 http cache minimatch@https://registry.npmjs.org/minimatch/-/minimatch-3.1.5.tgz 0ms (cache hit)
1321 http cache hermes-estree@https://registry.npmjs.org/hermes-estree/-/hermes-estree-0.32.1.tgz 0ms (cache hit)
1322 http cache zod@https://registry.npmjs.org/zod/-/zod-3.25.76.tgz 0ms (cache hit)
1323 http cache ignore@https://registry.npmjs.org/ignore/-/ignore-5.3.2.tgz 0ms (cache hit)
1324 http cache esbuild@https://registry.npmjs.org/esbuild/-/esbuild-0.18.20.tgz 0ms (cache hit)
1325 http cache balanced-match@https://registry.npmjs.org/balanced-match/-/balanced-match-1.0.2.tgz 0ms (cache hit)
1326 http cache @esbuild/linux-arm64@https://registry.npmjs.org/@esbuild/linux-arm64/-/linux-arm64-0.18.20.tgz 0ms (cache hit)
1327 http cache semver@https://registry.npmjs.org/semver/-/semver-6.3.1.tgz 0ms (cache hit)
1328 http cache semver@https://registry.npmjs.org/semver/-/semver-6.3.1.tgz 0ms (cache hit)
1329 http cache semver@https://registry.npmjs.org/semver/-/semver-6.3.1.tgz 0ms (cache hit)
1330 http cache brace-expansion@https://registry.npmjs.org/brace-expansion/-/brace-expansion-1.1.14.tgz 0ms (cache hit)
1331 http cache resolve@https://registry.npmjs.org/resolve/-/resolve-1.22.12.tgz 0ms (cache hit)
1332 http cache semver@https://registry.npmjs.org/semver/-/semver-6.3.1.tgz 0ms (cache hit)
1333 http cache semver@https://registry.npmjs.org/semver/-/semver-6.3.1.tgz 0ms (cache hit)
1334 silly tarball no local data for zxing-wasm@https://registry.npmjs.org/zxing-wasm/-/zxing-wasm-3.0.2.tgz. Extracting by manifest.
1335 silly tarball no local data for yallist@https://registry.npmjs.org/yallist/-/yallist-3.1.1.tgz. Extracting by manifest.
1336 silly tarball no local data for xmlchars@https://registry.npmjs.org/xmlchars/-/xmlchars-2.2.0.tgz. Extracting by manifest.
1337 silly tarball no local data for y18n@https://registry.npmjs.org/y18n/-/y18n-5.0.8.tgz. Extracting by manifest.
1338 silly tarball no local data for xmlbuilder@https://registry.npmjs.org/xmlbuilder/-/xmlbuilder-15.1.1.tgz. Extracting by manifest.
1339 silly tarball no local data for xml2js@https://registry.npmjs.org/xml2js/-/xml2js-0.6.0.tgz. Extracting by manifest.
1340 silly tarball no local data for wrap-ansi@https://registry.npmjs.org/wrap-ansi/-/wrap-ansi-7.0.0.tgz. Extracting by manifest.
1341 silly tarball no local data for xcode@https://registry.npmjs.org/xcode/-/xcode-3.0.1.tgz. Extracting by manifest.
1342 silly tarball no local data for write-file-atomic@https://registry.npmjs.org/write-file-atomic/-/write-file-atomic-4.0.2.tgz. Extracting by manifest.
1343 silly tarball no local data for ws@https://registry.npmjs.org/ws/-/ws-8.20.0.tgz. Extracting by manifest.
1344 silly tarball no local data for widest-line@https://registry.npmjs.org/widest-line/-/widest-line-4.0.1.tgz. Extracting by manifest.
1345 silly tarball no local data for wrappy@https://registry.npmjs.org/wrappy/-/wrappy-1.0.2.tgz. Extracting by manifest.
1346 silly tarball no local data for xml-name-validator@https://registry.npmjs.org/xml-name-validator/-/xml-name-validator-4.0.0.tgz. Extracting by manifest.
1347 silly tarball no local data for wordwrap@https://registry.npmjs.org/wordwrap/-/wordwrap-1.0.0.tgz. Extracting by manifest.
1348 silly tarball no local data for word-wrap@https://registry.npmjs.org/word-wrap/-/word-wrap-1.2.5.tgz. Extracting by manifest.
1349 silly tarball no local data for which-collection@https://registry.npmjs.org/which-collection/-/which-collection-1.0.2.tgz. Extracting by manifest.
1350 silly tarball no local data for which-typed-array@https://registry.npmjs.org/which-typed-array/-/which-typed-array-1.1.20.tgz. Extracting by manifest.
1351 silly tarball no local data for which-boxed-primitive@https://registry.npmjs.org/which-boxed-primitive/-/which-boxed-primitive-1.1.1.tgz. Extracting by manifest.
1352 silly tarball no local data for which-builtin-type@https://registry.npmjs.org/which-builtin-type/-/which-builtin-type-1.2.1.tgz. Extracting by manifest.
1353 silly tarball no local data for which@https://registry.npmjs.org/which/-/which-2.0.2.tgz. Extracting by manifest.
1354 silly tarball no local data for whatwg-url-minimum@https://registry.npmjs.org/whatwg-url-minimum/-/whatwg-url-minimum-0.1.1.tgz. Extracting by manifest.
1355 silly tarball no local data for whatwg-mimetype@https://registry.npmjs.org/whatwg-mimetype/-/whatwg-mimetype-3.0.0.tgz. Extracting by manifest.
1356 silly tarball no local data for whatwg-url@https://registry.npmjs.org/whatwg-url/-/whatwg-url-11.0.0.tgz. Extracting by manifest.
1357 silly tarball no local data for whatwg-fetch@https://registry.npmjs.org/whatwg-fetch/-/whatwg-fetch-3.6.20.tgz. Extracting by manifest.
1358 silly tarball no local data for whatwg-encoding@https://registry.npmjs.org/whatwg-encoding/-/whatwg-encoding-2.0.0.tgz. Extracting by manifest.
1359 silly tarball no local data for webidl-conversions@https://registry.npmjs.org/webidl-conversions/-/webidl-conversions-7.0.0.tgz. Extracting by manifest.
1360 silly tarball no local data for wcwidth@https://registry.npmjs.org/wcwidth/-/wcwidth-1.0.1.tgz. Extracting by manifest.
1361 silly tarball no local data for zod-validation-error@https://registry.npmjs.org/zod-validation-error/-/zod-validation-error-4.0.2.tgz. Extracting by manifest.
1362 silly tarball no local data for walker@https://registry.npmjs.org/walker/-/walker-1.0.8.tgz. Extracting by manifest.
1363 silly tarball no local data for wait-on@https://registry.npmjs.org/wait-on/-/wait-on-9.0.5.tgz. Extracting by manifest.
1364 silly tarball no local data for vlq@https://registry.npmjs.org/vlq/-/vlq-1.0.1.tgz. Extracting by manifest.
1365 silly tarball no local data for w3c-xmlserializer@https://registry.npmjs.org/w3c-xmlserializer/-/w3c-xmlserializer-4.0.0.tgz. Extracting by manifest.
1366 silly tarball no local data for victory-native@https://registry.npmjs.org/victory-native/-/victory-native-41.20.2.tgz. Extracting by manifest.
1367 silly tarball no local data for vaul@https://registry.npmjs.org/vaul/-/vaul-1.1.2.tgz. Extracting by manifest.
1368 silly tarball no local data for vary@https://registry.npmjs.org/vary/-/vary-1.1.2.tgz. Extracting by manifest.
1369 silly tarball no local data for validate-npm-package-name@https://registry.npmjs.org/validate-npm-package-name/-/validate-npm-package-name-5.0.1.tgz. Extracting by manifest.
1370 silly tarball no local data for v8-to-istanbul@https://registry.npmjs.org/v8-to-istanbul/-/v8-to-istanbul-9.3.0.tgz. Extracting by manifest.
1371 silly tarball no local data for uuid@https://registry.npmjs.org/uuid/-/uuid-7.0.3.tgz. Extracting by manifest.
1372 silly tarball no local data for use-sync-external-store@https://registry.npmjs.org/use-sync-external-store/-/use-sync-external-store-1.6.0.tgz. Extracting by manifest.
1373 silly tarball no local data for yargs-parser@https://registry.npmjs.org/yargs-parser/-/yargs-parser-21.1.1.tgz. Extracting by manifest.
1374 silly tarball no local data for utils-merge@https://registry.npmjs.org/utils-merge/-/utils-merge-1.0.1.tgz. Extracting by manifest.
1375 silly tarball no local data for use-sidecar@https://registry.npmjs.org/use-sidecar/-/use-sidecar-1.1.3.tgz. Extracting by manifest.
1376 silly tarball no local data for yocto-queue@https://registry.npmjs.org/yocto-queue/-/yocto-queue-0.1.0.tgz. Extracting by manifest.
1377 silly tarball no local data for use-latest-callback@https://registry.npmjs.org/use-latest-callback/-/use-latest-callback-0.2.6.tgz. Extracting by manifest.
1378 silly tarball no local data for url-parse@https://registry.npmjs.org/url-parse/-/url-parse-1.5.10.tgz. Extracting by manifest.
1379 silly tarball no local data for uri-js@https://registry.npmjs.org/uri-js/-/uri-js-4.4.1.tgz. Extracting by manifest.
1380 silly tarball no local data for update-check@https://registry.npmjs.org/update-check/-/update-check-1.5.4.tgz. Extracting by manifest.
1381 silly tarball no local data for utrie@https://registry.npmjs.org/utrie/-/utrie-1.0.2.tgz. Extracting by manifest.
1382 silly tarball no local data for unpipe@https://registry.npmjs.org/unpipe/-/unpipe-1.0.0.tgz. Extracting by manifest.
1383 silly tarball no local data for universalify@https://registry.npmjs.org/universalify/-/universalify-0.2.0.tgz. Extracting by manifest.
1384 silly tarball no local data for unicode-match-property-value-ecmascript@https://registry.npmjs.org/unicode-match-property-value-ecmascript/-/unicode-match-property-value-ecmascript-2.2.1.tgz. Extracting by manifest.
1385 silly tarball no local data for unicode-property-aliases-ecmascript@https://registry.npmjs.org/unicode-property-aliases-ecmascript/-/unicode-property-aliases-ecmascript-2.2.0.tgz. Extracting by manifest.
1386 silly tarball no local data for unicode-match-property-ecmascript@https://registry.npmjs.org/unicode-match-property-ecmascript/-/unicode-match-property-ecmascript-2.0.0.tgz. Extracting by manifest.
1387 silly tarball no local data for unicode-canonical-property-names-ecmascript@https://registry.npmjs.org/unicode-canonical-property-names-ecmascript/-/unicode-canonical-property-names-ecmascript-2.0.1.tgz. Extracting by manifest.
1388 silly tarball no local data for undici@https://registry.npmjs.org/undici/-/undici-6.25.0.tgz. Extracting by manifest.
1389 silly tarball no local data for undici-types@https://registry.npmjs.org/undici-types/-/undici-types-7.19.2.tgz. Extracting by manifest.
1390 silly tarball no local data for unbox-primitive@https://registry.npmjs.org/unbox-primitive/-/unbox-primitive-1.1.0.tgz. Extracting by manifest.
1391 silly tarball no local data for uglify-js@https://registry.npmjs.org/uglify-js/-/uglify-js-3.19.3.tgz. Extracting by manifest.
1392 silly tarball no local data for ua-parser-js@https://registry.npmjs.org/ua-parser-js/-/ua-parser-js-1.0.41.tgz. Extracting by manifest.
1393 silly tarball no local data for update-browserslist-db@https://registry.npmjs.org/update-browserslist-db/-/update-browserslist-db-1.2.3.tgz. Extracting by manifest.
1394 silly tarball no local data for typed-array-length@https://registry.npmjs.org/typed-array-length/-/typed-array-length-1.0.7.tgz. Extracting by manifest.
1395 silly tarball no local data for typed-array-byte-offset@https://registry.npmjs.org/typed-array-byte-offset/-/typed-array-byte-offset-1.0.4.tgz. Extracting by manifest.
1396 silly tarball no local data for typescript@https://registry.npmjs.org/typescript/-/typescript-5.9.3.tgz. Extracting by manifest.
1397 silly tarball no local data for typed-array-byte-length@https://registry.npmjs.org/typed-array-byte-length/-/typed-array-byte-length-1.0.3.tgz. Extracting by manifest.
1398 silly tarball no local data for type-fest@https://registry.npmjs.org/type-fest/-/type-fest-0.20.2.tgz. Extracting by manifest.
1399 silly tarball no local data for type-detect@https://registry.npmjs.org/type-detect/-/type-detect-4.0.8.tgz. Extracting by manifest.
1400 silly tarball no local data for type-check@https://registry.npmjs.org/type-check/-/type-check-0.4.0.tgz. Extracting by manifest.
1401 silly tarball no local data for tsx@https://registry.npmjs.org/tsx/-/tsx-4.21.0.tgz. Extracting by manifest.
1402 silly tarball no local data for tslib@https://registry.npmjs.org/tslib/-/tslib-2.8.1.tgz. Extracting by manifest.
1403 silly tarball no local data for yargs@https://registry.npmjs.org/yargs/-/yargs-17.7.2.tgz. Extracting by manifest.
1404 silly tarball no local data for ts-api-utils@https://registry.npmjs.org/ts-api-utils/-/ts-api-utils-2.5.0.tgz. Extracting by manifest.
1405 silly tarball no local data for toqr@https://registry.npmjs.org/toqr/-/toqr-0.1.1.tgz. Extracting by manifest.
1406 silly tarball no local data for toidentifier@https://registry.npmjs.org/toidentifier/-/toidentifier-1.0.1.tgz. Extracting by manifest.
1407 silly tarball no local data for tr46@https://registry.npmjs.org/tr46/-/tr46-3.0.0.tgz. Extracting by manifest.
1408 silly tarball no local data for tough-cookie@https://registry.npmjs.org/tough-cookie/-/tough-cookie-4.1.4.tgz. Extracting by manifest.
1409 silly tarball no local data for to-regex-range@https://registry.npmjs.org/to-regex-range/-/to-regex-range-5.0.1.tgz. Extracting by manifest.
1410 silly tarball no local data for tmpl@https://registry.npmjs.org/tmpl/-/tmpl-1.0.5.tgz. Extracting by manifest.
1411 silly tarball no local data for tmp@https://registry.npmjs.org/tmp/-/tmp-0.2.5.tgz. Extracting by manifest.
1412 silly tarball no local data for test-exclude@https://registry.npmjs.org/test-exclude/-/test-exclude-6.0.0.tgz. Extracting by manifest.
1413 silly tarball no local data for tinyglobby@https://registry.npmjs.org/tinyglobby/-/tinyglobby-0.2.16.tgz. Extracting by manifest.
1414 silly tarball no local data for tinyexec@https://registry.npmjs.org/tinyexec/-/tinyexec-1.1.1.tgz. Extracting by manifest.
1415 silly tarball no local data for typed-array-buffer@https://registry.npmjs.org/typed-array-buffer/-/typed-array-buffer-1.0.3.tgz. Extracting by manifest.
1416 silly tarball no local data for yaml@https://registry.npmjs.org/yaml/-/yaml-2.8.3.tgz. Extracting by manifest.
1417 silly tarball no local data for terser@https://registry.npmjs.org/terser/-/terser-5.46.1.tgz. Extracting by manifest.
1418 silly tarball no local data for throat@https://registry.npmjs.org/throat/-/throat-5.0.0.tgz. Extracting by manifest.
1419 silly tarball no local data for terminal-link@https://registry.npmjs.org/terminal-link/-/terminal-link-2.1.1.tgz. Extracting by manifest.
1420 silly tarball no local data for warn-once@https://registry.npmjs.org/warn-once/-/warn-once-0.1.1.tgz. Extracting by manifest.
1421 silly tarball no local data for symbol-tree@https://registry.npmjs.org/symbol-tree/-/symbol-tree-3.2.4.tgz. Extracting by manifest.
1422 silly tarball no local data for supports-preserve-symlinks-flag@https://registry.npmjs.org/supports-preserve-symlinks-flag/-/supports-preserve-symlinks-flag-1.0.0.tgz. Extracting by manifest.
1423 silly tarball no local data for supports-hyperlinks@https://registry.npmjs.org/supports-hyperlinks/-/supports-hyperlinks-2.3.0.tgz. Extracting by manifest.
1424 silly tarball no local data for supports-color@https://registry.npmjs.org/supports-color/-/supports-color-7.2.0.tgz. Extracting by manifest.
1425 silly tarball no local data for styleq@https://registry.npmjs.org/styleq/-/styleq-0.1.3.tgz. Extracting by manifest.
1426 silly tarball no local data for structured-headers@https://registry.npmjs.org/structured-headers/-/structured-headers-0.4.1.tgz. Extracting by manifest.
1427 silly tarball no local data for strip-json-comments@https://registry.npmjs.org/strip-json-comments/-/strip-json-comments-3.1.1.tgz. Extracting by manifest.
1428 silly tarball no local data for strip-indent@https://registry.npmjs.org/strip-indent/-/strip-indent-3.0.0.tgz. Extracting by manifest.
1429 silly tarball no local data for strip-bom@https://registry.npmjs.org/strip-bom/-/strip-bom-4.0.0.tgz. Extracting by manifest.
1430 silly tarball no local data for strip-ansi@https://registry.npmjs.org/strip-ansi/-/strip-ansi-6.0.1.tgz. Extracting by manifest.
1431 silly tarball no local data for strip-final-newline@https://registry.npmjs.org/strip-final-newline/-/strip-final-newline-2.0.0.tgz. Extracting by manifest.
1432 silly tarball no local data for string.prototype.trimstart@https://registry.npmjs.org/string.prototype.trimstart/-/string.prototype.trimstart-1.0.8.tgz. Extracting by manifest.
1433 silly tarball no local data for string.prototype.trimend@https://registry.npmjs.org/string.prototype.trimend/-/string.prototype.trimend-1.0.9.tgz. Extracting by manifest.
1434 silly tarball no local data for zod@https://registry.npmjs.org/zod/-/zod-4.4.3.tgz. Extracting by manifest.
1435 silly tarball no local data for string.prototype.trim@https://registry.npmjs.org/string.prototype.trim/-/string.prototype.trim-1.2.10.tgz. Extracting by manifest.
1436 silly tarball no local data for string.prototype.repeat@https://registry.npmjs.org/string.prototype.repeat/-/string.prototype.repeat-1.0.0.tgz. Extracting by manifest.
1437 silly tarball no local data for string.prototype.matchall@https://registry.npmjs.org/string.prototype.matchall/-/string.prototype.matchall-4.0.12.tgz. Extracting by manifest.
1438 silly tarball no local data for text-table@https://registry.npmjs.org/text-table/-/text-table-0.2.0.tgz. Extracting by manifest.
1439 silly tarball no local data for string-argv@https://registry.npmjs.org/string-argv/-/string-argv-0.3.2.tgz. Extracting by manifest.
1440 silly tarball no local data for strict-uri-encode@https://registry.npmjs.org/strict-uri-encode/-/strict-uri-encode-2.0.0.tgz. Extracting by manifest.
1441 silly tarball no local data for stream-buffers@https://registry.npmjs.org/stream-buffers/-/stream-buffers-2.2.0.tgz. Extracting by manifest.
1442 silly tarball no local data for stop-iteration-iterator@https://registry.npmjs.org/stop-iteration-iterator/-/stop-iteration-iterator-1.1.0.tgz. Extracting by manifest.
1443 silly tarball no local data for string-width@https://registry.npmjs.org/string-width/-/string-width-8.2.0.tgz. Extracting by manifest.
1444 silly tarball no local data for use-callback-ref@https://registry.npmjs.org/use-callback-ref/-/use-callback-ref-1.3.3.tgz. Extracting by manifest.
1445 silly tarball no local data for stacktrace-js@https://registry.npmjs.org/stacktrace-js/-/stacktrace-js-2.0.2.tgz. Extracting by manifest.
1446 silly tarball no local data for stacktrace-gps@https://registry.npmjs.org/stacktrace-gps/-/stacktrace-gps-3.1.2.tgz. Extracting by manifest.
1447 silly tarball no local data for string-length@https://registry.npmjs.org/string-length/-/string-length-4.0.2.tgz. Extracting by manifest.
1448 silly tarball no local data for stackframe@https://registry.npmjs.org/stackframe/-/stackframe-1.3.4.tgz. Extracting by manifest.
1449 silly tarball no local data for statuses@https://registry.npmjs.org/statuses/-/statuses-1.5.0.tgz. Extracting by manifest.
1450 silly tarball no local data for ts-jest@https://registry.npmjs.org/ts-jest/-/ts-jest-29.4.9.tgz. Extracting by manifest.
1451 silly tarball no local data for stack-utils@https://registry.npmjs.org/stack-utils/-/stack-utils-2.0.6.tgz. Extracting by manifest.
1452 silly tarball no local data for stack-generator@https://registry.npmjs.org/stack-generator/-/stack-generator-2.0.10.tgz. Extracting by manifest.
1453 silly tarball no local data for sprintf-js@https://registry.npmjs.org/sprintf-js/-/sprintf-js-1.0.3.tgz. Extracting by manifest.
1454 silly tarball no local data for split-on-first@https://registry.npmjs.org/split-on-first/-/split-on-first-1.1.0.tgz. Extracting by manifest.
1455 silly tarball no local data for source-map-js@https://registry.npmjs.org/source-map-js/-/source-map-js-1.2.1.tgz. Extracting by manifest.
1456 silly tarball no local data for source-map-support@https://registry.npmjs.org/source-map-support/-/source-map-support-0.5.21.tgz. Extracting by manifest.
1457 silly tarball no local data for source-map@https://registry.npmjs.org/source-map/-/source-map-0.6.1.tgz. Extracting by manifest.
1458 silly tarball no local data for slugify@https://registry.npmjs.org/slugify/-/slugify-1.6.9.tgz. Extracting by manifest.
1459 silly tarball no local data for slice-ansi@https://registry.npmjs.org/slice-ansi/-/slice-ansi-8.0.0.tgz. Extracting by manifest.
1460 silly tarball no local data for sisteransi@https://registry.npmjs.org/sisteransi/-/sisteransi-1.0.5.tgz. Extracting by manifest.
1461 silly tarball no local data for slash@https://registry.npmjs.org/slash/-/slash-3.0.0.tgz. Extracting by manifest.
1462 silly tarball no local data for simple-swizzle@https://registry.npmjs.org/simple-swizzle/-/simple-swizzle-0.2.4.tgz. Extracting by manifest.
1463 silly tarball no local data for simple-plist@https://registry.npmjs.org/simple-plist/-/simple-plist-1.3.1.tgz. Extracting by manifest.
1464 silly tarball no local data for signal-exit@https://registry.npmjs.org/signal-exit/-/signal-exit-3.0.7.tgz. Extracting by manifest.
1465 silly tarball no local data for side-channel-weakmap@https://registry.npmjs.org/side-channel-weakmap/-/side-channel-weakmap-1.0.2.tgz. Extracting by manifest.
1466 silly tarball no local data for side-channel-map@https://registry.npmjs.org/side-channel-map/-/side-channel-map-1.0.1.tgz. Extracting by manifest.
1467 silly tarball no local data for side-channel-list@https://registry.npmjs.org/side-channel-list/-/side-channel-list-1.0.1.tgz. Extracting by manifest.
1468 silly tarball no local data for side-channel@https://registry.npmjs.org/side-channel/-/side-channel-1.1.0.tgz. Extracting by manifest.
1469 silly tarball no local data for shell-quote@https://registry.npmjs.org/shell-quote/-/shell-quote-1.8.3.tgz. Extracting by manifest.
1470 silly tarball no local data for shebang-command@https://registry.npmjs.org/shebang-command/-/shebang-command-2.0.0.tgz. Extracting by manifest.
1471 silly tarball no local data for sharp@https://registry.npmjs.org/sharp/-/sharp-0.34.5.tgz. Extracting by manifest.
1472 silly tarball no local data for shebang-regex@https://registry.npmjs.org/shebang-regex/-/shebang-regex-3.0.0.tgz. Extracting by manifest.
1473 silly tarball no local data for shallowequal@https://registry.npmjs.org/shallowequal/-/shallowequal-1.1.0.tgz. Extracting by manifest.
1474 silly tarball no local data for set-proto@https://registry.npmjs.org/set-proto/-/set-proto-1.0.0.tgz. Extracting by manifest.
1475 silly tarball no local data for setprototypeof@https://registry.npmjs.org/setprototypeof/-/setprototypeof-1.2.0.tgz. Extracting by manifest.
1476 silly tarball no local data for sf-symbols-typescript@https://registry.npmjs.org/sf-symbols-typescript/-/sf-symbols-typescript-2.2.0.tgz. Extracting by manifest.
1477 silly tarball no local data for setimmediate@https://registry.npmjs.org/setimmediate/-/setimmediate-1.0.5.tgz. Extracting by manifest.
1478 silly tarball no local data for set-function-name@https://registry.npmjs.org/set-function-name/-/set-function-name-2.0.2.tgz. Extracting by manifest.
1479 silly tarball no local data for set-function-length@https://registry.npmjs.org/set-function-length/-/set-function-length-1.2.2.tgz. Extracting by manifest.
1480 silly tarball no local data for serve-handler@https://registry.npmjs.org/serve-handler/-/serve-handler-6.1.7.tgz. Extracting by manifest.
1481 silly tarball no local data for serve@https://registry.npmjs.org/serve/-/serve-14.2.6.tgz. Extracting by manifest.
1482 silly tarball no local data for send@https://registry.npmjs.org/send/-/send-0.19.2.tgz. Extracting by manifest.
1483 silly tarball no local data for serve-static@https://registry.npmjs.org/serve-static/-/serve-static-1.16.3.tgz. Extracting by manifest.
1484 silly tarball no local data for server-only@https://registry.npmjs.org/server-only/-/server-only-0.0.1.tgz. Extracting by manifest.
1485 silly tarball no local data for serialize-error@https://registry.npmjs.org/serialize-error/-/serialize-error-2.1.0.tgz. Extracting by manifest.
1486 silly tarball no local data for semver@https://registry.npmjs.org/semver/-/semver-7.7.4.tgz. Extracting by manifest.
1487 silly tarball no local data for scheduler@https://registry.npmjs.org/scheduler/-/scheduler-0.27.0.tgz. Extracting by manifest.
1488 silly tarball no local data for saxes@https://registry.npmjs.org/saxes/-/saxes-6.0.0.tgz. Extracting by manifest.
1489 silly tarball no local data for safe-regex-test@https://registry.npmjs.org/safe-regex-test/-/safe-regex-test-1.1.0.tgz. Extracting by manifest.
1490 silly tarball no local data for sax@https://registry.npmjs.org/sax/-/sax-1.6.0.tgz. Extracting by manifest.
1491 silly tarball no local data for safer-buffer@https://registry.npmjs.org/safer-buffer/-/safer-buffer-2.1.2.tgz. Extracting by manifest.
1492 silly tarball no local data for safe-push-apply@https://registry.npmjs.org/safe-push-apply/-/safe-push-apply-1.0.0.tgz. Extracting by manifest.
1493 silly tarball no local data for safe-buffer@https://registry.npmjs.org/safe-buffer/-/safe-buffer-5.2.1.tgz. Extracting by manifest.
1494 silly tarball no local data for rxjs@https://registry.npmjs.org/rxjs/-/rxjs-7.8.2.tgz. Extracting by manifest.
1495 silly tarball no local data for safe-array-concat@https://registry.npmjs.org/safe-array-concat/-/safe-array-concat-1.1.3.tgz. Extracting by manifest.
1496 silly tarball no local data for rimraf@https://registry.npmjs.org/rimraf/-/rimraf-3.0.2.tgz. Extracting by manifest.
1497 silly tarball no local data for restore-cursor@https://registry.npmjs.org/restore-cursor/-/restore-cursor-5.1.0.tgz. Extracting by manifest.
1498 silly tarball no local data for run-parallel@https://registry.npmjs.org/run-parallel/-/run-parallel-1.2.0.tgz. Extracting by manifest.
1499 silly tarball no local data for rtl-detect@https://registry.npmjs.org/rtl-detect/-/rtl-detect-1.1.2.tgz. Extracting by manifest.
1500 silly tarball no local data for rfdc@https://registry.npmjs.org/rfdc/-/rfdc-1.4.1.tgz. Extracting by manifest.
1501 silly tarball no local data for reusify@https://registry.npmjs.org/reusify/-/reusify-1.1.0.tgz. Extracting by manifest.
1502 silly tarball no local data for resolve.exports@https://registry.npmjs.org/resolve.exports/-/resolve.exports-2.0.3.tgz. Extracting by manifest.
1503 silly tarball no local data for resolve-pkg-maps@https://registry.npmjs.org/resolve-pkg-maps/-/resolve-pkg-maps-1.0.0.tgz. Extracting by manifest.
1504 silly tarball no local data for resolve-from@https://registry.npmjs.org/resolve-from/-/resolve-from-5.0.0.tgz. Extracting by manifest.
1505 silly tarball no local data for resolve-workspace-root@https://registry.npmjs.org/resolve-workspace-root/-/resolve-workspace-root-2.0.1.tgz. Extracting by manifest.
1506 silly tarball no local data for resolve-cwd@https://registry.npmjs.org/resolve-cwd/-/resolve-cwd-3.0.0.tgz. Extracting by manifest.
1507 silly tarball no local data for requires-port@https://registry.npmjs.org/requires-port/-/requires-port-1.0.0.tgz. Extracting by manifest.
1508 silly tarball no local data for resolve@https://registry.npmjs.org/resolve/-/resolve-2.0.0-next.6.tgz. Extracting by manifest.
1509 silly tarball no local data for require-from-string@https://registry.npmjs.org/require-from-string/-/require-from-string-2.0.2.tgz. Extracting by manifest.
1510 silly tarball no local data for require-directory@https://registry.npmjs.org/require-directory/-/require-directory-2.1.1.tgz. Extracting by manifest.
1511 silly tarball no local data for text-segmentation@https://registry.npmjs.org/text-segmentation/-/text-segmentation-1.0.3.tgz. Extracting by manifest.
1512 silly tarball no local data for regjsparser@https://registry.npmjs.org/regjsparser/-/regjsparser-0.13.1.tgz. Extracting by manifest.
1513 silly tarball no local data for registry-auth-token@https://registry.npmjs.org/registry-auth-token/-/registry-auth-token-3.3.2.tgz. Extracting by manifest.
1514 silly tarball no local data for tagged-tag@https://registry.npmjs.org/tagged-tag/-/tagged-tag-1.0.0.tgz. Extracting by manifest.
1515 silly tarball no local data for regexpu-core@https://registry.npmjs.org/regexpu-core/-/regexpu-core-6.4.0.tgz. Extracting by manifest.
1516 silly tarball no local data for regexp.prototype.flags@https://registry.npmjs.org/regexp.prototype.flags/-/regexp.prototype.flags-1.5.4.tgz. Extracting by manifest.
1517 silly tarball no local data for regenerator-runtime@https://registry.npmjs.org/regenerator-runtime/-/regenerator-runtime-0.13.11.tgz. Extracting by manifest.
1518 silly tarball no local data for regenerate-unicode-properties@https://registry.npmjs.org/regenerate-unicode-properties/-/regenerate-unicode-properties-10.2.2.tgz. Extracting by manifest.
1519 silly tarball no local data for reflect.getprototypeof@https://registry.npmjs.org/reflect.getprototypeof/-/reflect.getprototypeof-1.0.10.tgz. Extracting by manifest.
1520 silly tarball no local data for redent@https://registry.npmjs.org/redent/-/redent-3.0.0.tgz. Extracting by manifest.
1521 silly tarball no local data for react-test-renderer@https://registry.npmjs.org/react-test-renderer/-/react-test-renderer-19.2.0.tgz. Extracting by manifest.
1522 silly tarball no local data for react-style-singleton@https://registry.npmjs.org/react-style-singleton/-/react-style-singleton-2.2.3.tgz. Extracting by manifest.
1523 silly tarball no local data for react-remove-scroll-bar@https://registry.npmjs.org/react-remove-scroll-bar/-/react-remove-scroll-bar-2.3.8.tgz. Extracting by manifest.
1524 silly tarball no local data for react-remove-scroll@https://registry.npmjs.org/react-remove-scroll/-/react-remove-scroll-2.7.2.tgz. Extracting by manifest.
1525 silly tarball no local data for react-native-web@https://registry.npmjs.org/react-native-web/-/react-native-web-0.21.2.tgz. Extracting by manifest.
1526 silly tarball no local data for react-refresh@https://registry.npmjs.org/react-refresh/-/react-refresh-0.14.2.tgz. Extracting by manifest.
1527 silly tarball no local data for stacktrace-parser@https://registry.npmjs.org/stacktrace-parser/-/stacktrace-parser-0.1.11.tgz. Extracting by manifest.
1528 silly tarball no local data for react-native-worklets@https://registry.npmjs.org/react-native-worklets/-/react-native-worklets-0.8.1.tgz. Extracting by manifest.
1529 silly tarball no local data for react-native-svg@https://registry.npmjs.org/react-native-svg/-/react-native-svg-15.15.5.tgz. Extracting by manifest.
1530 silly tarball no local data for react-native-view-shot@https://registry.npmjs.org/react-native-view-shot/-/react-native-view-shot-4.0.3.tgz. Extracting by manifest.
1531 silly tarball no local data for react-native-skia-apple-tvos@https://registry.npmjs.org/react-native-skia-apple-tvos/-/react-native-skia-apple-tvos-147.1.0.tgz. Extracting by manifest.
1532 silly tarball no local data for react-native-skia-apple-macos@https://registry.npmjs.org/react-native-skia-apple-macos/-/react-native-skia-apple-macos-147.1.0.tgz. Extracting by manifest.
1533 silly tarball no local data for react-native-skia-apple-ios@https://registry.npmjs.org/react-native-skia-apple-ios/-/react-native-skia-apple-ios-147.1.0.tgz. Extracting by manifest.
1534 silly tarball no local data for react-native-skia-android@https://registry.npmjs.org/react-native-skia-android/-/react-native-skia-android-147.1.0.tgz. Extracting by manifest.
1535 silly tarball no local data for react-native-screens@https://registry.npmjs.org/react-native-screens/-/react-native-screens-4.24.0.tgz. Extracting by manifest.
1536 silly tarball no local data for react-native-safe-area-context@https://registry.npmjs.org/react-native-safe-area-context/-/react-native-safe-area-context-5.8.0.tgz. Extracting by manifest.
1537 silly tarball no local data for react-native-is-edge-to-edge@https://registry.npmjs.org/react-native-is-edge-to-edge/-/react-native-is-edge-to-edge-1.3.1.tgz. Extracting by manifest.
1538 silly tarball no local data for react-native-reanimated@https://registry.npmjs.org/react-native-reanimated/-/react-native-reanimated-4.3.0.tgz. Extracting by manifest.
1539 silly tarball no local data for react-native@https://registry.npmjs.org/react-native/-/react-native-0.83.4.tgz. Extracting by manifest.
1540 silly tarball no local data for react-native-gesture-handler@https://registry.npmjs.org/react-native-gesture-handler/-/react-native-gesture-handler-2.31.1.tgz. Extracting by manifest.
1541 silly tarball no local data for react-native-body-highlighter@https://registry.npmjs.org/react-native-body-highlighter/-/react-native-body-highlighter-3.2.0.tgz. Extracting by manifest.
1542 silly tarball no local data for react-is@https://registry.npmjs.org/react-is/-/react-is-19.2.5.tgz. Extracting by manifest.
1543 silly tarball no local data for regjsgen@https://registry.npmjs.org/regjsgen/-/regjsgen-0.8.0.tgz. Extracting by manifest.
1544 silly tarball no local data for react-fast-compare@https://registry.npmjs.org/react-fast-compare/-/react-fast-compare-3.2.2.tgz. Extracting by manifest.
1545 silly tarball no local data for react-freeze@https://registry.npmjs.org/react-freeze/-/react-freeze-1.0.4.tgz. Extracting by manifest.
1546 silly tarball no local data for react@https://registry.npmjs.org/react/-/react-19.2.0.tgz. Extracting by manifest.
1547 silly tarball no local data for react-dom@https://registry.npmjs.org/react-dom/-/react-dom-19.2.0.tgz. Extracting by manifest.
1548 silly tarball no local data for react-devtools-core@https://registry.npmjs.org/react-devtools-core/-/react-devtools-core-6.1.5.tgz. Extracting by manifest.
1549 silly tarball no local data for rc@https://registry.npmjs.org/rc/-/rc-1.2.8.tgz. Extracting by manifest.
1550 silly tarball no local data for range-parser@https://registry.npmjs.org/range-parser/-/range-parser-1.2.1.tgz. Extracting by manifest.
1551 silly tarball no local data for queue-microtask@https://registry.npmjs.org/queue-microtask/-/queue-microtask-1.2.3.tgz. Extracting by manifest.
1552 silly tarball no local data for queue@https://registry.npmjs.org/queue/-/queue-6.0.2.tgz. Extracting by manifest.
1553 silly tarball no local data for registry-url@https://registry.npmjs.org/registry-url/-/registry-url-3.1.0.tgz. Extracting by manifest.
1554 silly tarball no local data for query-string@https://registry.npmjs.org/query-string/-/query-string-7.1.3.tgz. Extracting by manifest.
1555 silly tarball no local data for pure-rand@https://registry.npmjs.org/pure-rand/-/pure-rand-6.1.0.tgz. Extracting by manifest.
1556 silly tarball no local data for punycode@https://registry.npmjs.org/punycode/-/punycode-2.3.1.tgz. Extracting by manifest.
1557 silly tarball no local data for psl@https://registry.npmjs.org/psl/-/psl-1.15.0.tgz. Extracting by manifest.
1558 silly tarball no local data for proxy-from-env@https://registry.npmjs.org/proxy-from-env/-/proxy-from-env-2.1.0.tgz. Extracting by manifest.
1559 silly tarball no local data for prop-types@https://registry.npmjs.org/prop-types/-/prop-types-15.8.1.tgz. Extracting by manifest.
1560 silly tarball no local data for pretty-format@https://registry.npmjs.org/pretty-format/-/pretty-format-29.7.0.tgz. Extracting by manifest.
1561 silly tarball no local data for promise@https://registry.npmjs.org/promise/-/promise-8.3.0.tgz. Extracting by manifest.
1562 silly tarball no local data for progress@https://registry.npmjs.org/progress/-/progress-2.0.3.tgz. Extracting by manifest.
1563 silly tarball no local data for proc-log@https://registry.npmjs.org/proc-log/-/proc-log-4.2.0.tgz. Extracting by manifest.
1564 silly tarball no local data for prelude-ls@https://registry.npmjs.org/prelude-ls/-/prelude-ls-1.2.1.tgz. Extracting by manifest.
1565 silly tarball no local data for postcss-value-parser@https://registry.npmjs.org/postcss-value-parser/-/postcss-value-parser-4.2.0.tgz. Extracting by manifest.
1566 silly tarball no local data for possible-typed-array-names@https://registry.npmjs.org/possible-typed-array-names/-/possible-typed-array-names-1.1.0.tgz. Extracting by manifest.
1567 silly tarball no local data for postcss@https://registry.npmjs.org/postcss/-/postcss-8.4.49.tgz. Extracting by manifest.
1568 silly tarball no local data for pngjs@https://registry.npmjs.org/pngjs/-/pngjs-3.4.0.tgz. Extracting by manifest.
1569 silly tarball no local data for pkg-dir@https://registry.npmjs.org/pkg-dir/-/pkg-dir-4.2.0.tgz. Extracting by manifest.
1570 silly tarball no local data for plist@https://registry.npmjs.org/plist/-/plist-3.1.0.tgz. Extracting by manifest.
1571 silly tarball no local data for playwright-core@https://registry.npmjs.org/playwright-core/-/playwright-core-1.59.1.tgz. Extracting by manifest.
1572 silly tarball no local data for playwright@https://registry.npmjs.org/playwright/-/playwright-1.59.1.tgz. Extracting by manifest.
1573 silly tarball no local data for pirates@https://registry.npmjs.org/pirates/-/pirates-4.0.7.tgz. Extracting by manifest.
1574 silly tarball no local data for picomatch@https://registry.npmjs.org/picomatch/-/picomatch-4.0.4.tgz. Extracting by manifest.
1575 silly tarball no local data for picocolors@https://registry.npmjs.org/picocolors/-/picocolors-1.1.1.tgz. Extracting by manifest.
1576 silly tarball no local data for path-to-regexp@https://registry.npmjs.org/path-to-regexp/-/path-to-regexp-3.3.0.tgz. Extracting by manifest.
1577 silly tarball no local data for react-reconciler@https://registry.npmjs.org/react-reconciler/-/react-reconciler-0.31.0.tgz. Extracting by manifest.
1578 silly tarball no local data for path-parse@https://registry.npmjs.org/path-parse/-/path-parse-1.0.7.tgz. Extracting by manifest.
1579 silly tarball no local data for regenerate@https://registry.npmjs.org/regenerate/-/regenerate-1.4.2.tgz. Extracting by manifest.
1580 silly tarball no local data for path-is-inside@https://registry.npmjs.org/path-is-inside/-/path-is-inside-1.0.2.tgz. Extracting by manifest.
1581 silly tarball no local data for path-is-absolute@https://registry.npmjs.org/path-is-absolute/-/path-is-absolute-1.0.1.tgz. Extracting by manifest.
1582 silly tarball no local data for path-exists@https://registry.npmjs.org/path-exists/-/path-exists-4.0.0.tgz. Extracting by manifest.
1583 silly tarball no local data for patch-package@https://registry.npmjs.org/patch-package/-/patch-package-8.0.1.tgz. Extracting by manifest.
1584 silly tarball no local data for parseurl@https://registry.npmjs.org/parseurl/-/parseurl-1.3.3.tgz. Extracting by manifest.
1585 silly tarball no local data for parse5@https://registry.npmjs.org/parse5/-/parse5-7.3.0.tgz. Extracting by manifest.
1586 silly tarball no local data for parse-png@https://registry.npmjs.org/parse-png/-/parse-png-2.1.0.tgz. Extracting by manifest.
1587 silly tarball no local data for parse-json@https://registry.npmjs.org/parse-json/-/parse-json-5.2.0.tgz. Extracting by manifest.
1588 silly tarball no local data for parent-module@https://registry.npmjs.org/parent-module/-/parent-module-1.0.1.tgz. Extracting by manifest.
1589 silly tarball no local data for papaparse@https://registry.npmjs.org/papaparse/-/papaparse-5.5.3.tgz. Extracting by manifest.
1590 silly tarball no local data for p-try@https://registry.npmjs.org/p-try/-/p-try-2.2.0.tgz. Extracting by manifest.
1591 silly tarball no local data for ora@https://registry.npmjs.org/ora/-/ora-3.4.0.tgz. Extracting by manifest.
1592 silly tarball no local data for p-locate@https://registry.npmjs.org/p-locate/-/p-locate-5.0.0.tgz. Extracting by manifest.
1593 silly tarball no local data for p-limit@https://registry.npmjs.org/p-limit/-/p-limit-3.1.0.tgz. Extracting by manifest.
1594 silly tarball no local data for own-keys@https://registry.npmjs.org/own-keys/-/own-keys-1.0.1.tgz. Extracting by manifest.
1595 silly tarball no local data for optionator@https://registry.npmjs.org/optionator/-/optionator-0.9.4.tgz. Extracting by manifest.
1596 silly tarball no local data for onetime@https://registry.npmjs.org/onetime/-/onetime-5.1.2.tgz. Extracting by manifest.
1597 silly tarball no local data for open@https://registry.npmjs.org/open/-/open-7.4.2.tgz. Extracting by manifest.
1598 silly tarball no local data for once@https://registry.npmjs.org/once/-/once-1.4.0.tgz. Extracting by manifest.
1599 silly tarball no local data for on-headers@https://registry.npmjs.org/on-headers/-/on-headers-1.1.0.tgz. Extracting by manifest.
1600 silly tarball no local data for on-finished@https://registry.npmjs.org/on-finished/-/on-finished-2.3.0.tgz. Extracting by manifest.
1601 silly tarball no local data for object.values@https://registry.npmjs.org/object.values/-/object.values-1.2.1.tgz. Extracting by manifest.
1602 silly tarball no local data for object.fromentries@https://registry.npmjs.org/object.fromentries/-/object.fromentries-2.0.8.tgz. Extracting by manifest.
1603 silly tarball no local data for object.entries@https://registry.npmjs.org/object.entries/-/object.entries-1.1.9.tgz. Extracting by manifest.
1604 silly tarball no local data for object-keys@https://registry.npmjs.org/object-keys/-/object-keys-1.1.1.tgz. Extracting by manifest.
1605 silly tarball no local data for object.assign@https://registry.npmjs.org/object.assign/-/object.assign-4.1.7.tgz. Extracting by manifest.
1606 silly tarball no local data for object-inspect@https://registry.npmjs.org/object-inspect/-/object-inspect-1.13.4.tgz. Extracting by manifest.
1607 silly tarball no local data for object-assign@https://registry.npmjs.org/object-assign/-/object-assign-4.1.1.tgz. Extracting by manifest.
1608 silly tarball no local data for ob1@https://registry.npmjs.org/ob1/-/ob1-0.83.5.tgz. Extracting by manifest.
1609 silly tarball no local data for nwsapi@https://registry.npmjs.org/nwsapi/-/nwsapi-2.2.23.tgz. Extracting by manifest.
1610 silly tarball no local data for nullthrows@https://registry.npmjs.org/nullthrows/-/nullthrows-1.1.1.tgz. Extracting by manifest.
1611 silly tarball no local data for nth-check@https://registry.npmjs.org/nth-check/-/nth-check-2.1.1.tgz. Extracting by manifest.
1612 silly tarball no local data for npm-package-arg@https://registry.npmjs.org/npm-package-arg/-/npm-package-arg-11.0.3.tgz. Extracting by manifest.
1613 silly tarball no local data for npm-run-path@https://registry.npmjs.org/npm-run-path/-/npm-run-path-4.0.1.tgz. Extracting by manifest.
1614 silly tarball no local data for node-releases@https://registry.npmjs.org/node-releases/-/node-releases-2.0.37.tgz. Extracting by manifest.
1615 silly tarball no local data for normalize-path@https://registry.npmjs.org/normalize-path/-/normalize-path-3.0.0.tgz. Extracting by manifest.
1616 silly tarball no local data for node-fetch@https://registry.npmjs.org/node-fetch/-/node-fetch-2.7.0.tgz. Extracting by manifest.
1617 silly tarball no local data for node-forge@https://registry.npmjs.org/node-forge/-/node-forge-1.4.0.tgz. Extracting by manifest.
1618 silly tarball no local data for node-int64@https://registry.npmjs.org/node-int64/-/node-int64-0.4.0.tgz. Extracting by manifest.
1619 silly tarball no local data for react-hook-form@https://registry.npmjs.org/react-hook-form/-/react-hook-form-7.72.1.tgz. Extracting by manifest.
1620 silly tarball no local data for node-exports-info@https://registry.npmjs.org/node-exports-info/-/node-exports-info-1.6.0.tgz. Extracting by manifest.
1621 silly tarball no local data for negotiator@https://registry.npmjs.org/negotiator/-/negotiator-0.6.3.tgz. Extracting by manifest.
1622 silly tarball no local data for natural-compare@https://registry.npmjs.org/natural-compare/-/natural-compare-1.4.0.tgz. Extracting by manifest.
1623 silly tarball no local data for nanoid@https://registry.npmjs.org/nanoid/-/nanoid-3.3.11.tgz. Extracting by manifest.
1624 silly tarball no local data for multitars@https://registry.npmjs.org/multitars/-/multitars-0.2.5.tgz. Extracting by manifest.
1625 silly tarball no local data for ms@https://registry.npmjs.org/ms/-/ms-2.1.3.tgz. Extracting by manifest.
1626 silly tarball no local data for mkdirp@https://registry.npmjs.org/mkdirp/-/mkdirp-1.0.4.tgz. Extracting by manifest.
1627 silly tarball no local data for minipass@https://registry.npmjs.org/minipass/-/minipass-7.1.3.tgz. Extracting by manifest.
1628 silly tarball no local data for querystringify@https://registry.npmjs.org/querystringify/-/querystringify-2.2.0.tgz. Extracting by manifest.
1629 silly tarball no local data for min-indent@https://registry.npmjs.org/min-indent/-/min-indent-1.0.1.tgz. Extracting by manifest.
1630 silly tarball no local data for mimic-fn@https://registry.npmjs.org/mimic-fn/-/mimic-fn-2.1.0.tgz. Extracting by manifest.
1631 silly tarball no local data for mimic-function@https://registry.npmjs.org/mimic-function/-/mimic-function-5.0.1.tgz. Extracting by manifest.
1632 silly tarball no local data for minimatch@https://registry.npmjs.org/minimatch/-/minimatch-10.2.5.tgz. Extracting by manifest.
1633 silly tarball no local data for mime-types@https://registry.npmjs.org/mime-types/-/mime-types-2.1.35.tgz. Extracting by manifest.
1634 silly tarball no local data for mime-db@https://registry.npmjs.org/mime-db/-/mime-db-1.54.0.tgz. Extracting by manifest.
1635 silly tarball no local data for mime@https://registry.npmjs.org/mime/-/mime-1.6.0.tgz. Extracting by manifest.
1636 silly tarball no local data for micromatch@https://registry.npmjs.org/micromatch/-/micromatch-4.0.8.tgz. Extracting by manifest.
1637 silly tarball no local data for metro-transform-worker@https://registry.npmjs.org/metro-transform-worker/-/metro-transform-worker-0.83.5.tgz. Extracting by manifest.
1638 silly tarball no local data for metro-transform-plugins@https://registry.npmjs.org/metro-transform-plugins/-/metro-transform-plugins-0.83.5.tgz. Extracting by manifest.
1639 silly tarball no local data for path-scurry@https://registry.npmjs.org/path-scurry/-/path-scurry-2.0.2.tgz. Extracting by manifest.
1640 silly tarball no local data for metro-source-map@https://registry.npmjs.org/metro-source-map/-/metro-source-map-0.83.5.tgz. Extracting by manifest.
1641 silly tarball no local data for metro-runtime@https://registry.npmjs.org/metro-runtime/-/metro-runtime-0.83.5.tgz. Extracting by manifest.
1642 silly tarball no local data for metro-resolver@https://registry.npmjs.org/metro-resolver/-/metro-resolver-0.83.5.tgz. Extracting by manifest.
1643 silly tarball no local data for neo-async@https://registry.npmjs.org/neo-async/-/neo-async-2.6.2.tgz. Extracting by manifest.
1644 silly tarball no local data for metro-file-map@https://registry.npmjs.org/metro-file-map/-/metro-file-map-0.83.5.tgz. Extracting by manifest.
1645 silly tarball no local data for metro-cache@https://registry.npmjs.org/metro-cache/-/metro-cache-0.83.5.tgz. Extracting by manifest.
1646 silly tarball no local data for metro-core@https://registry.npmjs.org/metro-core/-/metro-core-0.83.5.tgz. Extracting by manifest.
1647 silly tarball no local data for metro-babel-transformer@https://registry.npmjs.org/metro-babel-transformer/-/metro-babel-transformer-0.83.5.tgz. Extracting by manifest.
1648 silly tarball no local data for metro@https://registry.npmjs.org/metro/-/metro-0.83.5.tgz. Extracting by manifest.
1649 silly tarball no local data for metro-config@https://registry.npmjs.org/metro-config/-/metro-config-0.83.5.tgz. Extracting by manifest.
1650 silly tarball no local data for metro-cache-key@https://registry.npmjs.org/metro-cache-key/-/metro-cache-key-0.83.5.tgz. Extracting by manifest.
1651 silly tarball no local data for merge-stream@https://registry.npmjs.org/merge-stream/-/merge-stream-2.0.0.tgz. Extracting by manifest.
1652 silly tarball no local data for memoize-one@https://registry.npmjs.org/memoize-one/-/memoize-one-5.2.1.tgz. Extracting by manifest.
1653 silly tarball no local data for mdn-data@https://registry.npmjs.org/mdn-data/-/mdn-data-2.0.14.tgz. Extracting by manifest.
1654 silly tarball no local data for marky@https://registry.npmjs.org/marky/-/marky-1.3.0.tgz. Extracting by manifest.
1655 silly tarball no local data for math-intrinsics@https://registry.npmjs.org/math-intrinsics/-/math-intrinsics-1.1.0.tgz. Extracting by manifest.
1656 silly tarball no local data for makeerror@https://registry.npmjs.org/makeerror/-/makeerror-1.0.12.tgz. Extracting by manifest.
1657 silly tarball no local data for make-error@https://registry.npmjs.org/make-error/-/make-error-1.3.6.tgz. Extracting by manifest.
1658 silly tarball no local data for make-dir@https://registry.npmjs.org/make-dir/-/make-dir-4.0.0.tgz. Extracting by manifest.
1659 silly tarball no local data for log-update@https://registry.npmjs.org/log-update/-/log-update-6.1.0.tgz. Extracting by manifest.
1660 silly tarball no local data for log-symbols@https://registry.npmjs.org/log-symbols/-/log-symbols-2.2.0.tgz. Extracting by manifest.
1661 silly tarball no local data for lru-cache@https://registry.npmjs.org/lru-cache/-/lru-cache-5.1.1.tgz. Extracting by manifest.
1662 silly tarball no local data for loose-envify@https://registry.npmjs.org/loose-envify/-/loose-envify-1.4.0.tgz. Extracting by manifest.
1663 silly tarball no local data for lodash.throttle@https://registry.npmjs.org/lodash.throttle/-/lodash.throttle-4.1.1.tgz. Extracting by manifest.
1664 silly tarball no local data for lodash.merge@https://registry.npmjs.org/lodash.merge/-/lodash.merge-4.6.2.tgz. Extracting by manifest.
1665 silly tarball no local data for lodash.memoize@https://registry.npmjs.org/lodash.memoize/-/lodash.memoize-4.1.2.tgz. Extracting by manifest.
1666 silly tarball no local data for listr2@https://registry.npmjs.org/listr2/-/listr2-9.0.5.tgz. Extracting by manifest.
1667 silly tarball no local data for lodash.debounce@https://registry.npmjs.org/lodash.debounce/-/lodash.debounce-4.0.8.tgz. Extracting by manifest.
1668 silly tarball no local data for lodash@https://registry.npmjs.org/lodash/-/lodash-4.18.1.tgz. Extracting by manifest.
1669 silly tarball no local data for locate-path@https://registry.npmjs.org/locate-path/-/locate-path-6.0.0.tgz. Extracting by manifest.
1670 silly tarball no local data for lint-staged@https://registry.npmjs.org/lint-staged/-/lint-staged-16.4.0.tgz. Extracting by manifest.
1671 silly tarball no local data for lines-and-columns@https://registry.npmjs.org/lines-and-columns/-/lines-and-columns-1.2.4.tgz. Extracting by manifest.
1672 silly tarball no local data for prompts@https://registry.npmjs.org/prompts/-/prompts-2.4.2.tgz. Extracting by manifest.
1673 silly tarball no local data for lucide-react-native@https://registry.npmjs.org/lucide-react-native/-/lucide-react-native-1.22.0.tgz. Extracting by manifest.
1674 silly tarball no local data for path-key@https://registry.npmjs.org/path-key/-/path-key-3.1.1.tgz. Extracting by manifest.
1675 silly tarball no local data for lighthouse-logger@https://registry.npmjs.org/lighthouse-logger/-/lighthouse-logger-1.4.2.tgz. Extracting by manifest.
1676 silly tarball no local data for lightningcss-linux-arm64-musl@https://registry.npmjs.org/lightningcss-linux-arm64-musl/-/lightningcss-linux-arm64-musl-1.32.0.tgz. Extracting by manifest.
1677 silly tarball no local data for lightningcss-linux-arm64-gnu@https://registry.npmjs.org/lightningcss-linux-arm64-gnu/-/lightningcss-linux-arm64-gnu-1.32.0.tgz. Extracting by manifest.
1678 silly tarball no local data for lightningcss@https://registry.npmjs.org/lightningcss/-/lightningcss-1.32.0.tgz. Extracting by manifest.
1679 silly tarball no local data for levn@https://registry.npmjs.org/levn/-/levn-0.4.1.tgz. Extracting by manifest.
1680 silly tarball no local data for leven@https://registry.npmjs.org/leven/-/leven-3.1.0.tgz. Extracting by manifest.
1681 silly tarball no local data for lan-network@https://registry.npmjs.org/lan-network/-/lan-network-0.2.1.tgz. Extracting by manifest.
1682 silly tarball no local data for kleur@https://registry.npmjs.org/kleur/-/kleur-3.0.3.tgz. Extracting by manifest.
1683 silly tarball no local data for klaw-sync@https://registry.npmjs.org/klaw-sync/-/klaw-sync-6.0.0.tgz. Extracting by manifest.
1684 silly tarball no local data for jsx-ast-utils@https://registry.npmjs.org/jsx-ast-utils/-/jsx-ast-utils-3.3.5.tgz. Extracting by manifest.
1685 silly tarball no local data for keyv@https://registry.npmjs.org/keyv/-/keyv-4.5.4.tgz. Extracting by manifest.
1686 silly tarball no local data for jsonify@https://registry.npmjs.org/jsonify/-/jsonify-0.0.1.tgz. Extracting by manifest.
1687 silly tarball no local data for json-stable-stringify-without-jsonify@https://registry.npmjs.org/json-stable-stringify-without-jsonify/-/json-stable-stringify-without-jsonify-1.0.1.tgz. Extracting by manifest.
1688 silly tarball no local data for jsonfile@https://registry.npmjs.org/jsonfile/-/jsonfile-6.2.1.tgz. Extracting by manifest.
1689 silly tarball no local data for json-schema-traverse@https://registry.npmjs.org/json-schema-traverse/-/json-schema-traverse-0.4.1.tgz. Extracting by manifest.
1690 silly tarball no local data for json-stable-stringify@https://registry.npmjs.org/json-stable-stringify/-/json-stable-stringify-1.3.0.tgz. Extracting by manifest.
1691 silly tarball no local data for json-parse-even-better-errors@https://registry.npmjs.org/json-parse-even-better-errors/-/json-parse-even-better-errors-2.3.1.tgz. Extracting by manifest.
1692 silly tarball no local data for json-buffer@https://registry.npmjs.org/json-buffer/-/json-buffer-3.0.1.tgz. Extracting by manifest.
1693 silly tarball no local data for jsesc@https://registry.npmjs.org/jsesc/-/jsesc-3.1.0.tgz. Extracting by manifest.
1694 silly tarball no local data for jsdom@https://registry.npmjs.org/jsdom/-/jsdom-20.0.3.tgz. Extracting by manifest.
1695 silly tarball no local data for js-yaml@https://registry.npmjs.org/js-yaml/-/js-yaml-4.1.1.tgz. Extracting by manifest.
1696 silly tarball no local data for js-tokens@https://registry.npmjs.org/js-tokens/-/js-tokens-4.0.0.tgz. Extracting by manifest.
1697 silly tarball no local data for joi@https://registry.npmjs.org/joi/-/joi-18.1.2.tgz. Extracting by manifest.
1698 silly tarball no local data for jimp-compact@https://registry.npmjs.org/jimp-compact/-/jimp-compact-0.16.1.tgz. Extracting by manifest.
1699 silly tarball no local data for jest-watch-typeahead@https://registry.npmjs.org/jest-watch-typeahead/-/jest-watch-typeahead-2.2.1.tgz. Extracting by manifest.
1700 silly tarball no local data for jest-worker@https://registry.npmjs.org/jest-worker/-/jest-worker-29.7.0.tgz. Extracting by manifest.
1701 silly tarball no local data for jsc-safe-url@https://registry.npmjs.org/jsc-safe-url/-/jsc-safe-url-0.2.4.tgz. Extracting by manifest.
1702 silly tarball no local data for jest-watcher@https://registry.npmjs.org/jest-watcher/-/jest-watcher-29.7.0.tgz. Extracting by manifest.
1703 silly tarball no local data for jest-watch-select-projects@https://registry.npmjs.org/jest-watch-select-projects/-/jest-watch-select-projects-2.0.0.tgz. Extracting by manifest.
1704 silly tarball no local data for jest-runtime@https://registry.npmjs.org/jest-runtime/-/jest-runtime-29.7.0.tgz. Extracting by manifest.
1705 silly tarball no local data for jest-validate@https://registry.npmjs.org/jest-validate/-/jest-validate-29.7.0.tgz. Extracting by manifest.
1706 silly tarball no local data for jest-util@https://registry.npmjs.org/jest-util/-/jest-util-29.7.0.tgz. Extracting by manifest.
1707 silly tarball no local data for jest-snapshot@https://registry.npmjs.org/jest-snapshot/-/jest-snapshot-29.7.0.tgz. Extracting by manifest.
1708 silly tarball no local data for jest-runner@https://registry.npmjs.org/jest-runner/-/jest-runner-29.7.0.tgz. Extracting by manifest.
1709 silly tarball no local data for jest-resolve-dependencies@https://registry.npmjs.org/jest-resolve-dependencies/-/jest-resolve-dependencies-29.7.0.tgz. Extracting by manifest.
1710 silly tarball no local data for jest-resolve@https://registry.npmjs.org/jest-resolve/-/jest-resolve-29.7.0.tgz. Extracting by manifest.
1711 silly tarball no local data for jest-pnp-resolver@https://registry.npmjs.org/jest-pnp-resolver/-/jest-pnp-resolver-1.2.3.tgz. Extracting by manifest.
1712 silly tarball no local data for minimist@https://registry.npmjs.org/minimist/-/minimist-1.2.8.tgz. Extracting by manifest.
1713 silly tarball no local data for jest-mock@https://registry.npmjs.org/jest-mock/-/jest-mock-29.7.0.tgz. Extracting by manifest.
1714 silly tarball no local data for jest-message-util@https://registry.npmjs.org/jest-message-util/-/jest-message-util-29.7.0.tgz. Extracting by manifest.
1715 silly tarball no local data for jest-leak-detector@https://registry.npmjs.org/jest-leak-detector/-/jest-leak-detector-29.7.0.tgz. Extracting by manifest.
1716 silly tarball no local data for jest-matcher-utils@https://registry.npmjs.org/jest-matcher-utils/-/jest-matcher-utils-29.7.0.tgz. Extracting by manifest.
1717 silly tarball no local data for jest-haste-map@https://registry.npmjs.org/jest-haste-map/-/jest-haste-map-29.7.0.tgz. Extracting by manifest.
1718 silly tarball no local data for jest-get-type@https://registry.npmjs.org/jest-get-type/-/jest-get-type-29.6.3.tgz. Extracting by manifest.
1719 silly tarball no local data for jest-expo@https://registry.npmjs.org/jest-expo/-/jest-expo-55.0.16.tgz. Extracting by manifest.
1720 silly tarball no local data for jest-environment-node@https://registry.npmjs.org/jest-environment-node/-/jest-environment-node-29.7.0.tgz. Extracting by manifest.
1721 silly tarball no local data for jest-environment-jsdom@https://registry.npmjs.org/jest-environment-jsdom/-/jest-environment-jsdom-29.7.0.tgz. Extracting by manifest.
1722 silly tarball no local data for jest-each@https://registry.npmjs.org/jest-each/-/jest-each-29.7.0.tgz. Extracting by manifest.
1723 silly tarball no local data for jest-config@https://registry.npmjs.org/jest-config/-/jest-config-29.7.0.tgz. Extracting by manifest.
1724 silly tarball no local data for jest-docblock@https://registry.npmjs.org/jest-docblock/-/jest-docblock-29.7.0.tgz. Extracting by manifest.
1725 silly tarball no local data for jest-diff@https://registry.npmjs.org/jest-diff/-/jest-diff-29.7.0.tgz. Extracting by manifest.
1726 silly tarball no local data for jest-circus@https://registry.npmjs.org/jest-circus/-/jest-circus-29.7.0.tgz. Extracting by manifest.
1727 silly tarball no local data for jest-cli@https://registry.npmjs.org/jest-cli/-/jest-cli-29.7.0.tgz. Extracting by manifest.
1728 silly tarball no local data for jest-changed-files@https://registry.npmjs.org/jest-changed-files/-/jest-changed-files-29.7.0.tgz. Extracting by manifest.
1729 silly tarball no local data for jest@https://registry.npmjs.org/jest/-/jest-29.7.0.tgz. Extracting by manifest.
1730 silly tarball no local data for metro-symbolicate@https://registry.npmjs.org/metro-symbolicate/-/metro-symbolicate-0.83.5.tgz. Extracting by manifest.
1731 silly tarball no local data for iterator.prototype@https://registry.npmjs.org/iterator.prototype/-/iterator.prototype-1.1.5.tgz. Extracting by manifest.
1732 silly tarball no local data for istanbul-lib-source-maps@https://registry.npmjs.org/istanbul-lib-source-maps/-/istanbul-lib-source-maps-4.0.1.tgz. Extracting by manifest.
1733 silly tarball no local data for metro-minify-terser@https://registry.npmjs.org/metro-minify-terser/-/metro-minify-terser-0.83.5.tgz. Extracting by manifest.
1734 silly tarball no local data for istanbul-lib-report@https://registry.npmjs.org/istanbul-lib-report/-/istanbul-lib-report-3.0.1.tgz. Extracting by manifest.
1735 silly tarball no local data for json5@https://registry.npmjs.org/json5/-/json5-2.2.3.tgz. Extracting by manifest.
1736 silly tarball no local data for istanbul-lib-coverage@https://registry.npmjs.org/istanbul-lib-coverage/-/istanbul-lib-coverage-3.2.2.tgz. Extracting by manifest.
1737 silly tarball no local data for istanbul-lib-instrument@https://registry.npmjs.org/istanbul-lib-instrument/-/istanbul-lib-instrument-6.0.3.tgz. Extracting by manifest.
1738 silly tarball no local data for isexe@https://registry.npmjs.org/isexe/-/isexe-2.0.0.tgz. Extracting by manifest.
1739 silly tarball no local data for isarray@https://registry.npmjs.org/isarray/-/isarray-2.0.5.tgz. Extracting by manifest.
1740 silly tarball no local data for is-wsl@https://registry.npmjs.org/is-wsl/-/is-wsl-2.2.0.tgz. Extracting by manifest.
1741 silly tarball no local data for is-weakset@https://registry.npmjs.org/is-weakset/-/is-weakset-2.0.4.tgz. Extracting by manifest.
1742 silly tarball no local data for is-weakref@https://registry.npmjs.org/is-weakref/-/is-weakref-1.1.1.tgz. Extracting by manifest.
1743 silly tarball no local data for is-weakmap@https://registry.npmjs.org/is-weakmap/-/is-weakmap-2.0.2.tgz. Extracting by manifest.
1744 silly tarball no local data for is-typed-array@https://registry.npmjs.org/is-typed-array/-/is-typed-array-1.1.15.tgz. Extracting by manifest.
1745 silly tarball no local data for is-symbol@https://registry.npmjs.org/is-symbol/-/is-symbol-1.1.1.tgz. Extracting by manifest.
1746 silly tarball no local data for is-string@https://registry.npmjs.org/is-string/-/is-string-1.1.1.tgz. Extracting by manifest.
1747 silly tarball no local data for is-shared-array-buffer@https://registry.npmjs.org/is-shared-array-buffer/-/is-shared-array-buffer-1.0.4.tgz. Extracting by manifest.
1748 silly tarball no local data for is-stream@https://registry.npmjs.org/is-stream/-/is-stream-2.0.1.tgz. Extracting by manifest.
1749 silly tarball no local data for is-set@https://registry.npmjs.org/is-set/-/is-set-2.0.3.tgz. Extracting by manifest.
1750 silly tarball no local data for is-regex@https://registry.npmjs.org/is-regex/-/is-regex-1.2.1.tgz. Extracting by manifest.
1751 silly tarball no local data for is-port-reachable@https://registry.npmjs.org/is-port-reachable/-/is-port-reachable-4.0.0.tgz. Extracting by manifest.
1752 silly tarball no local data for is-path-inside@https://registry.npmjs.org/is-path-inside/-/is-path-inside-3.0.3.tgz. Extracting by manifest.
1753 silly tarball no local data for is-potential-custom-element-name@https://registry.npmjs.org/is-potential-custom-element-name/-/is-potential-custom-element-name-1.0.1.tgz. Extracting by manifest.
1754 silly tarball no local data for is-number@https://registry.npmjs.org/is-number/-/is-number-7.0.0.tgz. Extracting by manifest.
1755 silly tarball no local data for is-negative-zero@https://registry.npmjs.org/is-negative-zero/-/is-negative-zero-2.0.3.tgz. Extracting by manifest.
1756 silly tarball no local data for is-number-object@https://registry.npmjs.org/is-number-object/-/is-number-object-1.1.1.tgz. Extracting by manifest.
1757 silly tarball no local data for is-map@https://registry.npmjs.org/is-map/-/is-map-2.0.3.tgz. Extracting by manifest.
1758 silly tarball no local data for is-glob@https://registry.npmjs.org/is-glob/-/is-glob-4.0.3.tgz. Extracting by manifest.
1759 silly tarball no local data for is-generator-function@https://registry.npmjs.org/is-generator-function/-/is-generator-function-1.1.2.tgz. Extracting by manifest.
1760 silly tarball no local data for is-generator-fn@https://registry.npmjs.org/is-generator-fn/-/is-generator-fn-2.1.0.tgz. Extracting by manifest.
1761 silly tarball no local data for is-fullwidth-code-point@https://registry.npmjs.org/is-fullwidth-code-point/-/is-fullwidth-code-point-5.1.0.tgz. Extracting by manifest.
1762 silly tarball no local data for is-docker@https://registry.npmjs.org/is-docker/-/is-docker-2.2.1.tgz. Extracting by manifest.
1763 silly tarball no local data for is-finalizationregistry@https://registry.npmjs.org/is-finalizationregistry/-/is-finalizationregistry-1.1.1.tgz. Extracting by manifest.
1764 silly tarball no local data for is-date-object@https://registry.npmjs.org/is-date-object/-/is-date-object-1.1.0.tgz. Extracting by manifest.
1765 silly tarball no local data for is-data-view@https://registry.npmjs.org/is-data-view/-/is-data-view-1.0.2.tgz. Extracting by manifest.
1766 silly tarball no local data for is-extglob@https://registry.npmjs.org/is-extglob/-/is-extglob-2.1.1.tgz. Extracting by manifest.
1767 silly tarball no local data for is-core-module@https://registry.npmjs.org/is-core-module/-/is-core-module-2.16.1.tgz. Extracting by manifest.
1768 silly tarball no local data for is-callable@https://registry.npmjs.org/is-callable/-/is-callable-1.2.7.tgz. Extracting by manifest.
1769 silly tarball no local data for is-async-function@https://registry.npmjs.org/is-async-function/-/is-async-function-2.1.1.tgz. Extracting by manifest.
1770 silly tarball no local data for is-bigint@https://registry.npmjs.org/is-bigint/-/is-bigint-1.1.0.tgz. Extracting by manifest.
1771 silly tarball no local data for is-arrayish@https://registry.npmjs.org/is-arrayish/-/is-arrayish-0.2.1.tgz. Extracting by manifest.
1772 silly tarball no local data for is-boolean-object@https://registry.npmjs.org/is-boolean-object/-/is-boolean-object-1.2.2.tgz. Extracting by manifest.
1773 silly tarball no local data for is-array-buffer@https://registry.npmjs.org/is-array-buffer/-/is-array-buffer-3.0.5.tgz. Extracting by manifest.
1774 silly tarball no local data for internmap@https://registry.npmjs.org/internmap/-/internmap-2.0.3.tgz. Extracting by manifest.
1775 silly tarball no local data for invariant@https://registry.npmjs.org/invariant/-/invariant-2.2.4.tgz. Extracting by manifest.
1776 silly tarball no local data for ini@https://registry.npmjs.org/ini/-/ini-1.3.8.tgz. Extracting by manifest.
1777 silly tarball no local data for internal-slot@https://registry.npmjs.org/internal-slot/-/internal-slot-1.1.0.tgz. Extracting by manifest.
1778 silly tarball no local data for inherits@https://registry.npmjs.org/inherits/-/inherits-2.0.4.tgz. Extracting by manifest.
1779 silly tarball no local data for inline-style-prefixer@https://registry.npmjs.org/inline-style-prefixer/-/inline-style-prefixer-7.0.1.tgz. Extracting by manifest.
1780 silly tarball no local data for indent-string@https://registry.npmjs.org/indent-string/-/indent-string-4.0.0.tgz. Extracting by manifest.
1781 silly tarball no local data for inflight@https://registry.npmjs.org/inflight/-/inflight-1.0.6.tgz. Extracting by manifest.
1782 silly tarball no local data for import-local@https://registry.npmjs.org/import-local/-/import-local-3.2.0.tgz. Extracting by manifest.
1783 silly tarball no local data for imurmurhash@https://registry.npmjs.org/imurmurhash/-/imurmurhash-0.1.4.tgz. Extracting by manifest.
1784 silly tarball no local data for import-fresh@https://registry.npmjs.org/import-fresh/-/import-fresh-3.3.1.tgz. Extracting by manifest.
1785 silly tarball no local data for image-size@https://registry.npmjs.org/image-size/-/image-size-1.2.1.tgz. Extracting by manifest.
1786 silly tarball no local data for iconv-lite@https://registry.npmjs.org/iconv-lite/-/iconv-lite-0.6.3.tgz. Extracting by manifest.
1787 silly tarball no local data for ignore@https://registry.npmjs.org/ignore/-/ignore-7.0.5.tgz. Extracting by manifest.
1788 silly tarball no local data for husky@https://registry.npmjs.org/husky/-/husky-9.1.7.tgz. Extracting by manifest.
1789 silly tarball no local data for hyphenate-style-name@https://registry.npmjs.org/hyphenate-style-name/-/hyphenate-style-name-1.1.0.tgz. Extracting by manifest.
1790 silly tarball no local data for human-signals@https://registry.npmjs.org/human-signals/-/human-signals-2.1.0.tgz. Extracting by manifest.
1791 silly tarball no local data for https-proxy-agent@https://registry.npmjs.org/https-proxy-agent/-/https-proxy-agent-5.0.1.tgz. Extracting by manifest.
1792 silly tarball no local data for http-proxy-agent@https://registry.npmjs.org/http-proxy-agent/-/http-proxy-agent-5.0.0.tgz. Extracting by manifest.
1793 silly tarball no local data for http-errors@https://registry.npmjs.org/http-errors/-/http-errors-2.0.1.tgz. Extracting by manifest.
1794 silly tarball no local data for html2canvas@https://registry.npmjs.org/html2canvas/-/html2canvas-1.4.1.tgz. Extracting by manifest.
1795 silly tarball no local data for html-escaper@https://registry.npmjs.org/html-escaper/-/html-escaper-2.0.2.tgz. Extracting by manifest.
1796 silly tarball no local data for hosted-git-info@https://registry.npmjs.org/hosted-git-info/-/hosted-git-info-7.0.2.tgz. Extracting by manifest.
1797 silly tarball no local data for html-encoding-sniffer@https://registry.npmjs.org/html-encoding-sniffer/-/html-encoding-sniffer-3.0.0.tgz. Extracting by manifest.
1798 silly tarball no local data for hoist-non-react-statics@https://registry.npmjs.org/hoist-non-react-statics/-/hoist-non-react-statics-3.3.2.tgz. Extracting by manifest.
1799 silly tarball no local data for hermes-parser@https://registry.npmjs.org/hermes-parser/-/hermes-parser-0.25.1.tgz. Extracting by manifest.
1800 silly tarball no local data for hermes-compiler@https://registry.npmjs.org/hermes-compiler/-/hermes-compiler-0.14.1.tgz. Extracting by manifest.
1801 silly tarball no local data for hermes-estree@https://registry.npmjs.org/hermes-estree/-/hermes-estree-0.25.1.tgz. Extracting by manifest.
1802 silly tarball no local data for hasown@https://registry.npmjs.org/hasown/-/hasown-2.0.2.tgz. Extracting by manifest.
1803 silly tarball no local data for has-tostringtag@https://registry.npmjs.org/has-tostringtag/-/has-tostringtag-1.0.2.tgz. Extracting by manifest.
1804 silly tarball no local data for has-symbols@https://registry.npmjs.org/has-symbols/-/has-symbols-1.1.0.tgz. Extracting by manifest.
1805 silly tarball no local data for jest-regex-util@https://registry.npmjs.org/jest-regex-util/-/jest-regex-util-29.6.3.tgz. Extracting by manifest.
1806 silly tarball no local data for has-property-descriptors@https://registry.npmjs.org/has-property-descriptors/-/has-property-descriptors-1.0.2.tgz. Extracting by manifest.
1807 silly tarball no local data for has-flag@https://registry.npmjs.org/has-flag/-/has-flag-4.0.0.tgz. Extracting by manifest.
1808 silly tarball no local data for has-bigints@https://registry.npmjs.org/has-bigints/-/has-bigints-1.1.0.tgz. Extracting by manifest.
1809 silly tarball no local data for handlebars@https://registry.npmjs.org/handlebars/-/handlebars-4.7.9.tgz. Extracting by manifest.
1810 silly tarball no local data for graphemer@https://registry.npmjs.org/graphemer/-/graphemer-1.4.0.tgz. Extracting by manifest.
1811 silly tarball no local data for graceful-fs@https://registry.npmjs.org/graceful-fs/-/graceful-fs-4.2.11.tgz. Extracting by manifest.
1812 silly tarball no local data for gopd@https://registry.npmjs.org/gopd/-/gopd-1.2.0.tgz. Extracting by manifest.
1813 silly tarball no local data for globalthis@https://registry.npmjs.org/globalthis/-/globalthis-1.0.4.tgz. Extracting by manifest.
1814 silly tarball no local data for globals@https://registry.npmjs.org/globals/-/globals-13.24.0.tgz. Extracting by manifest.
1815 silly tarball no local data for glob-parent@https://registry.npmjs.org/glob-parent/-/glob-parent-6.0.2.tgz. Extracting by manifest.
1816 silly tarball no local data for glob@https://registry.npmjs.org/glob/-/glob-13.0.6.tgz. Extracting by manifest.
1817 silly tarball no local data for getenv@https://registry.npmjs.org/getenv/-/getenv-2.0.0.tgz. Extracting by manifest.
1818 silly tarball no local data for get-tsconfig@https://registry.npmjs.org/get-tsconfig/-/get-tsconfig-4.14.0.tgz. Extracting by manifest.
1819 silly tarball no local data for get-stream@https://registry.npmjs.org/get-stream/-/get-stream-6.0.1.tgz. Extracting by manifest.
1820 silly tarball no local data for get-symbol-description@https://registry.npmjs.org/get-symbol-description/-/get-symbol-description-1.1.0.tgz. Extracting by manifest.
1821 silly tarball no local data for get-package-type@https://registry.npmjs.org/get-package-type/-/get-package-type-0.1.0.tgz. Extracting by manifest.
1822 silly tarball no local data for get-proto@https://registry.npmjs.org/get-proto/-/get-proto-1.0.1.tgz. Extracting by manifest.
1823 silly tarball no local data for get-nonce@https://registry.npmjs.org/get-nonce/-/get-nonce-1.0.1.tgz. Extracting by manifest.
1824 silly tarball no local data for get-intrinsic@https://registry.npmjs.org/get-intrinsic/-/get-intrinsic-1.3.0.tgz. Extracting by manifest.
1825 silly tarball no local data for its-fine@https://registry.npmjs.org/its-fine/-/its-fine-1.2.5.tgz. Extracting by manifest.
1826 silly tarball no local data for get-caller-file@https://registry.npmjs.org/get-caller-file/-/get-caller-file-2.0.5.tgz. Extracting by manifest.
1827 silly tarball no local data for generator-function@https://registry.npmjs.org/generator-function/-/generator-function-2.0.1.tgz. Extracting by manifest.
1828 silly tarball no local data for istanbul-reports@https://registry.npmjs.org/istanbul-reports/-/istanbul-reports-3.2.0.tgz. Extracting by manifest.
1829 silly tarball no local data for functions-have-names@https://registry.npmjs.org/functions-have-names/-/functions-have-names-1.2.3.tgz. Extracting by manifest.
1830 silly tarball no local data for function.prototype.name@https://registry.npmjs.org/function.prototype.name/-/function.prototype.name-1.1.8.tgz. Extracting by manifest.
1831 silly tarball no local data for function-bind@https://registry.npmjs.org/function-bind/-/function-bind-1.1.2.tgz. Extracting by manifest.
1832 silly tarball no local data for fta-cli@https://registry.npmjs.org/fta-cli/-/fta-cli-3.0.0.tgz. Extracting by manifest.
1833 silly tarball no local data for fs.realpath@https://registry.npmjs.org/fs.realpath/-/fs.realpath-1.0.0.tgz. Extracting by manifest.
1834 silly tarball no local data for fresh@https://registry.npmjs.org/fresh/-/fresh-0.5.2.tgz. Extracting by manifest.
1835 silly tarball no local data for fs-extra@https://registry.npmjs.org/fs-extra/-/fs-extra-10.1.0.tgz. Extracting by manifest.
1836 silly tarball no local data for form-data@https://registry.npmjs.org/form-data/-/form-data-4.0.5.tgz. Extracting by manifest.
1837 silly tarball no local data for fontfaceobserver@https://registry.npmjs.org/fontfaceobserver/-/fontfaceobserver-2.3.0.tgz. Extracting by manifest.
1838 silly tarball no local data for follow-redirects@https://registry.npmjs.org/follow-redirects/-/follow-redirects-1.16.0.tgz. Extracting by manifest.
1839 silly tarball no local data for for-each@https://registry.npmjs.org/for-each/-/for-each-0.3.5.tgz. Extracting by manifest.
1840 silly tarball no local data for flow-enums-runtime@https://registry.npmjs.org/flow-enums-runtime/-/flow-enums-runtime-0.0.6.tgz. Extracting by manifest.
1841 silly tarball no local data for flatted@https://registry.npmjs.org/flatted/-/flatted-3.4.2.tgz. Extracting by manifest.
1842 silly tarball no local data for finalhandler@https://registry.npmjs.org/finalhandler/-/finalhandler-1.1.2.tgz. Extracting by manifest.
1843 silly tarball no local data for find-yarn-workspace-root@https://registry.npmjs.org/find-yarn-workspace-root/-/find-yarn-workspace-root-2.0.0.tgz. Extracting by manifest.
1844 silly tarball no local data for flat-cache@https://registry.npmjs.org/flat-cache/-/flat-cache-3.2.0.tgz. Extracting by manifest.
1845 silly tarball no local data for find-up@https://registry.npmjs.org/find-up/-/find-up-5.0.0.tgz. Extracting by manifest.
1846 silly tarball no local data for filter-obj@https://registry.npmjs.org/filter-obj/-/filter-obj-1.1.0.tgz. Extracting by manifest.
1847 silly tarball no local data for fill-range@https://registry.npmjs.org/fill-range/-/fill-range-7.1.1.tgz. Extracting by manifest.
1848 silly tarball no local data for fetch-nodeshim@https://registry.npmjs.org/fetch-nodeshim/-/fetch-nodeshim-0.4.10.tgz. Extracting by manifest.
1849 silly tarball no local data for file-entry-cache@https://registry.npmjs.org/file-entry-cache/-/file-entry-cache-6.0.1.tgz. Extracting by manifest.
1850 silly tarball no local data for fbjs@https://registry.npmjs.org/fbjs/-/fbjs-3.0.5.tgz. Extracting by manifest.
1851 silly tarball no local data for fdir@https://registry.npmjs.org/fdir/-/fdir-6.5.0.tgz. Extracting by manifest.
1852 silly tarball no local data for fbjs-css-vars@https://registry.npmjs.org/fbjs-css-vars/-/fbjs-css-vars-1.0.2.tgz. Extracting by manifest.
1853 silly tarball no local data for fb-watchman@https://registry.npmjs.org/fb-watchman/-/fb-watchman-2.0.2.tgz. Extracting by manifest.
1854 silly tarball no local data for has-proto@https://registry.npmjs.org/has-proto/-/has-proto-1.2.0.tgz. Extracting by manifest.
1855 silly tarball no local data for fastq@https://registry.npmjs.org/fastq/-/fastq-1.20.1.tgz. Extracting by manifest.
1856 silly tarball no local data for fast-uri@https://registry.npmjs.org/fast-uri/-/fast-uri-3.1.4.tgz. Extracting by manifest.
1857 silly tarball no local data for get-east-asian-width@https://registry.npmjs.org/get-east-asian-width/-/get-east-asian-width-1.5.0.tgz. Extracting by manifest.
1858 silly tarball no local data for fast-levenshtein@https://registry.npmjs.org/fast-levenshtein/-/fast-levenshtein-2.0.6.tgz. Extracting by manifest.
1859 silly tarball no local data for fast-deep-equal@https://registry.npmjs.org/fast-deep-equal/-/fast-deep-equal-3.1.3.tgz. Extracting by manifest.
1860 silly tarball no local data for exponential-backoff@https://registry.npmjs.org/exponential-backoff/-/exponential-backoff-3.1.3.tgz. Extracting by manifest.
1861 silly tarball no local data for expo-web-browser@https://registry.npmjs.org/expo-web-browser/-/expo-web-browser-55.0.14.tgz. Extracting by manifest.
1862 silly tarball no local data for expo-video-thumbnails@https://registry.npmjs.org/expo-video-thumbnails/-/expo-video-thumbnails-55.0.14.tgz. Extracting by manifest.
1863 silly tarball no local data for expo-video@https://registry.npmjs.org/expo-video/-/expo-video-55.0.16.tgz. Extracting by manifest.
1864 silly tarball no local data for expo-updates-interface@https://registry.npmjs.org/expo-updates-interface/-/expo-updates-interface-55.1.5.tgz. Extracting by manifest.
1865 silly tarball no local data for expo-symbols@https://registry.npmjs.org/expo-symbols/-/expo-symbols-55.0.9.tgz. Extracting by manifest.
1866 silly tarball no local data for expo-status-bar@https://registry.npmjs.org/expo-status-bar/-/expo-status-bar-55.0.5.tgz. Extracting by manifest.
1867 silly tarball no local data for expo-system-ui@https://registry.npmjs.org/expo-system-ui/-/expo-system-ui-55.0.16.tgz. Extracting by manifest.
1868 silly tarball no local data for expo-sqlite@https://registry.npmjs.org/expo-sqlite/-/expo-sqlite-55.0.15.tgz. Extracting by manifest.
1869 silly tarball no local data for expo-splash-screen@https://registry.npmjs.org/expo-splash-screen/-/expo-splash-screen-55.0.20.tgz. Extracting by manifest.
1870 silly tarball no local data for expo-server@https://registry.npmjs.org/expo-server/-/expo-server-55.0.11.tgz. Extracting by manifest.
1871 silly tarball no local data for expo-sharing@https://registry.npmjs.org/expo-sharing/-/expo-sharing-55.0.18.tgz. Extracting by manifest.
1872 silly tarball no local data for expo-secure-store@https://registry.npmjs.org/expo-secure-store/-/expo-secure-store-55.0.13.tgz. Extracting by manifest.
1873 silly tarball no local data for expo-router@https://registry.npmjs.org/expo-router/-/expo-router-55.0.16.tgz. Extracting by manifest.
1874 silly tarball no local data for expo-notifications@https://registry.npmjs.org/expo-notifications/-/expo-notifications-55.0.19.tgz. Extracting by manifest.
1875 silly tarball no local data for expo-modules-core@https://registry.npmjs.org/expo-modules-core/-/expo-modules-core-55.0.22.tgz. Extracting by manifest.
1876 silly tarball no local data for expo-modules-autolinking@https://registry.npmjs.org/expo-modules-autolinking/-/expo-modules-autolinking-55.0.17.tgz. Extracting by manifest.
1877 silly tarball no local data for expo-manifests@https://registry.npmjs.org/expo-manifests/-/expo-manifests-55.0.15.tgz. Extracting by manifest.
1878 silly tarball no local data for gensync@https://registry.npmjs.org/gensync/-/gensync-1.0.0-beta.2.tgz. Extracting by manifest.
1879 silly tarball no local data for expo-local-authentication@https://registry.npmjs.org/expo-local-authentication/-/expo-local-authentication-55.0.13.tgz. Extracting by manifest.
1880 silly tarball no local data for expo-linking@https://registry.npmjs.org/expo-linking/-/expo-linking-55.0.13.tgz. Extracting by manifest.
1881 silly tarball no local data for expo-keep-awake@https://registry.npmjs.org/expo-keep-awake/-/expo-keep-awake-55.0.6.tgz. Extracting by manifest.
1882 silly tarball no local data for expo-json-utils@https://registry.npmjs.org/expo-json-utils/-/expo-json-utils-55.0.2.tgz. Extracting by manifest.
1883 silly tarball no local data for fb-dotslash@https://registry.npmjs.org/fb-dotslash/-/fb-dotslash-0.5.8.tgz. Extracting by manifest.
1884 silly tarball no local data for expo-image-manipulator@https://registry.npmjs.org/expo-image-manipulator/-/expo-image-manipulator-55.0.15.tgz. Extracting by manifest.
1885 silly tarball no local data for expo-image-loader@https://registry.npmjs.org/expo-image-loader/-/expo-image-loader-55.0.0.tgz. Extracting by manifest.
1886 silly tarball no local data for expo-image@https://registry.npmjs.org/expo-image/-/expo-image-55.0.11.tgz. Extracting by manifest.
1887 silly tarball no local data for expo-haptics@https://registry.npmjs.org/expo-haptics/-/expo-haptics-55.0.14.tgz. Extracting by manifest.
1888 silly tarball no local data for expo-glass-effect@https://registry.npmjs.org/expo-glass-effect/-/expo-glass-effect-55.0.11.tgz. Extracting by manifest.
1889 silly tarball no local data for expo-font@https://registry.npmjs.org/expo-font/-/expo-font-55.0.6.tgz. Extracting by manifest.
1890 silly tarball no local data for expo-file-system@https://registry.npmjs.org/expo-file-system/-/expo-file-system-55.0.17.tgz. Extracting by manifest.
1891 silly tarball no local data for expo-document-picker@https://registry.npmjs.org/expo-document-picker/-/expo-document-picker-55.0.14.tgz. Extracting by manifest.
1892 silly tarball no local data for expo-device@https://registry.npmjs.org/expo-device/-/expo-device-55.0.15.tgz. Extracting by manifest.
1893 silly tarball no local data for expo-dev-menu-interface@https://registry.npmjs.org/expo-dev-menu-interface/-/expo-dev-menu-interface-55.0.2.tgz. Extracting by manifest.
1894 silly tarball no local data for expo-dev-menu@https://registry.npmjs.org/expo-dev-menu/-/expo-dev-menu-55.0.23.tgz. Extracting by manifest.
1895 silly tarball no local data for expo-dev-launcher@https://registry.npmjs.org/expo-dev-launcher/-/expo-dev-launcher-55.0.28.tgz. Extracting by manifest.
1896 silly tarball no local data for expo-dev-client@https://registry.npmjs.org/expo-dev-client/-/expo-dev-client-55.0.27.tgz. Extracting by manifest.
1897 silly tarball no local data for expo-crypto@https://registry.npmjs.org/expo-crypto/-/expo-crypto-55.0.14.tgz. Extracting by manifest.
1898 silly tarball no local data for expo-constants@https://registry.npmjs.org/expo-constants/-/expo-constants-55.0.14.tgz. Extracting by manifest.
1899 silly tarball no local data for expo-camera@https://registry.npmjs.org/expo-camera/-/expo-camera-55.0.15.tgz. Extracting by manifest.
1900 silly tarball no local data for expo-build-properties@https://registry.npmjs.org/expo-build-properties/-/expo-build-properties-55.0.13.tgz. Extracting by manifest.
1901 silly tarball no local data for expo-blur@https://registry.npmjs.org/expo-blur/-/expo-blur-55.0.14.tgz. Extracting by manifest.
1902 silly tarball no local data for expo-audio@https://registry.npmjs.org/expo-audio/-/expo-audio-55.0.14.tgz. Extracting by manifest.
1903 silly tarball no local data for expo-asset@https://registry.npmjs.org/expo-asset/-/expo-asset-55.0.15.tgz. Extracting by manifest.
1904 silly tarball no local data for expo@https://registry.npmjs.org/expo/-/expo-55.0.15.tgz. Extracting by manifest.
1905 silly tarball no local data for expo-application@https://registry.npmjs.org/expo-application/-/expo-application-55.0.14.tgz. Extracting by manifest.
1906 silly tarball no local data for expect@https://registry.npmjs.org/expect/-/expect-29.7.0.tgz. Extracting by manifest.
1907 silly tarball no local data for event-target-shim@https://registry.npmjs.org/event-target-shim/-/event-target-shim-5.0.1.tgz. Extracting by manifest.
1908 silly tarball no local data for eventemitter3@https://registry.npmjs.org/eventemitter3/-/eventemitter3-5.0.4.tgz. Extracting by manifest.
1909 silly tarball no local data for exit@https://registry.npmjs.org/exit/-/exit-0.1.2.tgz. Extracting by manifest.
1910 silly tarball no local data for execa@https://registry.npmjs.org/execa/-/execa-5.1.1.tgz. Extracting by manifest.
1911 silly tarball no local data for etag@https://registry.npmjs.org/etag/-/etag-1.8.1.tgz. Extracting by manifest.
1912 silly tarball no local data for esutils@https://registry.npmjs.org/esutils/-/esutils-2.0.3.tgz. Extracting by manifest.
1913 silly tarball no local data for estraverse@https://registry.npmjs.org/estraverse/-/estraverse-5.3.0.tgz. Extracting by manifest.
1914 silly tarball no local data for esrecurse@https://registry.npmjs.org/esrecurse/-/esrecurse-4.3.0.tgz. Extracting by manifest.
1915 silly tarball no local data for esquery@https://registry.npmjs.org/esquery/-/esquery-1.7.0.tgz. Extracting by manifest.
1916 silly tarball no local data for esprima@https://registry.npmjs.org/esprima/-/esprima-4.0.1.tgz. Extracting by manifest.
1917 silly tarball no local data for espree@https://registry.npmjs.org/espree/-/espree-9.6.1.tgz. Extracting by manifest.
1918 silly tarball no local data for eslint-visitor-keys@https://registry.npmjs.org/eslint-visitor-keys/-/eslint-visitor-keys-3.4.3.tgz. Extracting by manifest.
1919 silly tarball no local data for eslint-scope@https://registry.npmjs.org/eslint-scope/-/eslint-scope-7.2.2.tgz. Extracting by manifest.
1920 silly tarball no local data for eslint@https://registry.npmjs.org/eslint/-/eslint-8.57.1.tgz. Extracting by manifest.
1921 silly tarball no local data for eslint-plugin-react@https://registry.npmjs.org/eslint-plugin-react/-/eslint-plugin-react-7.37.5.tgz. Extracting by manifest.
1922 silly tarball no local data for eslint-plugin-react-native-globals@https://registry.npmjs.org/eslint-plugin-react-native-globals/-/eslint-plugin-react-native-globals-0.1.2.tgz. Extracting by manifest.
1923 silly tarball no local data for eslint-plugin-react-native@https://registry.npmjs.org/eslint-plugin-react-native/-/eslint-plugin-react-native-5.0.0.tgz. Extracting by manifest.
1924 silly tarball no local data for eslint-plugin-react-hooks@https://registry.npmjs.org/eslint-plugin-react-hooks/-/eslint-plugin-react-hooks-7.1.1.tgz. Extracting by manifest.
1925 silly tarball no local data for escodegen@https://registry.npmjs.org/escodegen/-/escodegen-2.1.0.tgz. Extracting by manifest.
1926 silly tarball no local data for escape-string-regexp@https://registry.npmjs.org/escape-string-regexp/-/escape-string-regexp-4.0.0.tgz. Extracting by manifest.
1927 silly tarball no local data for escape-html@https://registry.npmjs.org/escape-html/-/escape-html-1.0.3.tgz. Extracting by manifest.
1928 silly tarball no local data for escalade@https://registry.npmjs.org/escalade/-/escalade-3.2.0.tgz. Extracting by manifest.
1929 silly tarball no local data for esbuild@https://registry.npmjs.org/esbuild/-/esbuild-0.25.12.tgz. Extracting by manifest.
1930 silly tarball no local data for es-to-primitive@https://registry.npmjs.org/es-to-primitive/-/es-to-primitive-1.3.0.tgz. Extracting by manifest.
1931 silly tarball no local data for es-shim-unscopables@https://registry.npmjs.org/es-shim-unscopables/-/es-shim-unscopables-1.1.0.tgz. Extracting by manifest.
1932 silly tarball no local data for es-object-atoms@https://registry.npmjs.org/es-object-atoms/-/es-object-atoms-1.1.1.tgz. Extracting by manifest.
1933 silly tarball no local data for fast-json-stable-stringify@https://registry.npmjs.org/fast-json-stable-stringify/-/fast-json-stable-stringify-2.1.0.tgz. Extracting by manifest.
1934 silly tarball no local data for es-iterator-helpers@https://registry.npmjs.org/es-iterator-helpers/-/es-iterator-helpers-1.3.2.tgz. Extracting by manifest.
1935 silly tarball no local data for es-errors@https://registry.npmjs.org/es-errors/-/es-errors-1.3.0.tgz. Extracting by manifest.
1936 silly tarball no local data for es-define-property@https://registry.npmjs.org/es-define-property/-/es-define-property-1.0.1.tgz. Extracting by manifest.
1937 silly tarball no local data for es-abstract@https://registry.npmjs.org/es-abstract/-/es-abstract-1.24.2.tgz. Extracting by manifest.
1938 silly tarball no local data for error-stack-parser@https://registry.npmjs.org/error-stack-parser/-/error-stack-parser-2.1.4.tgz. Extracting by manifest.
1939 silly tarball no local data for environment@https://registry.npmjs.org/environment/-/environment-1.1.0.tgz. Extracting by manifest.
1940 silly tarball no local data for error-ex@https://registry.npmjs.org/error-ex/-/error-ex-1.3.4.tgz. Extracting by manifest.
1941 silly tarball no local data for entities@https://registry.npmjs.org/entities/-/entities-6.0.1.tgz. Extracting by manifest.
1942 silly tarball no local data for encodeurl@https://registry.npmjs.org/encodeurl/-/encodeurl-1.0.2.tgz. Extracting by manifest.
1943 silly tarball no local data for electron-to-chromium@https://registry.npmjs.org/electron-to-chromium/-/electron-to-chromium-1.5.337.tgz. Extracting by manifest.
1944 silly tarball no local data for emittery@https://registry.npmjs.org/emittery/-/emittery-0.13.1.tgz. Extracting by manifest.
1945 silly tarball no local data for emoji-regex@https://registry.npmjs.org/emoji-regex/-/emoji-regex-8.0.0.tgz. Extracting by manifest.
1946 silly tarball no local data for ee-first@https://registry.npmjs.org/ee-first/-/ee-first-1.1.1.tgz. Extracting by manifest.
1947 silly tarball no local data for dunder-proto@https://registry.npmjs.org/dunder-proto/-/dunder-proto-1.0.1.tgz. Extracting by manifest.
1948 silly tarball no local data for eastasianwidth@https://registry.npmjs.org/eastasianwidth/-/eastasianwidth-0.2.0.tgz. Extracting by manifest.
1949 silly tarball no local data for drizzle-orm@https://registry.npmjs.org/drizzle-orm/-/drizzle-orm-0.45.2.tgz. Extracting by manifest.
1950 silly tarball no local data for drizzle-kit@https://registry.npmjs.org/drizzle-kit/-/drizzle-kit-0.31.10.tgz. Extracting by manifest.
1951 silly tarball no local data for domutils@https://registry.npmjs.org/domutils/-/domutils-3.2.2.tgz. Extracting by manifest.
1952 silly tarball no local data for domhandler@https://registry.npmjs.org/domhandler/-/domhandler-5.0.3.tgz. Extracting by manifest.
1953 silly tarball no local data for domexception@https://registry.npmjs.org/domexception/-/domexception-4.0.0.tgz. Extracting by manifest.
1954 silly tarball no local data for domelementtype@https://registry.npmjs.org/domelementtype/-/domelementtype-2.3.0.tgz. Extracting by manifest.
1955 silly tarball no local data for doctrine@https://registry.npmjs.org/doctrine/-/doctrine-3.0.0.tgz. Extracting by manifest.
1956 silly tarball no local data for dom-serializer@https://registry.npmjs.org/dom-serializer/-/dom-serializer-2.0.0.tgz. Extracting by manifest.
1957 silly tarball no local data for dnssd-advertise@https://registry.npmjs.org/dnssd-advertise/-/dnssd-advertise-1.1.4.tgz. Extracting by manifest.
1958 silly tarball no local data for diff-sequences@https://registry.npmjs.org/diff-sequences/-/diff-sequences-29.6.3.tgz. Extracting by manifest.
1959 silly tarball no local data for detect-node-es@https://registry.npmjs.org/detect-node-es/-/detect-node-es-1.1.0.tgz. Extracting by manifest.
1960 silly tarball no local data for detect-newline@https://registry.npmjs.org/detect-newline/-/detect-newline-3.1.0.tgz. Extracting by manifest.
1961 silly tarball no local data for detect-libc@https://registry.npmjs.org/detect-libc/-/detect-libc-2.1.2.tgz. Extracting by manifest.
1962 silly tarball no local data for destroy@https://registry.npmjs.org/destroy/-/destroy-1.2.0.tgz. Extracting by manifest.
1963 silly tarball no local data for depd@https://registry.npmjs.org/depd/-/depd-2.0.0.tgz. Extracting by manifest.
1964 silly tarball no local data for delayed-stream@https://registry.npmjs.org/delayed-stream/-/delayed-stream-1.0.0.tgz. Extracting by manifest.
1965 silly tarball no local data for define-properties@https://registry.npmjs.org/define-properties/-/define-properties-1.2.1.tgz. Extracting by manifest.
1966 silly tarball no local data for define-lazy-prop@https://registry.npmjs.org/define-lazy-prop/-/define-lazy-prop-2.0.0.tgz. Extracting by manifest.
1967 silly tarball no local data for define-data-property@https://registry.npmjs.org/define-data-property/-/define-data-property-1.1.4.tgz. Extracting by manifest.
1968 silly tarball no local data for defaults@https://registry.npmjs.org/defaults/-/defaults-1.0.4.tgz. Extracting by manifest.
1969 silly tarball no local data for default-values@https://registry.npmjs.org/default-values/-/default-values-1.0.2.tgz. Extracting by manifest.
1970 silly tarball no local data for deepmerge@https://registry.npmjs.org/deepmerge/-/deepmerge-4.3.1.tgz. Extracting by manifest.
1971 silly tarball no local data for deep-extend@https://registry.npmjs.org/deep-extend/-/deep-extend-0.6.0.tgz. Extracting by manifest.
1972 silly tarball no local data for expo-localization@https://registry.npmjs.org/expo-localization/-/expo-localization-55.0.13.tgz. Extracting by manifest.
1973 silly tarball no local data for dedent@https://registry.npmjs.org/dedent/-/dedent-1.7.2.tgz. Extracting by manifest.
1974 silly tarball no local data for expo-image-picker@https://registry.npmjs.org/expo-image-picker/-/expo-image-picker-55.0.18.tgz. Extracting by manifest.
1975 silly tarball no local data for decimal.js@https://registry.npmjs.org/decimal.js/-/decimal.js-10.6.0.tgz. Extracting by manifest.
1976 silly tarball no local data for debug@https://registry.npmjs.org/debug/-/debug-4.4.3.tgz. Extracting by manifest.
1977 silly tarball no local data for date-fns@https://registry.npmjs.org/date-fns/-/date-fns-4.1.0.tgz. Extracting by manifest.
1978 silly tarball no local data for data-view-byte-length@https://registry.npmjs.org/data-view-byte-length/-/data-view-byte-length-1.0.2.tgz. Extracting by manifest.
1979 silly tarball no local data for data-view-byte-offset@https://registry.npmjs.org/data-view-byte-offset/-/data-view-byte-offset-1.0.1.tgz. Extracting by manifest.
1980 silly tarball no local data for data-view-buffer@https://registry.npmjs.org/data-view-buffer/-/data-view-buffer-1.0.2.tgz. Extracting by manifest.
1981 silly tarball no local data for data-urls@https://registry.npmjs.org/data-urls/-/data-urls-3.0.2.tgz. Extracting by manifest.
1982 silly tarball no local data for d3-zoom@https://registry.npmjs.org/d3-zoom/-/d3-zoom-3.0.0.tgz. Extracting by manifest.
1983 silly tarball no local data for d3-timer@https://registry.npmjs.org/d3-timer/-/d3-timer-3.0.1.tgz. Extracting by manifest.
1984 silly tarball no local data for d3-transition@https://registry.npmjs.org/d3-transition/-/d3-transition-3.0.1.tgz. Extracting by manifest.
1985 silly tarball no local data for d3-time-format@https://registry.npmjs.org/d3-time-format/-/d3-time-format-4.1.0.tgz. Extracting by manifest.
1986 silly tarball no local data for d3-shape@https://registry.npmjs.org/d3-shape/-/d3-shape-3.2.0.tgz. Extracting by manifest.
1987 silly tarball no local data for d3-selection@https://registry.npmjs.org/d3-selection/-/d3-selection-3.0.0.tgz. Extracting by manifest.
1988 silly tarball no local data for es-set-tostringtag@https://registry.npmjs.org/es-set-tostringtag/-/es-set-tostringtag-2.1.0.tgz. Extracting by manifest.
1989 silly tarball no local data for d3-time@https://registry.npmjs.org/d3-time/-/d3-time-3.1.0.tgz. Extracting by manifest.
1990 silly tarball no local data for d3-path@https://registry.npmjs.org/d3-path/-/d3-path-3.1.0.tgz. Extracting by manifest.
1991 silly tarball no local data for d3-format@https://registry.npmjs.org/d3-format/-/d3-format-3.1.2.tgz. Extracting by manifest.
1992 silly tarball no local data for d3-interpolate@https://registry.npmjs.org/d3-interpolate/-/d3-interpolate-3.0.1.tgz. Extracting by manifest.
1993 silly tarball no local data for d3-ease@https://registry.npmjs.org/d3-ease/-/d3-ease-3.0.1.tgz. Extracting by manifest.
1994 silly tarball no local data for d3-drag@https://registry.npmjs.org/d3-drag/-/d3-drag-3.0.0.tgz. Extracting by manifest.
1995 silly tarball no local data for d3-dispatch@https://registry.npmjs.org/d3-dispatch/-/d3-dispatch-3.0.1.tgz. Extracting by manifest.
1996 silly tarball no local data for d3-color@https://registry.npmjs.org/d3-color/-/d3-color-3.1.0.tgz. Extracting by manifest.
1997 silly tarball no local data for d3-array@https://registry.npmjs.org/d3-array/-/d3-array-3.2.4.tgz. Extracting by manifest.
1998 silly tarball no local data for csstype@https://registry.npmjs.org/csstype/-/csstype-3.2.3.tgz. Extracting by manifest.
1999 silly tarball no local data for cssstyle@https://registry.npmjs.org/cssstyle/-/cssstyle-2.3.0.tgz. Extracting by manifest.
2000 silly tarball no local data for cssom@https://registry.npmjs.org/cssom/-/cssom-0.5.0.tgz. Extracting by manifest.
2001 silly tarball no local data for css-what@https://registry.npmjs.org/css-what/-/css-what-6.2.2.tgz. Extracting by manifest.
2002 silly tarball no local data for css-tree@https://registry.npmjs.org/css-tree/-/css-tree-1.1.3.tgz. Extracting by manifest.
2003 silly tarball no local data for css-select@https://registry.npmjs.org/css-select/-/css-select-5.2.2.tgz. Extracting by manifest.
2004 silly tarball no local data for css-line-break@https://registry.npmjs.org/css-line-break/-/css-line-break-2.1.0.tgz. Extracting by manifest.
2005 silly tarball no local data for css-in-js-utils@https://registry.npmjs.org/css-in-js-utils/-/css-in-js-utils-3.1.0.tgz. Extracting by manifest.
2006 silly tarball no local data for cross-spawn@https://registry.npmjs.org/cross-spawn/-/cross-spawn-7.0.6.tgz. Extracting by manifest.
2007 silly tarball no local data for cross-fetch@https://registry.npmjs.org/cross-fetch/-/cross-fetch-3.2.0.tgz. Extracting by manifest.
2008 silly tarball no local data for cross-env@https://registry.npmjs.org/cross-env/-/cross-env-7.0.3.tgz. Extracting by manifest.
2009 silly tarball no local data for core-js-compat@https://registry.npmjs.org/core-js-compat/-/core-js-compat-3.49.0.tgz. Extracting by manifest.
2010 silly tarball no local data for create-jest@https://registry.npmjs.org/create-jest/-/create-jest-29.7.0.tgz. Extracting by manifest.
2011 silly tarball no local data for connect@https://registry.npmjs.org/connect/-/connect-3.7.0.tgz. Extracting by manifest.
2012 silly tarball no local data for convert-source-map@https://registry.npmjs.org/convert-source-map/-/convert-source-map-2.0.0.tgz. Extracting by manifest.
2013 silly tarball no local data for compression@https://registry.npmjs.org/compression/-/compression-1.8.1.tgz. Extracting by manifest.
2014 silly tarball no local data for content-disposition@https://registry.npmjs.org/content-disposition/-/content-disposition-0.5.2.tgz. Extracting by manifest.
2015 silly tarball no local data for compressible@https://registry.npmjs.org/compressible/-/compressible-2.0.18.tgz. Extracting by manifest.
2016 silly tarball no local data for concat-map@https://registry.npmjs.org/concat-map/-/concat-map-0.0.1.tgz. Extracting by manifest.
2017 silly tarball no local data for commander@https://registry.npmjs.org/commander/-/commander-7.2.0.tgz. Extracting by manifest.
2018 silly tarball no local data for combined-stream@https://registry.npmjs.org/combined-stream/-/combined-stream-1.0.8.tgz. Extracting by manifest.
2019 silly tarball no local data for colorette@https://registry.npmjs.org/colorette/-/colorette-2.0.20.tgz. Extracting by manifest.
2020 silly tarball no local data for color-string@https://registry.npmjs.org/color-string/-/color-string-1.9.1.tgz. Extracting by manifest.
2021 silly tarball no local data for color-name@https://registry.npmjs.org/color-name/-/color-name-1.1.4.tgz. Extracting by manifest.
2022 silly tarball no local data for color-convert@https://registry.npmjs.org/color-convert/-/color-convert-2.0.1.tgz. Extracting by manifest.
2023 silly tarball no local data for color@https://registry.npmjs.org/color/-/color-4.2.3.tgz. Extracting by manifest.
2024 silly tarball no local data for collect-v8-coverage@https://registry.npmjs.org/collect-v8-coverage/-/collect-v8-coverage-1.0.3.tgz. Extracting by manifest.
2025 silly tarball no local data for cliui@https://registry.npmjs.org/cliui/-/cliui-8.0.1.tgz. Extracting by manifest.
2026 silly tarball no local data for clone@https://registry.npmjs.org/clone/-/clone-1.0.4.tgz. Extracting by manifest.
2027 silly tarball no local data for co@https://registry.npmjs.org/co/-/co-4.6.0.tgz. Extracting by manifest.
2028 silly tarball no local data for clipboardy@https://registry.npmjs.org/clipboardy/-/clipboardy-3.0.0.tgz. Extracting by manifest.
2029 silly tarball no local data for client-only@https://registry.npmjs.org/client-only/-/client-only-0.0.1.tgz. Extracting by manifest.
2030 silly tarball no local data for cli-truncate@https://registry.npmjs.org/cli-truncate/-/cli-truncate-5.2.0.tgz. Extracting by manifest.
2031 silly tarball no local data for cli-spinners@https://registry.npmjs.org/cli-spinners/-/cli-spinners-2.9.2.tgz. Extracting by manifest.
2032 silly tarball no local data for cli-boxes@https://registry.npmjs.org/cli-boxes/-/cli-boxes-3.0.0.tgz. Extracting by manifest.
2033 silly tarball no local data for deep-is@https://registry.npmjs.org/deep-is/-/deep-is-0.1.4.tgz. Extracting by manifest.
2034 silly tarball no local data for ci-info@https://registry.npmjs.org/ci-info/-/ci-info-3.9.0.tgz. Extracting by manifest.
2035 silly tarball no local data for cjs-module-lexer@https://registry.npmjs.org/cjs-module-lexer/-/cjs-module-lexer-1.4.3.tgz. Extracting by manifest.
2036 silly tarball no local data for chromium-edge-launcher@https://registry.npmjs.org/chromium-edge-launcher/-/chromium-edge-launcher-0.2.0.tgz. Extracting by manifest.
2037 silly tarball no local data for chrome-launcher@https://registry.npmjs.org/chrome-launcher/-/chrome-launcher-0.15.2.tgz. Extracting by manifest.
2038 silly tarball no local data for chalk-template@https://registry.npmjs.org/chalk-template/-/chalk-template-0.4.0.tgz. Extracting by manifest.
2039 silly tarball no local data for chalk@https://registry.npmjs.org/chalk/-/chalk-4.1.2.tgz. Extracting by manifest.
2040 silly tarball no local data for char-regex@https://registry.npmjs.org/char-regex/-/char-regex-1.0.2.tgz. Extracting by manifest.
2041 silly tarball no local data for caniuse-lite@https://registry.npmjs.org/caniuse-lite/-/caniuse-lite-1.0.30001788.tgz. Extracting by manifest.
2042 silly tarball no local data for canvaskit-wasm@https://registry.npmjs.org/canvaskit-wasm/-/canvaskit-wasm-0.41.0.tgz. Extracting by manifest.
2043 silly tarball no local data for callsites@https://registry.npmjs.org/callsites/-/callsites-3.1.0.tgz. Extracting by manifest.
2044 silly tarball no local data for camelcase@https://registry.npmjs.org/camelcase/-/camelcase-5.3.1.tgz. Extracting by manifest.
2045 silly tarball no local data for call-bound@https://registry.npmjs.org/call-bound/-/call-bound-1.0.4.tgz. Extracting by manifest.
2046 silly tarball no local data for call-bind-apply-helpers@https://registry.npmjs.org/call-bind-apply-helpers/-/call-bind-apply-helpers-1.0.2.tgz. Extracting by manifest.
2047 silly tarball no local data for call-bind@https://registry.npmjs.org/call-bind/-/call-bind-1.0.9.tgz. Extracting by manifest.
2048 silly tarball no local data for decode-uri-component@https://registry.npmjs.org/decode-uri-component/-/decode-uri-component-0.2.2.tgz. Extracting by manifest.
2049 silly tarball no local data for buffer-from@https://registry.npmjs.org/buffer-from/-/buffer-from-1.1.2.tgz. Extracting by manifest.
2050 silly tarball no local data for bser@https://registry.npmjs.org/bser/-/bser-2.1.1.tgz. Extracting by manifest.
2051 silly tarball no local data for bs-logger@https://registry.npmjs.org/bs-logger/-/bs-logger-0.2.6.tgz. Extracting by manifest.
2052 silly tarball no local data for browserslist@https://registry.npmjs.org/browserslist/-/browserslist-4.28.2.tgz. Extracting by manifest.
2053 silly tarball no local data for braces@https://registry.npmjs.org/braces/-/braces-3.0.3.tgz. Extracting by manifest.
2054 silly tarball no local data for boxen@https://registry.npmjs.org/boxen/-/boxen-7.0.0.tgz. Extracting by manifest.
2055 silly tarball no local data for brace-expansion@https://registry.npmjs.org/brace-expansion/-/brace-expansion-5.0.5.tgz. Extracting by manifest.
2056 silly tarball no local data for bplist-parser@https://registry.npmjs.org/bplist-parser/-/bplist-parser-0.3.2.tgz. Extracting by manifest.
2057 silly tarball no local data for bplist-creator@https://registry.npmjs.org/bplist-creator/-/bplist-creator-0.1.0.tgz. Extracting by manifest.
2058 silly tarball no local data for big-integer@https://registry.npmjs.org/big-integer/-/big-integer-1.6.52.tgz. Extracting by manifest.
2059 silly tarball no local data for boolbase@https://registry.npmjs.org/boolbase/-/boolbase-1.0.0.tgz. Extracting by manifest.
2060 silly tarball no local data for better-opn@https://registry.npmjs.org/better-opn/-/better-opn-3.0.2.tgz. Extracting by manifest.
2061 silly tarball no local data for base64-js@https://registry.npmjs.org/base64-js/-/base64-js-1.5.1.tgz. Extracting by manifest.
2062 silly tarball no local data for baseline-browser-mapping@https://registry.npmjs.org/baseline-browser-mapping/-/baseline-browser-mapping-2.10.19.tgz. Extracting by manifest.
2063 silly tarball no local data for base64-arraybuffer@https://registry.npmjs.org/base64-arraybuffer/-/base64-arraybuffer-1.0.2.tgz. Extracting by manifest.
2064 silly tarball no local data for barcode-detector@https://registry.npmjs.org/barcode-detector/-/barcode-detector-3.1.2.tgz. Extracting by manifest.
2065 silly tarball no local data for balanced-match@https://registry.npmjs.org/balanced-match/-/balanced-match-4.0.4.tgz. Extracting by manifest.
2066 silly tarball no local data for d3-scale@https://registry.npmjs.org/d3-scale/-/d3-scale-4.0.2.tgz. Extracting by manifest.
2067 silly tarball no local data for babel-preset-jest@https://registry.npmjs.org/babel-preset-jest/-/babel-preset-jest-29.6.3.tgz. Extracting by manifest.
2068 silly tarball no local data for babel-preset-expo@https://registry.npmjs.org/babel-preset-expo/-/babel-preset-expo-55.0.17.tgz. Extracting by manifest.
2069 silly tarball no local data for babel-plugin-syntax-hermes-parser@https://registry.npmjs.org/babel-plugin-syntax-hermes-parser/-/babel-plugin-syntax-hermes-parser-0.32.1.tgz. Extracting by manifest.
2070 silly tarball no local data for babel-preset-current-node-syntax@https://registry.npmjs.org/babel-preset-current-node-syntax/-/babel-preset-current-node-syntax-1.2.0.tgz. Extracting by manifest.
2071 silly tarball no local data for babel-plugin-transform-flow-enums@https://registry.npmjs.org/babel-plugin-transform-flow-enums/-/babel-plugin-transform-flow-enums-0.0.2.tgz. Extracting by manifest.
2072 silly tarball no local data for babel-plugin-react-compiler@https://registry.npmjs.org/babel-plugin-react-compiler/-/babel-plugin-react-compiler-1.0.0.tgz. Extracting by manifest.
2073 silly tarball no local data for babel-plugin-react-native-web@https://registry.npmjs.org/babel-plugin-react-native-web/-/babel-plugin-react-native-web-0.21.2.tgz. Extracting by manifest.
2074 silly tarball no local data for babel-plugin-polyfill-corejs3@https://registry.npmjs.org/babel-plugin-polyfill-corejs3/-/babel-plugin-polyfill-corejs3-0.13.0.tgz. Extracting by manifest.
2075 silly tarball no local data for cli-cursor@https://registry.npmjs.org/cli-cursor/-/cli-cursor-5.0.0.tgz. Extracting by manifest.
2076 silly tarball no local data for babel-plugin-polyfill-regenerator@https://registry.npmjs.org/babel-plugin-polyfill-regenerator/-/babel-plugin-polyfill-regenerator-0.6.8.tgz. Extracting by manifest.
2077 silly tarball no local data for babel-plugin-istanbul@https://registry.npmjs.org/babel-plugin-istanbul/-/babel-plugin-istanbul-6.1.1.tgz. Extracting by manifest.
2078 silly tarball no local data for babel-plugin-polyfill-corejs2@https://registry.npmjs.org/babel-plugin-polyfill-corejs2/-/babel-plugin-polyfill-corejs2-0.4.17.tgz. Extracting by manifest.
2079 silly tarball no local data for babel-jest@https://registry.npmjs.org/babel-jest/-/babel-jest-29.7.0.tgz. Extracting by manifest.
2080 silly tarball no local data for axe-core@https://registry.npmjs.org/axe-core/-/axe-core-4.11.3.tgz. Extracting by manifest.
2081 silly tarball no local data for available-typed-arrays@https://registry.npmjs.org/available-typed-arrays/-/available-typed-arrays-1.0.7.tgz. Extracting by manifest.
2082 silly tarball no local data for axios@https://registry.npmjs.org/axios/-/axios-1.15.0.tgz. Extracting by manifest.
2083 silly tarball no local data for asynckit@https://registry.npmjs.org/asynckit/-/asynckit-0.4.0.tgz. Extracting by manifest.
2084 silly tarball no local data for await-lock@https://registry.npmjs.org/await-lock/-/await-lock-2.2.2.tgz. Extracting by manifest.
2085 silly tarball no local data for asap@https://registry.npmjs.org/asap/-/asap-2.0.6.tgz. Extracting by manifest.
2086 silly tarball no local data for async-function@https://registry.npmjs.org/async-function/-/async-function-1.0.0.tgz. Extracting by manifest.
2087 silly tarball no local data for arraybuffer.prototype.slice@https://registry.npmjs.org/arraybuffer.prototype.slice/-/arraybuffer.prototype.slice-1.0.4.tgz. Extracting by manifest.
2088 silly tarball no local data for array.prototype.tosorted@https://registry.npmjs.org/array.prototype.tosorted/-/array.prototype.tosorted-1.1.4.tgz. Extracting by manifest.
2089 silly tarball no local data for array.prototype.flatmap@https://registry.npmjs.org/array.prototype.flatmap/-/array.prototype.flatmap-1.3.3.tgz. Extracting by manifest.
2090 silly tarball no local data for array.prototype.flat@https://registry.npmjs.org/array.prototype.flat/-/array.prototype.flat-1.3.3.tgz. Extracting by manifest.
2091 silly tarball no local data for array.prototype.findlast@https://registry.npmjs.org/array.prototype.findlast/-/array.prototype.findlast-1.2.5.tgz. Extracting by manifest.
2092 silly tarball no local data for array-includes@https://registry.npmjs.org/array-includes/-/array-includes-3.1.9.tgz. Extracting by manifest.
2093 silly tarball no local data for array-buffer-byte-length@https://registry.npmjs.org/array-buffer-byte-length/-/array-buffer-byte-length-1.0.2.tgz. Extracting by manifest.
2094 silly tarball no local data for aria-hidden@https://registry.npmjs.org/aria-hidden/-/aria-hidden-1.2.6.tgz. Extracting by manifest.
2095 silly tarball no local data for argparse@https://registry.npmjs.org/argparse/-/argparse-2.0.1.tgz. Extracting by manifest.
2096 silly tarball no local data for arg@https://registry.npmjs.org/arg/-/arg-5.0.2.tgz. Extracting by manifest.
2097 silly tarball no local data for anymatch@https://registry.npmjs.org/anymatch/-/anymatch-3.1.3.tgz. Extracting by manifest.
2098 silly tarball no local data for ansi-align@https://registry.npmjs.org/ansi-align/-/ansi-align-3.0.1.tgz. Extracting by manifest.
2099 silly tarball no local data for arch@https://registry.npmjs.org/arch/-/arch-2.2.0.tgz. Extracting by manifest.
2100 silly tarball no local data for ansi-styles@https://registry.npmjs.org/ansi-styles/-/ansi-styles-4.3.0.tgz. Extracting by manifest.
2101 silly tarball no local data for ansi-regex@https://registry.npmjs.org/ansi-regex/-/ansi-regex-5.0.1.tgz. Extracting by manifest.
2102 silly tarball no local data for ansi-escapes@https://registry.npmjs.org/ansi-escapes/-/ansi-escapes-4.3.2.tgz. Extracting by manifest.
2103 silly tarball no local data for anser@https://registry.npmjs.org/anser/-/anser-1.4.10.tgz. Extracting by manifest.
2104 silly tarball no local data for ajv@https://registry.npmjs.org/ajv/-/ajv-6.14.0.tgz. Extracting by manifest.
2105 silly tarball no local data for acorn-jsx@https://registry.npmjs.org/acorn-jsx/-/acorn-jsx-5.3.2.tgz. Extracting by manifest.
2106 silly tarball no local data for agent-base@https://registry.npmjs.org/agent-base/-/agent-base-6.0.2.tgz. Extracting by manifest.
2107 silly tarball no local data for acorn-walk@https://registry.npmjs.org/acorn-walk/-/acorn-walk-8.3.5.tgz. Extracting by manifest.
2108 silly tarball no local data for acorn-globals@https://registry.npmjs.org/acorn-globals/-/acorn-globals-7.0.1.tgz. Extracting by manifest.
2109 silly tarball no local data for acorn@https://registry.npmjs.org/acorn/-/acorn-8.16.0.tgz. Extracting by manifest.
2110 silly tarball no local data for abort-controller@https://registry.npmjs.org/abort-controller/-/abort-controller-3.0.0.tgz. Extracting by manifest.
2111 silly tarball no local data for accepts@https://registry.npmjs.org/accepts/-/accepts-1.3.8.tgz. Extracting by manifest.
2112 silly tarball no local data for abab@https://registry.npmjs.org/abab/-/abab-2.0.6.tgz. Extracting by manifest.
2113 silly tarball no local data for @zeit/schemas@https://registry.npmjs.org/@zeit/schemas/-/schemas-2.36.0.tgz. Extracting by manifest.
2114 silly tarball no local data for bytes@https://registry.npmjs.org/bytes/-/bytes-3.1.2.tgz. Extracting by manifest.
2115 silly tarball no local data for @yarnpkg/lockfile@https://registry.npmjs.org/@yarnpkg/lockfile/-/lockfile-1.1.0.tgz. Extracting by manifest.
2116 silly tarball no local data for badgin@https://registry.npmjs.org/badgin/-/badgin-1.2.3.tgz. Extracting by manifest.
2117 silly tarball no local data for @xmldom/xmldom@https://registry.npmjs.org/@xmldom/xmldom/-/xmldom-0.8.12.tgz. Extracting by manifest.
2118 silly tarball no local data for @ungap/structured-clone@https://registry.npmjs.org/@ungap/structured-clone/-/structured-clone-1.3.0.tgz. Extracting by manifest.
2119 silly tarball no local data for babel-plugin-jest-hoist@https://registry.npmjs.org/babel-plugin-jest-hoist/-/babel-plugin-jest-hoist-29.6.3.tgz. Extracting by manifest.
2120 silly tarball no local data for @typescript-eslint/utils@https://registry.npmjs.org/@typescript-eslint/utils/-/utils-8.58.2.tgz. Extracting by manifest.
2121 silly tarball no local data for @webgpu/types@https://registry.npmjs.org/@webgpu/types/-/types-0.1.21.tgz. Extracting by manifest.
2122 silly tarball no local data for @typescript-eslint/typescript-estree@https://registry.npmjs.org/@typescript-eslint/typescript-estree/-/typescript-estree-8.58.2.tgz. Extracting by manifest.
2123 silly tarball no local data for @typescript-eslint/visitor-keys@https://registry.npmjs.org/@typescript-eslint/visitor-keys/-/visitor-keys-8.58.2.tgz. Extracting by manifest.
2124 silly tarball no local data for @typescript-eslint/scope-manager@https://registry.npmjs.org/@typescript-eslint/scope-manager/-/scope-manager-8.58.2.tgz. Extracting by manifest.
2125 silly tarball no local data for @typescript-eslint/project-service@https://registry.npmjs.org/@typescript-eslint/project-service/-/project-service-8.58.2.tgz. Extracting by manifest.
2126 silly tarball no local data for @typescript-eslint/parser@https://registry.npmjs.org/@typescript-eslint/parser/-/parser-8.58.2.tgz. Extracting by manifest.
2127 silly tarball no local data for @typescript-eslint/eslint-plugin@https://registry.npmjs.org/@typescript-eslint/eslint-plugin/-/eslint-plugin-8.58.2.tgz. Extracting by manifest.
2128 silly tarball no local data for @types/yargs-parser@https://registry.npmjs.org/@types/yargs-parser/-/yargs-parser-21.0.3.tgz. Extracting by manifest.
2129 silly tarball no local data for @typescript-eslint/types@https://registry.npmjs.org/@typescript-eslint/types/-/types-8.58.2.tgz. Extracting by manifest.
2130 silly tarball no local data for @types/yargs@https://registry.npmjs.org/@types/yargs/-/yargs-17.0.35.tgz. Extracting by manifest.
2131 silly tarball no local data for @typescript-eslint/type-utils@https://registry.npmjs.org/@typescript-eslint/type-utils/-/type-utils-8.58.2.tgz. Extracting by manifest.
2132 silly tarball no local data for @typescript-eslint/tsconfig-utils@https://registry.npmjs.org/@typescript-eslint/tsconfig-utils/-/tsconfig-utils-8.58.2.tgz. Extracting by manifest.
2133 silly tarball no local data for @types/stack-utils@https://registry.npmjs.org/@types/stack-utils/-/stack-utils-2.0.3.tgz. Extracting by manifest.
2134 silly tarball no local data for @types/react-test-renderer@https://registry.npmjs.org/@types/react-test-renderer/-/react-test-renderer-19.1.0.tgz. Extracting by manifest.
2135 silly tarball no local data for @types/react@https://registry.npmjs.org/@types/react/-/react-19.2.14.tgz. Extracting by manifest.
2136 silly tarball no local data for @types/papaparse@https://registry.npmjs.org/@types/papaparse/-/papaparse-5.5.2.tgz. Extracting by manifest.
2137 silly tarball no local data for @types/node@https://registry.npmjs.org/@types/node/-/node-25.6.0.tgz. Extracting by manifest.
2138 silly tarball no local data for @types/jsdom@https://registry.npmjs.org/@types/jsdom/-/jsdom-20.0.1.tgz. Extracting by manifest.
2139 silly tarball no local data for @types/jest@https://registry.npmjs.org/@types/jest/-/jest-29.5.14.tgz. Extracting by manifest.
2140 silly tarball no local data for @types/istanbul-reports@https://registry.npmjs.org/@types/istanbul-reports/-/istanbul-reports-3.0.4.tgz. Extracting by manifest.
2141 silly tarball no local data for @types/istanbul-lib-report@https://registry.npmjs.org/@types/istanbul-lib-report/-/istanbul-lib-report-3.0.3.tgz. Extracting by manifest.
2142 silly tarball no local data for @types/istanbul-lib-coverage@https://registry.npmjs.org/@types/istanbul-lib-coverage/-/istanbul-lib-coverage-2.0.6.tgz. Extracting by manifest.
2143 silly tarball no local data for @types/graceful-fs@https://registry.npmjs.org/@types/graceful-fs/-/graceful-fs-4.1.9.tgz. Extracting by manifest.
2144 silly tarball no local data for @types/hammerjs@https://registry.npmjs.org/@types/hammerjs/-/hammerjs-2.0.46.tgz. Extracting by manifest.
2145 silly tarball no local data for @types/emscripten@https://registry.npmjs.org/@types/emscripten/-/emscripten-1.41.5.tgz. Extracting by manifest.
2146 silly tarball no local data for @types/babel__traverse@https://registry.npmjs.org/@types/babel__traverse/-/babel__traverse-7.28.0.tgz. Extracting by manifest.
2147 silly tarball no local data for @types/babel__generator@https://registry.npmjs.org/@types/babel__generator/-/babel__generator-7.27.0.tgz. Extracting by manifest.
2148 silly tarball no local data for @types/babel__template@https://registry.npmjs.org/@types/babel__template/-/babel__template-7.4.4.tgz. Extracting by manifest.
2149 silly tarball no local data for @types/babel__core@https://registry.npmjs.org/@types/babel__core/-/babel__core-7.20.5.tgz. Extracting by manifest.
2150 silly tarball no local data for @testing-library/react-native@https://registry.npmjs.org/@testing-library/react-native/-/react-native-13.3.3.tgz. Extracting by manifest.
2151 silly tarball no local data for @tootallnate/once@https://registry.npmjs.org/@tootallnate/once/-/once-2.0.0.tgz. Extracting by manifest.
2152 silly tarball no local data for @types/tough-cookie@https://registry.npmjs.org/@types/tough-cookie/-/tough-cookie-4.0.5.tgz. Extracting by manifest.
2153 silly tarball no local data for @tanstack/react-query@https://registry.npmjs.org/@tanstack/react-query/-/react-query-5.99.2.tgz. Extracting by manifest.
2154 silly tarball no local data for @types/sharp@https://registry.npmjs.org/@types/sharp/-/sharp-0.32.0.tgz. Extracting by manifest.
2155 silly tarball no local data for @testing-library/jest-native@https://registry.npmjs.org/@testing-library/jest-native/-/jest-native-5.4.3.tgz. Extracting by manifest.
2156 silly tarball no local data for @types/react-reconciler@https://registry.npmjs.org/@types/react-reconciler/-/react-reconciler-0.28.9.tgz. Extracting by manifest.
2157 silly tarball no local data for @tanstack/query-core@https://registry.npmjs.org/@tanstack/query-core/-/query-core-5.99.2.tgz. Extracting by manifest.
2158 silly tarball no local data for @sinonjs/fake-timers@https://registry.npmjs.org/@sinonjs/fake-timers/-/fake-timers-10.3.0.tgz. Extracting by manifest.
2159 silly tarball no local data for @standard-schema/spec@https://registry.npmjs.org/@standard-schema/spec/-/spec-1.1.0.tgz. Extracting by manifest.
2160 silly tarball no local data for @sinclair/typebox@https://registry.npmjs.org/@sinclair/typebox/-/typebox-0.27.10.tgz. Extracting by manifest.
2161 silly tarball no local data for @shopify/react-native-skia@https://registry.npmjs.org/@shopify/react-native-skia/-/react-native-skia-2.6.2.tgz. Extracting by manifest.
2162 silly tarball no local data for @sentry/types@https://registry.npmjs.org/@sentry/types/-/types-10.49.0.tgz. Extracting by manifest.
2163 silly tarball no local data for @sinonjs/commons@https://registry.npmjs.org/@sinonjs/commons/-/commons-3.0.1.tgz. Extracting by manifest.
2164 silly tarball no local data for @sentry/react-native@https://registry.npmjs.org/@sentry/react-native/-/react-native-8.9.2.tgz. Extracting by manifest.
2165 silly tarball no local data for @shopify/flash-list@https://registry.npmjs.org/@shopify/flash-list/-/flash-list-2.0.2.tgz. Extracting by manifest.
2166 silly tarball no local data for @sentry/core@https://registry.npmjs.org/@sentry/core/-/core-10.49.0.tgz. Extracting by manifest.
2167 silly tarball no local data for @sentry/browser@https://registry.npmjs.org/@sentry/browser/-/browser-10.49.0.tgz. Extracting by manifest.
2168 silly tarball no local data for @sentry/cli@https://registry.npmjs.org/@sentry/cli/-/cli-3.4.0.tgz. Extracting by manifest.
2169 silly tarball no local data for @sentry/babel-plugin-component-annotate@https://registry.npmjs.org/@sentry/babel-plugin-component-annotate/-/babel-plugin-component-annotate-5.2.0.tgz. Extracting by manifest.
2170 silly tarball no local data for @sentry-internal/replay-canvas@https://registry.npmjs.org/@sentry-internal/replay-canvas/-/replay-canvas-10.49.0.tgz. Extracting by manifest.
2171 silly tarball no local data for @sentry/expo-upload-sourcemaps@https://registry.npmjs.org/@sentry/expo-upload-sourcemaps/-/expo-upload-sourcemaps-8.9.2.tgz. Extracting by manifest.
2172 silly tarball no local data for @sentry-internal/browser-utils@https://registry.npmjs.org/@sentry-internal/browser-utils/-/browser-utils-10.49.0.tgz. Extracting by manifest.
2173 silly tarball no local data for @sentry-internal/feedback@https://registry.npmjs.org/@sentry-internal/feedback/-/feedback-10.49.0.tgz. Extracting by manifest.
2174 silly tarball no local data for @sentry/react@https://registry.npmjs.org/@sentry/react/-/react-10.49.0.tgz. Extracting by manifest.
2175 silly tarball no local data for @rozhkov/react-useful-hooks@https://registry.npmjs.org/@rozhkov/react-useful-hooks/-/react-useful-hooks-1.0.10.tgz. Extracting by manifest.
2176 silly tarball no local data for @sentry/cli-linux-arm64@https://registry.npmjs.org/@sentry/cli-linux-arm64/-/cli-linux-arm64-3.4.0.tgz. Extracting by manifest.
2177 silly tarball no local data for @sentry-internal/replay@https://registry.npmjs.org/@sentry-internal/replay/-/replay-10.49.0.tgz. Extracting by manifest.
2178 silly tarball no local data for @react-navigation/routers@https://registry.npmjs.org/@react-navigation/routers/-/routers-7.5.3.tgz. Extracting by manifest.
2179 silly tarball no local data for @react-navigation/elements@https://registry.npmjs.org/@react-navigation/elements/-/elements-2.9.14.tgz. Extracting by manifest.
2180 silly tarball no local data for @react-navigation/bottom-tabs@https://registry.npmjs.org/@react-navigation/bottom-tabs/-/bottom-tabs-7.15.9.tgz. Extracting by manifest.
2181 silly tarball no local data for @react-native/virtualized-lists@https://registry.npmjs.org/@react-native/virtualized-lists/-/virtualized-lists-0.83.4.tgz. Extracting by manifest.
2182 silly tarball no local data for @react-navigation/native-stack@https://registry.npmjs.org/@react-navigation/native-stack/-/native-stack-7.14.11.tgz. Extracting by manifest.
2183 silly tarball no local data for @react-native/normalize-colors@https://registry.npmjs.org/@react-native/normalize-colors/-/normalize-colors-0.83.4.tgz. Extracting by manifest.
2184 silly tarball no local data for @react-navigation/core@https://registry.npmjs.org/@react-navigation/core/-/core-7.17.2.tgz. Extracting by manifest.
2185 silly tarball no local data for @react-navigation/native@https://registry.npmjs.org/@react-navigation/native/-/native-7.2.2.tgz. Extracting by manifest.
2186 silly tarball no local data for @react-native/codegen@https://registry.npmjs.org/@react-native/codegen/-/codegen-0.83.4.tgz. Extracting by manifest.
2187 silly tarball no local data for @react-native/babel-preset@https://registry.npmjs.org/@react-native/babel-preset/-/babel-preset-0.83.4.tgz. Extracting by manifest.
2188 silly tarball no local data for @react-native/js-polyfills@https://registry.npmjs.org/@react-native/js-polyfills/-/js-polyfills-0.83.4.tgz. Extracting by manifest.
2189 silly tarball no local data for @react-native/dev-middleware@https://registry.npmjs.org/@react-native/dev-middleware/-/dev-middleware-0.83.4.tgz. Extracting by manifest.
2190 silly tarball no local data for @react-native/debugger-frontend@https://registry.npmjs.org/@react-native/debugger-frontend/-/debugger-frontend-0.83.4.tgz. Extracting by manifest.
2191 silly tarball no local data for @react-native/babel-plugin-codegen@https://registry.npmjs.org/@react-native/babel-plugin-codegen/-/babel-plugin-codegen-0.83.4.tgz. Extracting by manifest.
2192 silly tarball no local data for @react-native/assets-registry@https://registry.npmjs.org/@react-native/assets-registry/-/assets-registry-0.83.4.tgz. Extracting by manifest.
2193 silly tarball no local data for @react-native/gradle-plugin@https://registry.npmjs.org/@react-native/gradle-plugin/-/gradle-plugin-0.83.4.tgz. Extracting by manifest.
2194 silly tarball no local data for @react-native-community/netinfo@https://registry.npmjs.org/@react-native-community/netinfo/-/netinfo-11.5.2.tgz. Extracting by manifest.
2195 silly tarball no local data for @radix-ui/react-use-escape-keydown@https://registry.npmjs.org/@radix-ui/react-use-escape-keydown/-/react-use-escape-keydown-1.1.1.tgz. Extracting by manifest.
2196 silly tarball no local data for @react-native/debugger-shell@https://registry.npmjs.org/@react-native/debugger-shell/-/debugger-shell-0.83.4.tgz. Extracting by manifest.
2197 silly tarball no local data for @radix-ui/react-use-layout-effect@https://registry.npmjs.org/@radix-ui/react-use-layout-effect/-/react-use-layout-effect-1.1.1.tgz. Extracting by manifest.
2198 silly tarball no local data for @react-native/community-cli-plugin@https://registry.npmjs.org/@react-native/community-cli-plugin/-/community-cli-plugin-0.83.4.tgz. Extracting by manifest.
2199 silly tarball no local data for @radix-ui/react-use-controllable-state@https://registry.npmjs.org/@radix-ui/react-use-controllable-state/-/react-use-controllable-state-1.2.2.tgz. Extracting by manifest.
2200 silly tarball no local data for @radix-ui/react-slot@https://registry.npmjs.org/@radix-ui/react-slot/-/react-slot-1.2.4.tgz. Extracting by manifest.
2201 silly tarball no local data for @radix-ui/react-roving-focus@https://registry.npmjs.org/@radix-ui/react-roving-focus/-/react-roving-focus-1.1.11.tgz. Extracting by manifest.
2202 silly tarball no local data for @radix-ui/react-primitive@https://registry.npmjs.org/@radix-ui/react-primitive/-/react-primitive-2.1.3.tgz. Extracting by manifest.
2203 silly tarball no local data for @radix-ui/react-presence@https://registry.npmjs.org/@radix-ui/react-presence/-/react-presence-1.1.5.tgz. Extracting by manifest.
2204 silly tarball no local data for @radix-ui/react-portal@https://registry.npmjs.org/@radix-ui/react-portal/-/react-portal-1.1.9.tgz. Extracting by manifest.
2205 silly tarball no local data for @radix-ui/react-id@https://registry.npmjs.org/@radix-ui/react-id/-/react-id-1.1.1.tgz. Extracting by manifest.
2206 silly tarball no local data for @radix-ui/react-focus-scope@https://registry.npmjs.org/@radix-ui/react-focus-scope/-/react-focus-scope-1.1.7.tgz. Extracting by manifest.
2207 silly tarball no local data for @radix-ui/react-focus-guards@https://registry.npmjs.org/@radix-ui/react-focus-guards/-/react-focus-guards-1.1.3.tgz. Extracting by manifest.
2208 silly tarball no local data for @radix-ui/react-dismissable-layer@https://registry.npmjs.org/@radix-ui/react-dismissable-layer/-/react-dismissable-layer-1.1.11.tgz. Extracting by manifest.
2209 silly tarball no local data for @radix-ui/react-direction@https://registry.npmjs.org/@radix-ui/react-direction/-/react-direction-1.1.1.tgz. Extracting by manifest.
2210 silly tarball no local data for @radix-ui/react-context@https://registry.npmjs.org/@radix-ui/react-context/-/react-context-1.1.2.tgz. Extracting by manifest.
2211 silly tarball no local data for @radix-ui/react-dialog@https://registry.npmjs.org/@radix-ui/react-dialog/-/react-dialog-1.1.15.tgz. Extracting by manifest.
2212 silly tarball no local data for @radix-ui/react-use-effect-event@https://registry.npmjs.org/@radix-ui/react-use-effect-event/-/react-use-effect-event-0.0.2.tgz. Extracting by manifest.
2213 silly tarball no local data for @radix-ui/react-collection@https://registry.npmjs.org/@radix-ui/react-collection/-/react-collection-1.1.7.tgz. Extracting by manifest.
2214 silly tarball no local data for @quidone/react-native-wheel-picker@https://registry.npmjs.org/@quidone/react-native-wheel-picker/-/react-native-wheel-picker-1.6.4.tgz. Extracting by manifest.
2215 silly tarball no local data for @radix-ui/primitive@https://registry.npmjs.org/@radix-ui/primitive/-/primitive-1.1.3.tgz. Extracting by manifest.
2216 silly tarball no local data for @radix-ui/react-use-callback-ref@https://registry.npmjs.org/@radix-ui/react-use-callback-ref/-/react-use-callback-ref-1.1.1.tgz. Extracting by manifest.
2217 silly tarball no local data for @playwright/test@https://registry.npmjs.org/@playwright/test/-/test-1.59.1.tgz. Extracting by manifest.
2218 silly tarball no local data for @radix-ui/react-tabs@https://registry.npmjs.org/@radix-ui/react-tabs/-/react-tabs-1.1.13.tgz. Extracting by manifest.
2219 silly tarball no local data for @radix-ui/react-compose-refs@https://registry.npmjs.org/@radix-ui/react-compose-refs/-/react-compose-refs-1.1.2.tgz. Extracting by manifest.
2220 silly tarball no local data for @nodelib/fs.walk@https://registry.npmjs.org/@nodelib/fs.walk/-/fs.walk-1.2.8.tgz. Extracting by manifest.
2221 silly tarball no local data for @nodelib/fs.stat@https://registry.npmjs.org/@nodelib/fs.stat/-/fs.stat-2.0.5.tgz. Extracting by manifest.
2222 silly tarball no local data for @jridgewell/trace-mapping@https://registry.npmjs.org/@jridgewell/trace-mapping/-/trace-mapping-0.3.31.tgz. Extracting by manifest.
2223 silly tarball no local data for @jridgewell/remapping@https://registry.npmjs.org/@jridgewell/remapping/-/remapping-2.3.5.tgz. Extracting by manifest.
2224 silly tarball no local data for @nodelib/fs.scandir@https://registry.npmjs.org/@nodelib/fs.scandir/-/fs.scandir-2.1.5.tgz. Extracting by manifest.
2225 silly tarball no local data for @jridgewell/sourcemap-codec@https://registry.npmjs.org/@jridgewell/sourcemap-codec/-/sourcemap-codec-1.5.5.tgz. Extracting by manifest.
2226 silly tarball no local data for @jridgewell/gen-mapping@https://registry.npmjs.org/@jridgewell/gen-mapping/-/gen-mapping-0.3.13.tgz. Extracting by manifest.
2227 silly tarball no local data for @jest/types@https://registry.npmjs.org/@jest/types/-/types-29.6.3.tgz. Extracting by manifest.
2228 silly tarball no local data for @jridgewell/source-map@https://registry.npmjs.org/@jridgewell/source-map/-/source-map-0.3.11.tgz. Extracting by manifest.
2229 silly tarball no local data for @jest/transform@https://registry.npmjs.org/@jest/transform/-/transform-29.7.0.tgz. Extracting by manifest.
2230 silly tarball no local data for @jest/source-map@https://registry.npmjs.org/@jest/source-map/-/source-map-29.6.3.tgz. Extracting by manifest.
2231 silly tarball no local data for @jest/test-sequencer@https://registry.npmjs.org/@jest/test-sequencer/-/test-sequencer-29.7.0.tgz. Extracting by manifest.
2232 silly tarball no local data for @jridgewell/resolve-uri@https://registry.npmjs.org/@jridgewell/resolve-uri/-/resolve-uri-3.1.2.tgz. Extracting by manifest.
2233 silly tarball no local data for @jest/globals@https://registry.npmjs.org/@jest/globals/-/globals-29.7.0.tgz. Extracting by manifest.
2234 silly tarball no local data for @jest/get-type@https://registry.npmjs.org/@jest/get-type/-/get-type-30.1.0.tgz. Extracting by manifest.
2235 silly tarball no local data for @jest/fake-timers@https://registry.npmjs.org/@jest/fake-timers/-/fake-timers-29.7.0.tgz. Extracting by manifest.
2236 silly tarball no local data for @jest/expect-utils@https://registry.npmjs.org/@jest/expect-utils/-/expect-utils-29.7.0.tgz. Extracting by manifest.
2237 silly tarball no local data for @jest/expect@https://registry.npmjs.org/@jest/expect/-/expect-29.7.0.tgz. Extracting by manifest.
2238 silly tarball no local data for @jest/environment@https://registry.npmjs.org/@jest/environment/-/environment-29.7.0.tgz. Extracting by manifest.
2239 silly tarball no local data for @jest/diff-sequences@https://registry.npmjs.org/@jest/diff-sequences/-/diff-sequences-30.3.0.tgz. Extracting by manifest.
2240 silly tarball no local data for @jest/create-cache-key-function@https://registry.npmjs.org/@jest/create-cache-key-function/-/create-cache-key-function-29.7.0.tgz. Extracting by manifest.
2241 silly tarball no local data for @jest/reporters@https://registry.npmjs.org/@jest/reporters/-/reporters-29.7.0.tgz. Extracting by manifest.
2242 silly tarball no local data for @jest/core@https://registry.npmjs.org/@jest/core/-/core-29.7.0.tgz. Extracting by manifest.
2243 silly tarball no local data for @jest/console@https://registry.npmjs.org/@jest/console/-/console-29.7.0.tgz. Extracting by manifest.
2244 silly tarball no local data for @istanbuljs/load-nyc-config@https://registry.npmjs.org/@istanbuljs/load-nyc-config/-/load-nyc-config-1.1.0.tgz. Extracting by manifest.
2245 silly tarball no local data for @istanbuljs/schema@https://registry.npmjs.org/@istanbuljs/schema/-/schema-0.1.6.tgz. Extracting by manifest.
2246 silly tarball no local data for @jest/schemas@https://registry.npmjs.org/@jest/schemas/-/schemas-29.6.3.tgz. Extracting by manifest.
2247 silly tarball no local data for @isaacs/ttlcache@https://registry.npmjs.org/@isaacs/ttlcache/-/ttlcache-1.4.1.tgz. Extracting by manifest.
2248 silly tarball no local data for @img/sharp-libvips-linux-arm64@https://registry.npmjs.org/@img/sharp-libvips-linux-arm64/-/sharp-libvips-linux-arm64-1.2.4.tgz. Extracting by manifest.
2249 silly tarball no local data for @img/sharp-linuxmusl-arm64@https://registry.npmjs.org/@img/sharp-linuxmusl-arm64/-/sharp-linuxmusl-arm64-0.34.5.tgz. Extracting by manifest.
2250 silly tarball no local data for @jest/test-result@https://registry.npmjs.org/@jest/test-result/-/test-result-29.7.0.tgz. Extracting by manifest.
2251 silly tarball no local data for @humanwhocodes/object-schema@https://registry.npmjs.org/@humanwhocodes/object-schema/-/object-schema-2.0.3.tgz. Extracting by manifest.
2252 silly tarball no local data for @humanwhocodes/config-array@https://registry.npmjs.org/@humanwhocodes/config-array/-/config-array-0.13.0.tgz. Extracting by manifest.
2253 silly tarball no local data for @img/sharp-libvips-linuxmusl-arm64@https://registry.npmjs.org/@img/sharp-libvips-linuxmusl-arm64/-/sharp-libvips-linuxmusl-arm64-1.2.4.tgz. Extracting by manifest.
2254 silly tarball no local data for @humanwhocodes/module-importer@https://registry.npmjs.org/@humanwhocodes/module-importer/-/module-importer-1.0.1.tgz. Extracting by manifest.
2255 silly tarball no local data for @img/sharp-linux-arm64@https://registry.npmjs.org/@img/sharp-linux-arm64/-/sharp-linux-arm64-0.34.5.tgz. Extracting by manifest.
2256 silly tarball no local data for @hapi/topo@https://registry.npmjs.org/@hapi/topo/-/topo-6.0.2.tgz. Extracting by manifest.
2257 silly tarball no local data for @img/colour@https://registry.npmjs.org/@img/colour/-/colour-1.1.0.tgz. Extracting by manifest.
2258 silly tarball no local data for @hapi/tlds@https://registry.npmjs.org/@hapi/tlds/-/tlds-1.1.6.tgz. Extracting by manifest.
2259 silly tarball no local data for @gorhom/bottom-sheet@https://registry.npmjs.org/@gorhom/bottom-sheet/-/bottom-sheet-5.2.9.tgz. Extracting by manifest.
2260 silly tarball no local data for @hapi/formula@https://registry.npmjs.org/@hapi/formula/-/formula-3.0.2.tgz. Extracting by manifest.
2261 silly tarball no local data for @gorhom/portal@https://registry.npmjs.org/@gorhom/portal/-/portal-1.0.14.tgz. Extracting by manifest.
2262 silly tarball no local data for @hapi/pinpoint@https://registry.npmjs.org/@hapi/pinpoint/-/pinpoint-2.0.1.tgz. Extracting by manifest.
2263 silly tarball no local data for @expo/ws-tunnel@https://registry.npmjs.org/@expo/ws-tunnel/-/ws-tunnel-1.0.6.tgz. Extracting by manifest.
2264 silly tarball no local data for @hapi/hoek@https://registry.npmjs.org/@hapi/hoek/-/hoek-11.0.7.tgz. Extracting by manifest.
2265 silly tarball no local data for @expo/sudo-prompt@https://registry.npmjs.org/@expo/sudo-prompt/-/sudo-prompt-9.3.2.tgz. Extracting by manifest.
2266 silly tarball no local data for @hapi/address@https://registry.npmjs.org/@hapi/address/-/address-5.1.1.tgz. Extracting by manifest.
2267 silly tarball no local data for @expo/sdk-runtime-versions@https://registry.npmjs.org/@expo/sdk-runtime-versions/-/sdk-runtime-versions-1.0.0.tgz. Extracting by manifest.
2268 silly tarball no local data for @expo/xcpretty@https://registry.npmjs.org/@expo/xcpretty/-/xcpretty-4.4.3.tgz. Extracting by manifest.
2269 silly tarball no local data for @expo/require-utils@https://registry.npmjs.org/@expo/require-utils/-/require-utils-55.0.5.tgz. Extracting by manifest.
2270 silly tarball no local data for @expo/router-server@https://registry.npmjs.org/@expo/router-server/-/router-server-55.0.14.tgz. Extracting by manifest.
2271 silly tarball no local data for @expo/prebuild-config@https://registry.npmjs.org/@expo/prebuild-config/-/prebuild-config-55.0.17.tgz. Extracting by manifest.
2272 silly tarball no local data for @expo/package-manager@https://registry.npmjs.org/@expo/package-manager/-/package-manager-1.10.4.tgz. Extracting by manifest.
2273 silly tarball no local data for @expo/plist@https://registry.npmjs.org/@expo/plist/-/plist-0.5.2.tgz. Extracting by manifest.
2274 silly tarball no local data for @expo/metro-config@https://registry.npmjs.org/@expo/metro-config/-/metro-config-55.0.16.tgz. Extracting by manifest.
2275 silly tarball no local data for @expo/metro-runtime@https://registry.npmjs.org/@expo/metro-runtime/-/metro-runtime-55.0.11.tgz. Extracting by manifest.
2276 silly tarball no local data for @expo/osascript@https://registry.npmjs.org/@expo/osascript/-/osascript-2.4.2.tgz. Extracting by manifest.
2277 silly tarball no local data for @expo/log-box@https://registry.npmjs.org/@expo/log-box/-/log-box-55.0.10.tgz. Extracting by manifest.
2278 silly tarball no local data for @expo/metro@https://registry.npmjs.org/@expo/metro/-/metro-55.0.0.tgz. Extracting by manifest.
2279 silly tarball no local data for @expo/json-file@https://registry.npmjs.org/@expo/json-file/-/json-file-10.0.14.tgz. Extracting by manifest.
2280 silly tarball no local data for @expo/local-build-cache-provider@https://registry.npmjs.org/@expo/local-build-cache-provider/-/local-build-cache-provider-55.0.11.tgz. Extracting by manifest.
2281 silly tarball no local data for @expo/image-utils@https://registry.npmjs.org/@expo/image-utils/-/image-utils-0.8.14.tgz. Extracting by manifest.
2282 silly tarball no local data for @expo/vector-icons@https://registry.npmjs.org/@expo/vector-icons/-/vector-icons-15.1.1.tgz. Extracting by manifest.
2283 silly tarball no local data for @expo/env@https://registry.npmjs.org/@expo/env/-/env-2.1.1.tgz. Extracting by manifest.
2284 silly tarball no local data for @expo/dom-webview@https://registry.npmjs.org/@expo/dom-webview/-/dom-webview-55.0.6.tgz. Extracting by manifest.
2285 silly tarball no local data for @expo/devtools@https://registry.npmjs.org/@expo/devtools/-/devtools-55.0.2.tgz. Extracting by manifest.
2286 silly tarball no local data for @expo/devcert@https://registry.npmjs.org/@expo/devcert/-/devcert-1.2.1.tgz. Extracting by manifest.
2287 silly tarball no local data for @expo/config-plugins@https://registry.npmjs.org/@expo/config-plugins/-/config-plugins-55.0.8.tgz. Extracting by manifest.
2288 silly tarball no local data for @expo/config-types@https://registry.npmjs.org/@expo/config-types/-/config-types-55.0.5.tgz. Extracting by manifest.
2289 silly tarball no local data for @expo/config@https://registry.npmjs.org/@expo/config/-/config-55.0.16.tgz. Extracting by manifest.
2290 silly tarball no local data for @expo/code-signing-certificates@https://registry.npmjs.org/@expo/code-signing-certificates/-/code-signing-certificates-0.0.6.tgz. Extracting by manifest.
2291 silly tarball no local data for @expo/cli@https://registry.npmjs.org/@expo/cli/-/cli-55.0.24.tgz. Extracting by manifest.
2292 silly tarball no local data for @eslint/eslintrc@https://registry.npmjs.org/@eslint/eslintrc/-/eslintrc-2.1.4.tgz. Extracting by manifest.
2293 silly tarball no local data for @eslint/js@https://registry.npmjs.org/@eslint/js/-/js-8.57.1.tgz. Extracting by manifest.
2294 silly tarball no local data for @expo/spawn-async@https://registry.npmjs.org/@expo/spawn-async/-/spawn-async-1.7.2.tgz. Extracting by manifest.
2295 silly tarball no local data for @expo-google-fonts/material-symbols@https://registry.npmjs.org/@expo-google-fonts/material-symbols/-/material-symbols-0.4.38.tgz. Extracting by manifest.
2296 silly tarball no local data for @eslint-community/regexpp@https://registry.npmjs.org/@eslint-community/regexpp/-/regexpp-4.12.2.tgz. Extracting by manifest.
2297 silly tarball no local data for @esbuild-kit/core-utils@https://registry.npmjs.org/@esbuild-kit/core-utils/-/core-utils-3.3.2.tgz. Extracting by manifest.
2298 silly tarball no local data for @expo/schema-utils@https://registry.npmjs.org/@expo/schema-utils/-/schema-utils-55.0.4.tgz. Extracting by manifest.
2299 silly tarball no local data for @esbuild/linux-arm64@https://registry.npmjs.org/@esbuild/linux-arm64/-/linux-arm64-0.25.12.tgz. Extracting by manifest.
2300 silly tarball no local data for @expo/fingerprint@https://registry.npmjs.org/@expo/fingerprint/-/fingerprint-0.16.6.tgz. Extracting by manifest.
2301 silly tarball no local data for @egjs/hammerjs@https://registry.npmjs.org/@egjs/hammerjs/-/hammerjs-2.0.17.tgz. Extracting by manifest.
2302 silly tarball no local data for @eslint-community/eslint-utils@https://registry.npmjs.org/@eslint-community/eslint-utils/-/eslint-utils-4.9.1.tgz. Extracting by manifest.
2303 silly tarball no local data for @bcoe/v8-coverage@https://registry.npmjs.org/@bcoe/v8-coverage/-/v8-coverage-0.2.3.tgz. Extracting by manifest.
2304 silly tarball no local data for @babel/traverse@https://registry.npmjs.org/@babel/traverse/-/traverse-7.29.0.tgz. Extracting by manifest.
2305 silly tarball no local data for @drizzle-team/brocli@https://registry.npmjs.org/@drizzle-team/brocli/-/brocli-0.10.2.tgz. Extracting by manifest.
2306 silly tarball no local data for @esbuild-kit/esm-loader@https://registry.npmjs.org/@esbuild-kit/esm-loader/-/esm-loader-2.6.5.tgz. Extracting by manifest.
2307 silly tarball no local data for @babel/template@https://registry.npmjs.org/@babel/template/-/template-7.28.6.tgz. Extracting by manifest.
2308 silly tarball no local data for @babel/types@https://registry.npmjs.org/@babel/types/-/types-7.29.0.tgz. Extracting by manifest.
2309 silly tarball no local data for @babel/preset-react@https://registry.npmjs.org/@babel/preset-react/-/preset-react-7.28.5.tgz. Extracting by manifest.
2310 silly tarball no local data for @babel/plugin-transform-typescript@https://registry.npmjs.org/@babel/plugin-transform-typescript/-/plugin-transform-typescript-7.28.6.tgz. Extracting by manifest.
2311 silly tarball no local data for @babel/plugin-transform-sticky-regex@https://registry.npmjs.org/@babel/plugin-transform-sticky-regex/-/plugin-transform-sticky-regex-7.27.1.tgz. Extracting by manifest.
2312 silly tarball no local data for @babel/plugin-transform-template-literals@https://registry.npmjs.org/@babel/plugin-transform-template-literals/-/plugin-transform-template-literals-7.27.1.tgz. Extracting by manifest.
2313 silly tarball no local data for @babel/plugin-transform-spread@https://registry.npmjs.org/@babel/plugin-transform-spread/-/plugin-transform-spread-7.28.6.tgz. Extracting by manifest.
2314 silly tarball no local data for @babel/plugin-transform-shorthand-properties@https://registry.npmjs.org/@babel/plugin-transform-shorthand-properties/-/plugin-transform-shorthand-properties-7.27.1.tgz. Extracting by manifest.
2315 silly tarball no local data for @babel/plugin-transform-runtime@https://registry.npmjs.org/@babel/plugin-transform-runtime/-/plugin-transform-runtime-7.29.0.tgz. Extracting by manifest.
2316 http fetch POST 200 https://registry.npmjs.org/-/npm/v1/security/advisories/bulk 763ms
2317 silly audit report {
2317 silly audit report   '@babel/core': [
2317 silly audit report     {
2317 silly audit report       id: 1123528,
2317 silly audit report       url: 'https://github.com/advisories/GHSA-4x5r-pxfx-6jf8',
2317 silly audit report       title: '@babel/core: Arbitrary File Read via sourceMappingURL Comment',
2317 silly audit report       severity: 'low',
2317 silly audit report       vulnerable_versions: '<=7.29.0',
2317 silly audit report       cwe: [Array],
2317 silly audit report       cvss: [Object]
2317 silly audit report     }
2317 silly audit report   ],
2317 silly audit report   esbuild: [
2317 silly audit report     {
2317 silly audit report       id: 1102341,
2317 silly audit report       url: 'https://github.com/advisories/GHSA-67mh-4wv8-2f99',
2317 silly audit report       title: 'esbuild enables any website to send any requests to the development server and read the response',
2317 silly audit report       severity: 'moderate',
2317 silly audit report       vulnerable_versions: '<=0.24.2',
2317 silly audit report       cwe: [Array],
2317 silly audit report       cvss: [Object]
2317 silly audit report     },
2317 silly audit report     {
2317 silly audit report       id: 1120680,
2317 silly audit report       url: 'https://github.com/advisories/GHSA-g7r4-m6w7-qqqr',
2317 silly audit report       title: 'esbuild allows arbitrary file read when running the development server on Windows',
2317 silly audit report       severity: 'low',
2317 silly audit report       vulnerable_versions: '>=0.27.3 <0.28.1',
2317 silly audit report       cwe: [Array],
2317 silly audit report       cvss: [Object]
2317 silly audit report     }
2317 silly audit report   ],
2317 silly audit report   'brace-expansion': [
2317 silly audit report     {
2317 silly audit report       id: 1120311,
2317 silly audit report       url: 'https://github.com/advisories/GHSA-jxxr-4gwj-5jf2',
2317 silly audit report       title: 'brace-expansion: Large numeric range defeats documented `max` DoS protection',
2317 silly audit report       severity: 'moderate',
2317 silly audit report       vulnerable_versions: '>=5.0.0 <5.0.6',
2317 silly audit report       cwe: [Array],
2317 silly audit report       cvss: [Object]
2317 silly audit report     },
2317 silly audit report     {
2317 silly audit report       id: 1123897,
2317 silly audit report       url: 'https://github.com/advisories/GHSA-3jxr-9vmj-r5cp',
2317 silly audit report       title: 'brace-expansion: DoS via exponential-time expansion of consecutive non-expanding {} groups',
2317 silly audit report       severity: 'high',
2317 silly audit report       vulnerable_versions: '<1.1.16',
2317 silly audit report       cwe: [Array],
2317 silly audit report       cvss: [Object]
2317 silly audit report     },
2317 silly audit report     {
2317 silly audit report       id: 1123898,
2317 silly audit report       url: 'https://github.com/advisories/GHSA-3jxr-9vmj-r5cp',
2317 silly audit report       title: 'brace-expansion: DoS via exponential-time expansion of consecutive non-expanding {} groups',
2317 silly audit report       severity: 'high',
2317 silly audit report       vulnerable_versions: '>=3.0.0 <5.0.7',
2317 silly audit report       cwe: [Array],
2317 silly audit report       cvss: [Object]
2317 silly audit report     },
2317 silly audit report     {
2317 silly audit report       id: 1124334,
2317 silly audit report       url: 'https://github.com/advisories/GHSA-mh99-v99m-4gvg',
2317 silly audit report       title: 'brace-expansion: DoS via unbounded expansion length causing an out-of-memory process crash',
2317 silly audit report       severity: 'high',
2317 silly audit report       vulnerable_versions: '<=5.0.7',
2317 silly audit report       cwe: [Array],
2317 silly audit report       cvss: [Object]
2317 silly audit report     }
2317 silly audit report   ],
2317 silly audit report   'js-yaml': [
2317 silly audit report     {
2317 silly audit report       id: 1121859,
2317 silly audit report       url: 'https://github.com/advisories/GHSA-h67p-54hq-rp68',
2317 silly audit report       title: 'JS-YAML: Quadratic-complexity DoS in merge key handling via repeated aliases',
2317 silly audit report       severity: 'moderate',
2317 silly audit report       vulnerable_versions: '<3.15.0',
2317 silly audit report       cwe: [Array],
2317 silly audit report       cvss: [Object]
2317 silly audit report     },
2317 silly audit report     {
2317 silly audit report       id: 1121860,
2317 silly audit report       url: 'https://github.com/advisories/GHSA-h67p-54hq-rp68',
2317 silly audit report       title: 'JS-YAML: Quadratic-complexity DoS in merge key handling via repeated aliases',
2317 silly audit report       severity: 'moderate',
2317 silly audit report       vulnerable_versions: '>=4.0.0 <=4.1.1',
2317 silly audit report       cwe: [Array],
2317 silly audit report       cvss: [Object]
2317 silly audit report     },
2317 silly audit report     {
2317 silly audit report       id: 1123911,
2317 silly audit report       url: 'https://github.com/advisories/GHSA-52cp-r559-cp3m',
2317 silly audit report       title: 'js-yaml: YAML merge-key chains can force quadratic CPU consumption',
2317 silly audit report       severity: 'high',
2317 silly audit report       vulnerable_versions: '>=4.0.0 <4.3.0',
2317 silly audit report       cwe: [Array],
2317 silly audit report       cvss: [Object]
2317 silly audit report     },
2317 silly audit report     {
2317 silly audit report       id: 1123912,
2317 silly audit report       url: 'https://github.com/advisories/GHSA-52cp-r559-cp3m',
2317 silly audit report       title: 'js-yaml: YAML merge-key chains can force quadratic CPU consumption',
2317 silly audit report       severity: 'high',
2317 silly audit report       vulnerable_versions: '>=3.0.0 <3.15.0',
2317 silly audit report       cwe: [Array],
2317 silly audit report       cvss: [Object]
2317 silly audit report     }
2317 silly audit report   ],
2317 silly audit report   ws: [
2317 silly audit report     {
2317 silly audit report       id: 1119108,
2317 silly audit report       url: 'https://github.com/advisories/GHSA-58qx-3vcg-4xpx',
2317 silly audit report       title: 'ws: Uninitialized memory disclosure',
2317 silly audit report       severity: 'moderate',
2317 silly audit report       vulnerable_versions: '>=8.0.0 <8.20.1',
2317 silly audit report       cwe: [Array],
2317 silly audit report       cvss: [Object]
2317 silly audit report     },
2317 silly audit report     {
2317 silly audit report       id: 1123259,
2317 silly audit report       url: 'https://github.com/advisories/GHSA-96hv-2xvq-fx4p',
2317 silly audit report       title: 'ws: Memory exhaustion DoS from tiny fragments and data chunks',
2317 silly audit report       severity: 'high',
2317 silly audit report       vulnerable_versions: '>=8.0.0 <8.21.0',
2317 silly audit report       cwe: [Array],
2317 silly audit report       cvss: [Object]
2317 silly audit report     },
2317 silly audit report     {
2317 silly audit report       id: 1123260,
2317 silly audit report       url: 'https://github.com/advisories/GHSA-96hv-2xvq-fx4p',
2317 silly audit report       title: 'ws: Memory exhaustion DoS from tiny fragments and data chunks',
2317 silly audit report       severity: 'high',
2317 silly audit report       vulnerable_versions: '>=7.0.0 <7.5.11',
2317 silly audit report       cwe: [Array],
2317 silly audit report       cvss: [Object]
2317 silly audit report     }
2317 silly audit report   ],
2317 silly audit report   '@tootallnate/once': [
2317 silly audit report     {
2317 silly audit report       id: 1119438,
2317 silly audit report       url: 'https://github.com/advisories/GHSA-vpq2-c234-7xj6',
2317 silly audit report       title: '@tootallnate/once vulnerable to Incorrect Control Flow Scoping',
2317 silly audit report       severity: 'low',
2317 silly audit report       vulnerable_versions: '<2.0.1',
2317 silly audit report       cwe: [Array],
2317 silly audit report       cvss: [Object]
2317 silly audit report     }
2317 silly audit report   ],
2317 silly audit report   '@xmldom/xmldom': [
2317 silly audit report     {
2317 silly audit report       id: 1117894,
2317 silly audit report       url: 'https://github.com/advisories/GHSA-2v35-w6hq-6mfw',
2317 silly audit report       title: 'xmldom: Uncontrolled recursion in XML serialization leads to DoS',
2317 silly audit report       severity: 'high',
2317 silly audit report       vulnerable_versions: '<0.8.13',
2317 silly audit report       cwe: [Array],
2317 silly audit report       cvss: [Object]
2317 silly audit report     },
2317 silly audit report     {
2317 silly audit report       id: 1117897,
2317 silly audit report       url: 'https://github.com/advisories/GHSA-f6ww-3ggp-fr8h',
2317 silly audit report       title: 'xmldom has XML injection through unvalidated DocumentType serialization',
2317 silly audit report       severity: 'high',
2317 silly audit report       vulnerable_versions: '<0.8.13',
2317 silly audit report       cwe: [Array],
2317 silly audit report       cvss: [Object]
2317 silly audit report     },
2317 silly audit report     {
2317 silly audit report       id: 1117900,
2317 silly audit report       url: 'https://github.com/advisories/GHSA-x6wf-f3px-wcqx',
2317 silly audit report       title: 'xmldom has XML node injection through unvalidated processing instruction serialization',
2317 silly audit report       severity: 'high',
2317 silly audit report       vulnerable_versions: '<0.8.13',
2317 silly audit report       cwe: [Array],
2317 silly audit report       cvss: [Object]
2317 silly audit report     },
2317 silly audit report     {
2317 silly audit report       id: 1117903,
2317 silly audit report       url: 'https://github.com/advisories/GHSA-j759-j44w-7fr8',
2317 silly audit report       title: 'xmldom has XML node injection through unvalidated comment serialization',
2317 silly audit report       severity: 'high',
2317 silly audit report       vulnerable_versions: '<0.8.13',
2317 silly audit report       cwe: [Array],
2317 silly audit report       cvss: [Object]
2317 silly audit report     }
2317 silly audit report   ],
2317 silly audit report   axios: [
2317 silly audit report     {
2317 silly audit report       id: 1118607,
2317 silly audit report       url: 'https://github.com/advisories/GHSA-q8qp-cvcw-x6jj',
2317 silly audit report       title: 'Axios has prototype pollution read-side gadgets in HTTP adapter that allow credential injection and request hijacking',
2317 silly audit report       severity: 'high',
2317 silly audit report       vulnerable_versions: '>=1.0.0 <1.15.2',
2317 silly audit report       cwe: [Array],
2317 silly audit report       cvss: [Object]
2317 silly audit report     },
2317 silly audit report     {
2317 silly audit report       id: 1120125,
2317 silly audit report       url: 'https://github.com/advisories/GHSA-62hf-57xw-28j9',
2317 silly audit report       title: 'Axios: unbounded recursion in toFormData causes DoS via deeply nested request data',
2317 silly audit report       severity: 'moderate',
2317 silly audit report       vulnerable_versions: '>=1.0.0 <1.15.1',
2317 silly audit report       cwe: [Array],
2317 silly audit report       cvss: [Object]
2317 silly audit report     },
2317 silly audit report     {
2317 silly audit report       id: 1120547,
2317 silly audit report       url: 'https://github.com/advisories/GHSA-hfxv-24rg-xrqf',
2317 silly audit report       title: 'Axios: Regular Expression Denial of Service (ReDoS) via Cookie Name Injection',
2317 silly audit report       severity: 'high',
2317 silly audit report       vulnerable_versions: '>=1.0.0 <1.16.0',
2317 silly audit report       cwe: [Array],
2317 silly audit report       cvss: [Object]
2317 silly audit report     },
2317 silly audit report     {
2317 silly audit report       id: 1120643,
2317 silly audit report       url: 'https://github.com/advisories/GHSA-777c-7fjr-54vf',
2317 silly audit report       title: 'Allocation of Resources Without Limits or Throttling in Axios',
2317 silly audit report       severity: 'high',
2317 silly audit report       vulnerable_versions: '>=1.7.0 <1.16.0',
2317 silly audit report       cwe: [Array],
2317 silly audit report       cvss: [Object]
2317 silly audit report     },
2317 silly audit report     {
2317 silly audit report       id: 1120645,
2317 silly audit report       url: 'https://github.com/advisories/GHSA-p92q-9vqr-4j8v',
2317 silly audit report       title: 'Axios: Proxy-Authorization Credential Leak to Origin Server Across HTTP-to-HTTPS Redirect in Axios Node.js HTTP Adapter',
2317 silly audit report       severity: 'high',
2317 silly audit report       vulnerable_versions: '>=1.0.0 <1.16.0',
2317 silly audit report       cwe: [Array],
2317 silly audit report       cvss: [Object]
2317 silly audit report     },
2317 silly audit report     {
2317 silly audit report       id: 1120647,
2317 silly audit report       url: 'https://github.com/advisories/GHSA-j5f8-grm9-p9fc',
2317 silly audit report       title: 'Axios: Proxy-Authorization header leaks to redirect target when proxy is re-evaluated to direct connection',
2317 silly audit report       severity: 'high',
2317 silly audit report       vulnerable_versions: '>=1.0.0 <1.16.0',
2317 silly audit report       cwe: [Array],
2317 silly audit report       cvss: [Object]
2317 silly audit report     },
2317 silly audit report     {
2317 silly audit report       id: 1120649,
2317 silly audit report       url: 'https://github.com/advisories/GHSA-3g43-6gmg-66jw',
2317 silly audit report       title: 'axios Vulnerable to Credential Theft and Response Hijacking via Prototype Pollution Gadget in Config Merge',
2317 silly audit report       severity: 'high',
2317 silly audit report       vulnerable_versions: '>=1.0.0 <1.15.2',
2317 silly audit report       cwe: [Array],
2317 silly audit report       cvss: [Object]
2317 silly audit report     },
2317 silly audit report     {
2317 silly audit report       id: 1120650,
2317 silly audit report       url: 'https://github.com/advisories/GHSA-35jp-ww65-95wh',
2317 silly audit report       title: 'axios Vulnerable to Full Man-in-the-Middle via Prototype Pollution Gadget in `config.proxy`',
2317 silly audit report       severity: 'high',
2317 silly audit report       vulnerable_versions: '>=1.0.0 <1.16.0',
2317 silly audit report       cwe: [Array],
2317 silly audit report       cvss: [Object]
2317 silly audit report     },
2317 silly audit report     {
2317 silly audit report       id: 1120652,
2317 silly audit report       url: 'https://github.com/advisories/GHSA-898c-q2cr-xwhg',
2317 silly audit report       title: 'axios has DoS & Header Injection via Prototype Pollution Read-Side Gadgets in axios merge functions',
2317 silly audit report       severity: 'moderate',
2317 silly audit report       vulnerable_versions: '>=1.0.0 <1.16.0',
2317 silly audit report       cwe: [Array],
2317 silly audit report       cvss: [Object]
2317 silly audit report     },
2317 silly audit report     {
2317 silly audit report       id: 1117574,
2317 silly audit report       url: 'https://github.com/advisories/GHSA-w9j2-pvgh-6h63',
2317 silly audit report       title: 'Axios: Authentication Bypass via Prototype Pollution Gadget in `validateStatus` Merge Strategy',
2317 silly audit report       severity: 'moderate',
2317 silly audit report       vulnerable_versions: '>=1.0.0 <1.15.1',
2317 silly audit report       cwe: [Array],
2317 silly audit report       cvss: [Object]
2317 silly audit report     },
2317 silly audit report     {
2317 silly audit report       id: 1117576,
2317 silly audit report       url: 'https://github.com/advisories/GHSA-pmwg-cvhr-8vh7',
2317 silly audit report       title: 'Axios: Incomplete Fix for CVE-2025-62718 — NO_PROXY Protection Bypassed via RFC 1122 Loopback Subnet (127.0.0.0/8) in Axios 1.15.0',
2317 silly audit report       severity: 'high',
2317 silly audit report       vulnerable_versions: '>=1.0.0 <1.15.1',
2317 silly audit report       cwe: [Array],
2317 silly audit report       cvss: [Object]
2317 silly audit report     },
2317 silly audit report     {
2317 silly audit report       id: 1117577,
2317 silly audit report       url: 'https://github.com/advisories/GHSA-3w6x-2g7m-8v23',
2317 silly audit report       title: 'Axios: Invisible JSON Response Tampering via Prototype Pollution Gadget in `parseReviver`',
2317 silly audit report       severity: 'moderate',
2317 silly audit report       vulnerable_versions: '>=1.0.0 <1.15.2',
2317 silly audit report       cwe: [Array],
2317 silly audit report       cvss: [Object]
2317 silly audit report     },
2317 silly audit report     {
2317 silly audit report       id: 1117580,
2317 silly audit report       url: 'https://github.com/advisories/GHSA-xhjh-pmcv-23jw',
2317 silly audit report       title: 'Axios: Null Byte Injection via Reverse-Encoding in AxiosURLSearchParams',
2317 silly audit report       severity: 'low',
2317 silly audit report       vulnerable_versions: '>=1.0.0 <1.15.1',
2317 silly audit report       cwe: [Array],
2317 silly audit report       cvss: [Object]
2317 silly audit report     },
2317 silly audit report     {
2317 silly audit report       id: 1117581,
2317 silly audit report       url: 'https://github.com/advisories/GHSA-445q-vr5w-6q77',
2317 silly audit report       title: 'Axios: CRLF Injection in multipart/form-data body via unsanitized blob.type in formDataToStream',
2317 silly audit report       severity: 'moderate',
2317 silly audit report       vulnerable_versions: '>=1.0.0 <1.15.1',
2317 silly audit report       cwe: [Array],
2317 silly audit report       cvss: [Object]
2317 silly audit report     },
2317 silly audit report     {
2317 silly audit report       id: 1117583,
2317 silly audit report       url: 'https://github.com/advisories/GHSA-m7pr-hjqh-92cm',
2317 silly audit report       title: 'Axios: no_proxy bypass via IP alias allows SSRF',
2317 silly audit report       severity: 'moderate',
2317 silly audit report       vulnerable_versions: '>=1.0.0 <1.15.1',
2317 silly audit report       cwe: [Array],
2317 silly audit report       cvss: [Object]
2317 silly audit report     },
2317 silly audit report     {
2317 silly audit report       id: 1117587,
2317 silly audit report       url: 'https://github.com/advisories/GHSA-5c9x-8gcm-mpgx',
2317 silly audit report       title: "Axios' HTTP adapter-streamed uploads bypass maxBodyLength when maxRedirects: 0",
2317 silly audit report       severity: 'moderate',
2317 silly audit report       vulnerable_versions: '>=1.0.0 <1.15.1',
2317 silly audit report       cwe: [Array],
2317 silly audit report       cvss: [Object]
2317 silly audit report     },
2317 silly audit report     {
2317 silly audit report       id: 1117589,
2317 silly audit report       url: 'https://github.com/advisories/GHSA-vf2m-468p-8v99',
2317 silly audit report       title: 'Axios: HTTP adapter streamed responses bypass maxContentLength',
2317 silly audit report       severity: 'moderate',
2317 silly audit report       vulnerable_versions: '>=1.0.0 <1.15.1',
2317 silly audit report       cwe: [Array],
2317 silly audit report       cvss: [Object]
2317 silly audit report     },
2317 silly audit report     {
2317 silly audit report       id: 1117591,
2317 silly audit report       url: 'https://github.com/advisories/GHSA-pf86-5x62-jrwf',
2317 silly audit report       title: 'Axios: Prototype Pollution Gadgets - Response Tampering, Data Exfiltration, and Request Hijacking',
2317 silly audit report       severity: 'high',
2317 silly audit report       vulnerable_versions: '>=1.0.0 <1.15.1',
2317 silly audit report       cwe: [Array],
2317 silly audit report       cvss: [Object]
2317 silly audit report     },
2317 silly audit report     {
2317 silly audit report       id: 1117593,
2317 silly audit report       url: 'https://github.com/advisories/GHSA-6chq-wfr3-2hj9',
2317 silly audit report       title: 'Axios: Header Injection via Prototype Pollution',
2317 silly audit report       severity: 'high',
2317 silly audit report       vulnerable_versions: '>=1.0.0 <1.15.1',
2317 silly audit report       cwe: [Array],
2317 silly audit report       cvss: [Object]
2317 silly audit report     },
2317 silly audit report     {
2317 silly audit report       id: 1117595,
2317 silly audit report       url: 'https://github.com/advisories/GHSA-xx6v-rp6x-q39c',
2317 silly audit report       title: 'Axios: XSRF Token Cross-Origin Leakage via Prototype Pollution Gadget in `withXSRFToken` Boolean Coercion',
2317 silly audit report       severity: 'moderate',
2317 silly audit report       vulnerable_versions: '>=1.0.0 <1.15.1',
2317 silly audit report       cwe: [Array],
2317 silly audit report       cvss: [Object]
2317 silly audit report     },
2317 silly audit report     {
2317 silly audit report       id: 1123824,
2317 silly audit report       url: 'https://github.com/advisories/GHSA-pjwm-pj3p-43mv',
2317 silly audit report       title: "axios's shouldBypassProxy does not recognize IPv4-mapped IPv6 addresses, allowing NO_PROXY bypass (incomplete fix for CVE-2025-62718)",
2317 silly audit report       severity: 'high',
2317 silly audit report       vulnerable_versions: '>=1.15.0 <1.16.0',
2317 silly audit report       cwe: [Array],
2317 silly audit report       cvss: [Object]
2317 silly audit report     },
2317 silly audit report     {
2317 silly audit report       id: 1123882,
2317 silly audit report       url: 'https://github.com/advisories/GHSA-42h9-826w-cgv3',
2317 silly audit report       title: 'Axios: Excessive recursion in formDataToJSON can cause denial of service',
2317 silly audit report       severity: 'moderate',
2317 silly audit report       vulnerable_versions: '>=1.0.0 <1.18.0',
2317 silly audit report       cwe: [Array],
2317 silly audit report       cvss: [Object]
2317 silly audit report     },
2317 silly audit report     {
2317 silly audit report       id: 1123885,
2317 silly audit report       url: 'https://github.com/advisories/GHSA-pmv8-rq9r-6j72',
2317 silly audit report       title: 'Axios: Deep formToJSON Key Recursion Can Cause Denial of Service',
2317 silly audit report       severity: 'moderate',
2317 silly audit report       vulnerable_versions: '>=1.0.0 <1.18.0',
2317 silly audit report       cwe: [Array],
2317 silly audit report       cvss: [Object]
2317 silly audit report     },
2317 silly audit report     {
2317 silly audit report       id: 1123957,
2317 silly audit report       url: 'https://github.com/advisories/GHSA-jqh4-m9w3-8hp9',
2317 silly audit report       title: 'Axios: Fetch adapter `ReadableStream` uploads bypass `maxBodyLength`',
2317 silly audit report       severity: 'moderate',
2317 silly audit report       vulnerable_versions: '>=1.7.0 <1.18.0',
2317 silly audit report       cwe: [Array],
2317 silly audit report       cvss: [Object]
2317 silly audit report     },
2317 silly audit report     {
2317 silly audit report       id: 1123959,
2317 silly audit report       url: 'https://github.com/advisories/GHSA-mmx7-hfxf-jppx',
2317 silly audit report       title: 'Axios: Prototype pollution gadgets can alter axios request construction',
2317 silly audit report       severity: 'moderate',
2317 silly audit report       vulnerable_versions: '>=1.0.0 <1.18.0',
2317 silly audit report       cwe: [Array],
2317 silly audit report       cvss: [Object]
2317 silly audit report     },
2317 silly audit report     {
2317 silly audit report       id: 1123961,
2317 silly audit report       url: 'https://github.com/advisories/GHSA-f4gw-2p7v-4548',
2317 silly audit report       title: 'Axios: NO_PROXY bypass for 0.0.0.0 local addresses in axios',
2317 silly audit report       severity: 'moderate',
2317 silly audit report       vulnerable_versions: '>=1.15.0 <1.18.0',
2317 silly audit report       cwe: [Array],
2317 silly audit report       cvss: [Object]
2317 silly audit report     },
2317 silly audit report     {
2317 silly audit report       id: 1123971,
2317 silly audit report       url: 'https://github.com/advisories/GHSA-7q8q-rj6j-mhjq',
2317 silly audit report       title: 'Axios: Nested axios option objects can consume polluted prototype values',
2317 silly audit report       severity: 'moderate',
2317 silly audit report       vulnerable_versions: '>=1.0.0 <1.18.0',
2317 silly audit report       cwe: [Array],
2317 silly audit report       cvss: [Object]
2317 silly audit report     },
2317 silly audit report     {
2317 silly audit report       id: 1123973,
2317 silly audit report       url: 'https://github.com/advisories/GHSA-mwf2-3pr3-8698',
2317 silly audit report       title: 'Axios: HTTP/2 streamed uploads bypass `maxBodyLength`',
2317 silly audit report       severity: 'moderate',
2317 silly audit report       vulnerable_versions: '>=1.13.0 <1.18.0',
2317 silly audit report       cwe: [Array],
2317 silly audit report       cvss: [Object]
2317 silly audit report     }
2317 silly audit report   ],
2317 silly audit report   'form-data': [
2317 silly audit report     {
2317 silly audit report       id: 1120743,
2317 silly audit report       url: 'https://github.com/advisories/GHSA-hmw2-7cc7-3qxx',
2317 silly audit report       title: 'form-data: CRLF injection in form-data via unescaped multipart field names and filenames',
2317 silly audit report       severity: 'high',
2317 silly audit report       vulnerable_versions: '>=4.0.0 <4.0.6',
2317 silly audit report       cwe: [Array],
2317 silly audit report       cvss: [Object]
2317 silly audit report     }
2317 silly audit report   ],
2317 silly audit report   joi: [
2317 silly audit report     {
2317 silly audit report       id: 1120657,
2317 silly audit report       url: 'https://github.com/advisories/GHSA-q7cg-457f-vx79',
2317 silly audit report       title: 'joi has an uncaught RangeError on deeply nested input through recursive `link()` schemas',
2317 silly audit report       severity: 'moderate',
2317 silly audit report       vulnerable_versions: '>=18.0.0 <18.2.1',
2317 silly audit report       cwe: [Array],
2317 silly audit report       cvss: [Object]
2317 silly audit report     }
2317 silly audit report   ],
2317 silly audit report   postcss: [
2317 silly audit report     {
2317 silly audit report       id: 1117015,
2317 silly audit report       url: 'https://github.com/advisories/GHSA-qx2v-qp2m-jg93',
2317 silly audit report       title: 'PostCSS has XSS via Unescaped </style> in its CSS Stringify Output',
2317 silly audit report       severity: 'moderate',
2317 silly audit report       vulnerable_versions: '<8.5.10',
2317 silly audit report       cwe: [Array],
2317 silly audit report       cvss: [Object]
2317 silly audit report     },
2317 silly audit report     {
2317 silly audit report       id: 1124252,
2317 silly audit report       url: 'https://github.com/advisories/GHSA-6g55-p6wh-862q',
2317 silly audit report       title: 'PostCSS: Arbitrary file read and information disclosure via attacker-controlled sourceMappingURL in CSS comments',
2317 silly audit report       severity: 'high',
2317 silly audit report       vulnerable_versions: '<=8.5.11',
2317 silly audit report       cwe: [Array],
2317 silly audit report       cvss: [Object]
2317 silly audit report     },
2317 silly audit report     {
2317 silly audit report       id: 1124288,
2317 silly audit report       url: 'https://github.com/advisories/GHSA-r28c-9q8g-f849',
2317 silly audit report       title: 'PostCSS: Path Traversal in Previous Source Map Auto-Loading (sourceMappingURL) leads to Arbitrary .map File Disclosure',
2317 silly audit report       severity: 'high',
2317 silly audit report       vulnerable_versions: '<=8.5.17',
2317 silly audit report       cwe: [Array],
2317 silly audit report       cvss: [Object]
2317 silly audit report     }
2317 silly audit report   ],
2317 silly audit report   sharp: [
2317 silly audit report     {
2317 silly audit report       id: 1124066,
2317 silly audit report       url: 'https://github.com/advisories/GHSA-f88m-g3jw-g9cj',
2317 silly audit report       title: 'sharp inherited vulnerabilities in libvips: CVE-2026-33327, CVE-2026-33328, CVE-2026-35590, CVE-2026-35591',
2317 silly audit report       severity: 'high',
2317 silly audit report       vulnerable_versions: '<0.35.0',
2317 silly audit report       cwe: [Array],
2317 silly audit report       cvss: [Object]
2317 silly audit report     }
2317 silly audit report   ],
2317 silly audit report   'shell-quote': [
2317 silly audit report     {
2317 silly audit report       id: 1120422,
2317 silly audit report       url: 'https://github.com/advisories/GHSA-w7jw-789q-3m8p',
2317 silly audit report       title: 'shell-quote quote() does not escape newlines in object .op values',
2317 silly audit report       severity: 'critical',
2317 silly audit report       vulnerable_versions: '>=1.1.0 <=1.8.3',
2317 silly audit report       cwe: [Array],
2317 silly audit report       cvss: [Object]
2317 silly audit report     },
2317 silly audit report     {
2317 silly audit report       id: 1123944,
2317 silly audit report       url: 'https://github.com/advisories/GHSA-395f-4hp3-45gv',
2317 silly audit report       title: 'shell-quote: Quadratic-complexity Denial of Service in `parse()` (CWE-407)',
2317 silly audit report       severity: 'high',
2317 silly audit report       vulnerable_versions: '<=1.8.4',
2317 silly audit report       cwe: [Array],
2317 silly audit report       cvss: [Object]
2317 silly audit report     }
2317 silly audit report   ],
2317 silly audit report   tmp: [
2317 silly audit report     {
2317 silly audit report       id: 1120654,
2317 silly audit report       url: 'https://github.com/advisories/GHSA-ph9p-34f9-6g65',
2317 silly audit report       title: 'tmp has Path Traversal via unsanitized prefix/postfix that enables directory escape',
2317 silly audit report       severity: 'high',
2317 silly audit report       vulnerable_versions: '<0.2.6',
2317 silly audit report       cwe: [Array],
2317 silly audit report       cvss: [Object]
2317 silly audit report     }
2317 silly audit report   ],
2317 silly audit report   undici: [
2317 silly audit report     {
2317 silly audit report       id: 1121242,
2317 silly audit report       url: 'https://github.com/advisories/GHSA-p88m-4jfj-68fv',
2317 silly audit report       title: 'undici vulnerable to HTTP header injection via Set-Cookie percent-decoding',
2317 silly audit report       severity: 'moderate',
2317 silly audit report       vulnerable_versions: '<6.27.0',
2317 silly audit report       cwe: [Array],
2317 silly audit report       cvss: [Object]
2317 silly audit report     },
2317 silly audit report     {
2317 silly audit report       id: 1121245,
2317 silly audit report       url: 'https://github.com/advisories/GHSA-vxpw-j846-p89q',
2317 silly audit report       title: 'undici WebSocket client vulnerable to denial of service via fragment count bypass',
2317 silly audit report       severity: 'high',
2317 silly audit report       vulnerable_versions: '<6.27.0',
2317 silly audit report       cwe: [Array],
2317 silly audit report       cvss: [Object]
2317 silly audit report     },
2317 silly audit report     {
2317 silly audit report       id: 1121250,
2317 silly audit report       url: 'https://github.com/advisories/GHSA-35p6-xmwp-9g52',
2317 silly audit report       title: 'undici vulnerable to HTTP response queue poisoning via keep-alive socket reuse',
2317 silly audit report       severity: 'low',
2317 silly audit report       vulnerable_versions: '<6.27.0',
2317 silly audit report       cwe: [Array],
2317 silly audit report       cvss: [Object]
2317 silly audit report     },
2317 silly audit report     {
2317 silly audit report       id: 1121255,
2317 silly audit report       url: 'https://github.com/advisories/GHSA-g8m3-5g58-fq7m',
2317 silly audit report       title: 'undici vulnerable to Set-Cookie SameSite attribute downgrade via permissive substring matching',
2317 silly audit report       severity: 'low',
2317 silly audit report       vulnerable_versions: '<6.27.0',
2317 silly audit report       cwe: [Array],
2317 silly audit report       cvss: [Object]
2317 silly audit report     }
2317 silly audit report   ],
2317 silly audit report   uuid: [
2317 silly audit report     {
2317 silly audit report       id: 1119441,
2317 silly audit report       url: 'https://github.com/advisories/GHSA-w5hq-g745-h8pq',
2317 silly audit report       title: 'uuid: Missing buffer bounds check in v3/v5/v6 when buf is provided',
2317 silly audit report       severity: 'moderate',
2317 silly audit report       vulnerable_versions: '<11.1.1',
2317 silly audit report       cwe: [Array],
2317 silly audit report       cvss: [Object]
2317 silly audit report     }
2317 silly audit report   ]
2317 silly audit report }
2318 silly packumentCache corgi:https://registry.npmjs.org/@babel%2fcore cache-miss
2319 silly packumentCache corgi:https://registry.npmjs.org/esbuild cache-miss
2320 silly packumentCache corgi:https://registry.npmjs.org/brace-expansion cache-miss
2321 silly packumentCache corgi:https://registry.npmjs.org/js-yaml cache-miss
2322 silly packumentCache corgi:https://registry.npmjs.org/ws cache-miss
2323 silly packumentCache corgi:https://registry.npmjs.org/@tootallnate%2fonce cache-miss
2324 silly packumentCache corgi:https://registry.npmjs.org/@xmldom%2fxmldom cache-miss
2325 silly packumentCache corgi:https://registry.npmjs.org/axios cache-miss
2326 silly packumentCache corgi:https://registry.npmjs.org/form-data cache-miss
2327 silly packumentCache corgi:https://registry.npmjs.org/joi cache-miss
2328 silly packumentCache corgi:https://registry.npmjs.org/postcss cache-miss
2329 silly packumentCache corgi:https://registry.npmjs.org/sharp cache-miss
2330 silly packumentCache corgi:https://registry.npmjs.org/shell-quote cache-miss
2331 silly packumentCache corgi:https://registry.npmjs.org/tmp cache-miss
2332 silly packumentCache corgi:https://registry.npmjs.org/undici cache-miss
2333 silly packumentCache corgi:https://registry.npmjs.org/uuid cache-miss
2334 silly tarball no local data for @babel/plugin-transform-regenerator@https://registry.npmjs.org/@babel/plugin-transform-regenerator/-/plugin-transform-regenerator-7.29.0.tgz. Extracting by manifest.
2335 silly tarball no local data for @babel/plugin-transform-react-pure-annotations@https://registry.npmjs.org/@babel/plugin-transform-react-pure-annotations/-/plugin-transform-react-pure-annotations-7.27.1.tgz. Extracting by manifest.
2336 silly tarball no local data for @babel/plugin-transform-react-jsx-source@https://registry.npmjs.org/@babel/plugin-transform-react-jsx-source/-/plugin-transform-react-jsx-source-7.27.1.tgz. Extracting by manifest.
2337 silly tarball no local data for @babel/plugin-transform-react-jsx-self@https://registry.npmjs.org/@babel/plugin-transform-react-jsx-self/-/plugin-transform-react-jsx-self-7.27.1.tgz. Extracting by manifest.
2338 silly tarball no local data for @babel/plugin-transform-react-jsx-development@https://registry.npmjs.org/@babel/plugin-transform-react-jsx-development/-/plugin-transform-react-jsx-development-7.27.1.tgz. Extracting by manifest.
2339 silly tarball no local data for @babel/plugin-transform-react-display-name@https://registry.npmjs.org/@babel/plugin-transform-react-display-name/-/plugin-transform-react-display-name-7.28.0.tgz. Extracting by manifest.
2340 silly tarball no local data for @babel/plugin-transform-react-jsx@https://registry.npmjs.org/@babel/plugin-transform-react-jsx/-/plugin-transform-react-jsx-7.28.6.tgz. Extracting by manifest.
2341 silly tarball no local data for @babel/plugin-transform-private-property-in-object@https://registry.npmjs.org/@babel/plugin-transform-private-property-in-object/-/plugin-transform-private-property-in-object-7.28.6.tgz. Extracting by manifest.
2342 silly tarball no local data for @babel/plugin-transform-parameters@https://registry.npmjs.org/@babel/plugin-transform-parameters/-/plugin-transform-parameters-7.27.7.tgz. Extracting by manifest.
2343 silly tarball no local data for @babel/plugin-transform-private-methods@https://registry.npmjs.org/@babel/plugin-transform-private-methods/-/plugin-transform-private-methods-7.28.6.tgz. Extracting by manifest.
2344 silly tarball no local data for @babel/plugin-transform-optional-catch-binding@https://registry.npmjs.org/@babel/plugin-transform-optional-catch-binding/-/plugin-transform-optional-catch-binding-7.28.6.tgz. Extracting by manifest.
2345 silly tarball no local data for @babel/plugin-transform-object-rest-spread@https://registry.npmjs.org/@babel/plugin-transform-object-rest-spread/-/plugin-transform-object-rest-spread-7.28.6.tgz. Extracting by manifest.
2346 silly tarball no local data for @babel/plugin-transform-numeric-separator@https://registry.npmjs.org/@babel/plugin-transform-numeric-separator/-/plugin-transform-numeric-separator-7.28.6.tgz. Extracting by manifest.
2347 silly tarball no local data for @babel/plugin-transform-optional-chaining@https://registry.npmjs.org/@babel/plugin-transform-optional-chaining/-/plugin-transform-optional-chaining-7.28.6.tgz. Extracting by manifest.
2348 silly tarball no local data for @babel/plugin-transform-nullish-coalescing-operator@https://registry.npmjs.org/@babel/plugin-transform-nullish-coalescing-operator/-/plugin-transform-nullish-coalescing-operator-7.28.6.tgz. Extracting by manifest.
2349 silly tarball no local data for @babel/plugin-transform-named-capturing-groups-regex@https://registry.npmjs.org/@babel/plugin-transform-named-capturing-groups-regex/-/plugin-transform-named-capturing-groups-regex-7.29.0.tgz. Extracting by manifest.
2350 silly tarball no local data for @babel/plugin-transform-logical-assignment-operators@https://registry.npmjs.org/@babel/plugin-transform-logical-assignment-operators/-/plugin-transform-logical-assignment-operators-7.28.6.tgz. Extracting by manifest.
2351 silly tarball no local data for @babel/plugin-transform-modules-commonjs@https://registry.npmjs.org/@babel/plugin-transform-modules-commonjs/-/plugin-transform-modules-commonjs-7.28.6.tgz. Extracting by manifest.
2352 silly tarball no local data for @babel/plugin-transform-literals@https://registry.npmjs.org/@babel/plugin-transform-literals/-/plugin-transform-literals-7.27.1.tgz. Extracting by manifest.
2353 silly tarball no local data for @babel/plugin-transform-for-of@https://registry.npmjs.org/@babel/plugin-transform-for-of/-/plugin-transform-for-of-7.27.1.tgz. Extracting by manifest.
2354 silly tarball no local data for @babel/plugin-transform-flow-strip-types@https://registry.npmjs.org/@babel/plugin-transform-flow-strip-types/-/plugin-transform-flow-strip-types-7.27.1.tgz. Extracting by manifest.
2355 silly tarball no local data for @babel/plugin-transform-function-name@https://registry.npmjs.org/@babel/plugin-transform-function-name/-/plugin-transform-function-name-7.27.1.tgz. Extracting by manifest.
2356 silly tarball no local data for @babel/plugin-transform-export-namespace-from@https://registry.npmjs.org/@babel/plugin-transform-export-namespace-from/-/plugin-transform-export-namespace-from-7.27.1.tgz. Extracting by manifest.
2357 silly tarball no local data for @babel/plugin-transform-destructuring@https://registry.npmjs.org/@babel/plugin-transform-destructuring/-/plugin-transform-destructuring-7.28.5.tgz. Extracting by manifest.
2358 silly tarball no local data for @babel/plugin-transform-computed-properties@https://registry.npmjs.org/@babel/plugin-transform-computed-properties/-/plugin-transform-computed-properties-7.28.6.tgz. Extracting by manifest.
2359 silly tarball no local data for @babel/plugin-transform-classes@https://registry.npmjs.org/@babel/plugin-transform-classes/-/plugin-transform-classes-7.28.6.tgz. Extracting by manifest.
2360 silly tarball no local data for @babel/plugin-transform-class-static-block@https://registry.npmjs.org/@babel/plugin-transform-class-static-block/-/plugin-transform-class-static-block-7.28.6.tgz. Extracting by manifest.
2361 silly tarball no local data for @babel/plugin-transform-block-scoping@https://registry.npmjs.org/@babel/plugin-transform-block-scoping/-/plugin-transform-block-scoping-7.28.6.tgz. Extracting by manifest.
2362 silly tarball no local data for @babel/plugin-transform-class-properties@https://registry.npmjs.org/@babel/plugin-transform-class-properties/-/plugin-transform-class-properties-7.28.6.tgz. Extracting by manifest.
2363 silly tarball no local data for @babel/plugin-transform-async-to-generator@https://registry.npmjs.org/@babel/plugin-transform-async-to-generator/-/plugin-transform-async-to-generator-7.28.6.tgz. Extracting by manifest.
2364 silly tarball no local data for @babel/plugin-transform-async-generator-functions@https://registry.npmjs.org/@babel/plugin-transform-async-generator-functions/-/plugin-transform-async-generator-functions-7.29.0.tgz. Extracting by manifest.
2365 silly tarball no local data for @babel/plugin-syntax-typescript@https://registry.npmjs.org/@babel/plugin-syntax-typescript/-/plugin-syntax-typescript-7.28.6.tgz. Extracting by manifest.
2366 silly tarball no local data for @babel/plugin-transform-arrow-functions@https://registry.npmjs.org/@babel/plugin-transform-arrow-functions/-/plugin-transform-arrow-functions-7.27.1.tgz. Extracting by manifest.
2367 silly tarball no local data for @babel/plugin-syntax-optional-chaining@https://registry.npmjs.org/@babel/plugin-syntax-optional-chaining/-/plugin-syntax-optional-chaining-7.8.3.tgz. Extracting by manifest.
2368 silly tarball no local data for @babel/plugin-syntax-top-level-await@https://registry.npmjs.org/@babel/plugin-syntax-top-level-await/-/plugin-syntax-top-level-await-7.14.5.tgz. Extracting by manifest.
2369 silly tarball no local data for @babel/plugin-syntax-private-property-in-object@https://registry.npmjs.org/@babel/plugin-syntax-private-property-in-object/-/plugin-syntax-private-property-in-object-7.14.5.tgz. Extracting by manifest.
2370 silly tarball no local data for @babel/plugin-syntax-optional-catch-binding@https://registry.npmjs.org/@babel/plugin-syntax-optional-catch-binding/-/plugin-syntax-optional-catch-binding-7.8.3.tgz. Extracting by manifest.
2371 silly tarball no local data for @babel/plugin-syntax-numeric-separator@https://registry.npmjs.org/@babel/plugin-syntax-numeric-separator/-/plugin-syntax-numeric-separator-7.10.4.tgz. Extracting by manifest.
2372 silly tarball no local data for @babel/plugin-syntax-object-rest-spread@https://registry.npmjs.org/@babel/plugin-syntax-object-rest-spread/-/plugin-syntax-object-rest-spread-7.8.3.tgz. Extracting by manifest.
2373 silly tarball no local data for @babel/plugin-syntax-nullish-coalescing-operator@https://registry.npmjs.org/@babel/plugin-syntax-nullish-coalescing-operator/-/plugin-syntax-nullish-coalescing-operator-7.8.3.tgz. Extracting by manifest.
2374 silly tarball no local data for @babel/plugin-syntax-logical-assignment-operators@https://registry.npmjs.org/@babel/plugin-syntax-logical-assignment-operators/-/plugin-syntax-logical-assignment-operators-7.10.4.tgz. Extracting by manifest.
2375 silly tarball no local data for @babel/plugin-syntax-jsx@https://registry.npmjs.org/@babel/plugin-syntax-jsx/-/plugin-syntax-jsx-7.28.6.tgz. Extracting by manifest.
2376 silly tarball no local data for @babel/plugin-syntax-json-strings@https://registry.npmjs.org/@babel/plugin-syntax-json-strings/-/plugin-syntax-json-strings-7.8.3.tgz. Extracting by manifest.
2377 silly tarball no local data for @babel/plugin-syntax-import-meta@https://registry.npmjs.org/@babel/plugin-syntax-import-meta/-/plugin-syntax-import-meta-7.10.4.tgz. Extracting by manifest.
2378 silly tarball no local data for @babel/plugin-syntax-import-attributes@https://registry.npmjs.org/@babel/plugin-syntax-import-attributes/-/plugin-syntax-import-attributes-7.28.6.tgz. Extracting by manifest.
2379 silly tarball no local data for @babel/plugin-syntax-flow@https://registry.npmjs.org/@babel/plugin-syntax-flow/-/plugin-syntax-flow-7.28.6.tgz. Extracting by manifest.
2380 silly tarball no local data for @babel/plugin-syntax-dynamic-import@https://registry.npmjs.org/@babel/plugin-syntax-dynamic-import/-/plugin-syntax-dynamic-import-7.8.3.tgz. Extracting by manifest.
2381 silly tarball no local data for @babel/plugin-syntax-export-default-from@https://registry.npmjs.org/@babel/plugin-syntax-export-default-from/-/plugin-syntax-export-default-from-7.28.6.tgz. Extracting by manifest.
2382 silly tarball no local data for @babel/plugin-syntax-decorators@https://registry.npmjs.org/@babel/plugin-syntax-decorators/-/plugin-syntax-decorators-7.28.6.tgz. Extracting by manifest.
2383 silly tarball no local data for @babel/plugin-syntax-class-properties@https://registry.npmjs.org/@babel/plugin-syntax-class-properties/-/plugin-syntax-class-properties-7.12.13.tgz. Extracting by manifest.
2384 silly tarball no local data for @babel/plugin-syntax-class-static-block@https://registry.npmjs.org/@babel/plugin-syntax-class-static-block/-/plugin-syntax-class-static-block-7.14.5.tgz. Extracting by manifest.
2385 silly tarball no local data for @babel/plugin-syntax-bigint@https://registry.npmjs.org/@babel/plugin-syntax-bigint/-/plugin-syntax-bigint-7.8.3.tgz. Extracting by manifest.
2386 silly tarball no local data for @babel/runtime@https://registry.npmjs.org/@babel/runtime/-/runtime-7.29.2.tgz. Extracting by manifest.
2387 silly tarball no local data for @babel/plugin-proposal-export-default-from@https://registry.npmjs.org/@babel/plugin-proposal-export-default-from/-/plugin-proposal-export-default-from-7.27.1.tgz. Extracting by manifest.
2388 silly tarball no local data for @babel/plugin-proposal-decorators@https://registry.npmjs.org/@babel/plugin-proposal-decorators/-/plugin-proposal-decorators-7.29.0.tgz. Extracting by manifest.
2389 silly tarball no local data for @babel/parser@https://registry.npmjs.org/@babel/parser/-/parser-7.29.2.tgz. Extracting by manifest.
2390 silly tarball no local data for @babel/helper-wrap-function@https://registry.npmjs.org/@babel/helper-wrap-function/-/helper-wrap-function-7.28.6.tgz. Extracting by manifest.
2391 silly tarball no local data for @babel/helpers@https://registry.npmjs.org/@babel/helpers/-/helpers-7.29.2.tgz. Extracting by manifest.
2392 silly tarball no local data for @babel/helper-validator-option@https://registry.npmjs.org/@babel/helper-validator-option/-/helper-validator-option-7.27.1.tgz. Extracting by manifest.
2393 silly tarball no local data for @babel/helper-validator-identifier@https://registry.npmjs.org/@babel/helper-validator-identifier/-/helper-validator-identifier-7.28.5.tgz. Extracting by manifest.
2394 silly tarball no local data for @babel/helper-skip-transparent-expression-wrappers@https://registry.npmjs.org/@babel/helper-skip-transparent-expression-wrappers/-/helper-skip-transparent-expression-wrappers-7.27.1.tgz. Extracting by manifest.
2395 silly tarball no local data for @babel/helper-string-parser@https://registry.npmjs.org/@babel/helper-string-parser/-/helper-string-parser-7.27.1.tgz. Extracting by manifest.
2396 silly tarball no local data for @babel/helper-replace-supers@https://registry.npmjs.org/@babel/helper-replace-supers/-/helper-replace-supers-7.28.6.tgz. Extracting by manifest.
2397 silly tarball no local data for @babel/helper-remap-async-to-generator@https://registry.npmjs.org/@babel/helper-remap-async-to-generator/-/helper-remap-async-to-generator-7.27.1.tgz. Extracting by manifest.
2398 silly tarball no local data for @babel/helper-plugin-utils@https://registry.npmjs.org/@babel/helper-plugin-utils/-/helper-plugin-utils-7.28.6.tgz. Extracting by manifest.
2399 silly tarball no local data for @babel/helper-optimise-call-expression@https://registry.npmjs.org/@babel/helper-optimise-call-expression/-/helper-optimise-call-expression-7.27.1.tgz. Extracting by manifest.
2400 silly tarball no local data for @babel/helper-module-transforms@https://registry.npmjs.org/@babel/helper-module-transforms/-/helper-module-transforms-7.28.6.tgz. Extracting by manifest.
2401 silly tarball no local data for @babel/helper-module-imports@https://registry.npmjs.org/@babel/helper-module-imports/-/helper-module-imports-7.28.6.tgz. Extracting by manifest.
2402 silly tarball no local data for @babel/helper-member-expression-to-functions@https://registry.npmjs.org/@babel/helper-member-expression-to-functions/-/helper-member-expression-to-functions-7.28.5.tgz. Extracting by manifest.
2403 silly tarball no local data for @babel/helper-globals@https://registry.npmjs.org/@babel/helper-globals/-/helper-globals-7.28.0.tgz. Extracting by manifest.
2404 silly tarball no local data for @babel/helper-create-regexp-features-plugin@https://registry.npmjs.org/@babel/helper-create-regexp-features-plugin/-/helper-create-regexp-features-plugin-7.28.5.tgz. Extracting by manifest.
2405 silly tarball no local data for @babel/preset-typescript@https://registry.npmjs.org/@babel/preset-typescript/-/preset-typescript-7.28.5.tgz. Extracting by manifest.
2406 silly tarball no local data for @babel/helper-compilation-targets@https://registry.npmjs.org/@babel/helper-compilation-targets/-/helper-compilation-targets-7.28.6.tgz. Extracting by manifest.
2407 silly tarball no local data for @babel/helper-create-class-features-plugin@https://registry.npmjs.org/@babel/helper-create-class-features-plugin/-/helper-create-class-features-plugin-7.28.6.tgz. Extracting by manifest.
2408 silly tarball no local data for @babel/helper-annotate-as-pure@https://registry.npmjs.org/@babel/helper-annotate-as-pure/-/helper-annotate-as-pure-7.27.3.tgz. Extracting by manifest.
2409 silly tarball no local data for @babel/generator@https://registry.npmjs.org/@babel/generator/-/generator-7.29.1.tgz. Extracting by manifest.
2410 silly tarball no local data for @babel/core@https://registry.npmjs.org/@babel/core/-/core-7.29.0.tgz. Extracting by manifest.
2411 silly tarball no local data for @babel/compat-data@https://registry.npmjs.org/@babel/compat-data/-/compat-data-7.29.0.tgz. Extracting by manifest.
2412 silly tarball no local data for @babel/code-frame@https://registry.npmjs.org/@babel/code-frame/-/code-frame-7.29.0.tgz. Extracting by manifest.
2413 silly tarball no local data for @axe-core/playwright@https://registry.npmjs.org/@axe-core/playwright/-/playwright-4.11.2.tgz. Extracting by manifest.
2414 silly tarball no local data for @babel/plugin-transform-unicode-regex@https://registry.npmjs.org/@babel/plugin-transform-unicode-regex/-/plugin-transform-unicode-regex-7.27.1.tgz. Extracting by manifest.
2415 silly tarball no local data for type-fest@https://registry.npmjs.org/type-fest/-/type-fest-5.5.0.tgz. Extracting by manifest.
2416 silly tarball no local data for string-width@https://registry.npmjs.org/string-width/-/string-width-4.2.3.tgz. Extracting by manifest.
2417 silly tarball no local data for @babel/plugin-syntax-async-generators@https://registry.npmjs.org/@babel/plugin-syntax-async-generators/-/plugin-syntax-async-generators-7.8.4.tgz. Extracting by manifest.
2418 silly tarball no local data for string-width@https://registry.npmjs.org/string-width/-/string-width-4.2.3.tgz. Extracting by manifest.
2419 silly tarball no local data for is-fullwidth-code-point@https://registry.npmjs.org/is-fullwidth-code-point/-/is-fullwidth-code-point-3.0.0.tgz. Extracting by manifest.
2420 silly tarball no local data for @babel/helper-define-polyfill-provider@https://registry.npmjs.org/@babel/helper-define-polyfill-provider/-/helper-define-polyfill-provider-0.6.8.tgz. Extracting by manifest.
2421 silly tarball no local data for string-width@https://registry.npmjs.org/string-width/-/string-width-5.1.2.tgz. Extracting by manifest.
2422 silly tarball no local data for xmlbuilder@https://registry.npmjs.org/xmlbuilder/-/xmlbuilder-11.0.1.tgz. Extracting by manifest.
2423 silly tarball no local data for is-fullwidth-code-point@https://registry.npmjs.org/is-fullwidth-code-point/-/is-fullwidth-code-point-3.0.0.tgz. Extracting by manifest.
2424 silly tarball no local data for @esbuild/linux-arm64@https://registry.npmjs.org/@esbuild/linux-arm64/-/linux-arm64-0.27.7.tgz. Extracting by manifest.
2425 silly tarball no local data for strip-ansi@https://registry.npmjs.org/strip-ansi/-/strip-ansi-7.2.0.tgz. Extracting by manifest.
2426 silly tarball no local data for esbuild@https://registry.npmjs.org/esbuild/-/esbuild-0.27.7.tgz. Extracting by manifest.
2427 silly tarball no local data for minimatch@https://registry.npmjs.org/minimatch/-/minimatch-3.1.5.tgz. Extracting by manifest.
2428 silly tarball no local data for type-fest@https://registry.npmjs.org/type-fest/-/type-fest-4.41.0.tgz. Extracting by manifest.
2429 silly tarball no local data for emoji-regex@https://registry.npmjs.org/emoji-regex/-/emoji-regex-9.2.2.tgz. Extracting by manifest.
2430 silly tarball no local data for glob@https://registry.npmjs.org/glob/-/glob-7.2.3.tgz. Extracting by manifest.
2431 silly tarball no local data for ansi-regex@https://registry.npmjs.org/ansi-regex/-/ansi-regex-6.2.2.tgz. Extracting by manifest.
2432 silly tarball no local data for balanced-match@https://registry.npmjs.org/balanced-match/-/balanced-match-1.0.2.tgz. Extracting by manifest.
2433 silly tarball no local data for ansi-regex@https://registry.npmjs.org/ansi-regex/-/ansi-regex-6.2.2.tgz. Extracting by manifest.
2434 silly tarball no local data for source-map@https://registry.npmjs.org/source-map/-/source-map-0.5.6.tgz. Extracting by manifest.
2435 silly tarball no local data for strip-ansi@https://registry.npmjs.org/strip-ansi/-/strip-ansi-7.2.0.tgz. Extracting by manifest.
2436 silly tarball no local data for brace-expansion@https://registry.npmjs.org/brace-expansion/-/brace-expansion-1.1.14.tgz. Extracting by manifest.
2437 silly tarball no local data for type-fest@https://registry.npmjs.org/type-fest/-/type-fest-0.7.1.tgz. Extracting by manifest.
2438 silly tarball no local data for commander@https://registry.npmjs.org/commander/-/commander-2.20.3.tgz. Extracting by manifest.
2439 silly tarball no local data for escape-string-regexp@https://registry.npmjs.org/escape-string-regexp/-/escape-string-regexp-2.0.0.tgz. Extracting by manifest.
2440 silly tarball no local data for is-arrayish@https://registry.npmjs.org/is-arrayish/-/is-arrayish-0.3.4.tgz. Extracting by manifest.
2441 silly tarball no local data for bplist-parser@https://registry.npmjs.org/bplist-parser/-/bplist-parser-0.3.1.tgz. Extracting by manifest.
2442 silly tarball no local data for ansi-styles@https://registry.npmjs.org/ansi-styles/-/ansi-styles-6.2.3.tgz. Extracting by manifest.
2443 silly tarball no local data for range-parser@https://registry.npmjs.org/range-parser/-/range-parser-1.2.0.tgz. Extracting by manifest.
2444 silly tarball no local data for minimatch@https://registry.npmjs.org/minimatch/-/minimatch-3.1.5.tgz. Extracting by manifest.
2445 silly tarball no local data for brace-expansion@https://registry.npmjs.org/brace-expansion/-/brace-expansion-1.1.16.tgz. Extracting by manifest.
2446 silly tarball no local data for encodeurl@https://registry.npmjs.org/encodeurl/-/encodeurl-2.0.0.tgz. Extracting by manifest.
2447 silly tarball no local data for mime-types@https://registry.npmjs.org/mime-types/-/mime-types-2.1.18.tgz. Extracting by manifest.
2448 silly tarball no local data for json-schema-traverse@https://registry.npmjs.org/json-schema-traverse/-/json-schema-traverse-1.0.0.tgz. Extracting by manifest.
2449 silly tarball no local data for balanced-match@https://registry.npmjs.org/balanced-match/-/balanced-match-1.0.2.tgz. Extracting by manifest.
2450 silly tarball no local data for ajv@https://registry.npmjs.org/ajv/-/ajv-8.18.0.tgz. Extracting by manifest.
2451 silly tarball no local data for statuses@https://registry.npmjs.org/statuses/-/statuses-2.0.2.tgz. Extracting by manifest.
2452 silly tarball no local data for bytes@https://registry.npmjs.org/bytes/-/bytes-3.0.0.tgz. Extracting by manifest.
2453 silly tarball no local data for chalk@https://registry.npmjs.org/chalk/-/chalk-5.0.1.tgz. Extracting by manifest.
2454 silly tarball no local data for mime-db@https://registry.npmjs.org/mime-db/-/mime-db-1.33.0.tgz. Extracting by manifest.
2455 silly tarball no local data for encodeurl@https://registry.npmjs.org/encodeurl/-/encodeurl-2.0.0.tgz. Extracting by manifest.
2456 silly tarball no local data for ms@https://registry.npmjs.org/ms/-/ms-2.0.0.tgz. Extracting by manifest.
2457 silly tarball no local data for debug@https://registry.npmjs.org/debug/-/debug-2.6.9.tgz. Extracting by manifest.
2458 silly tarball no local data for minimatch@https://registry.npmjs.org/minimatch/-/minimatch-3.1.5.tgz. Extracting by manifest.
2459 silly tarball no local data for balanced-match@https://registry.npmjs.org/balanced-match/-/balanced-match-1.0.2.tgz. Extracting by manifest.
2460 silly tarball no local data for on-finished@https://registry.npmjs.org/on-finished/-/on-finished-2.4.1.tgz. Extracting by manifest.
2461 silly tarball no local data for onetime@https://registry.npmjs.org/onetime/-/onetime-7.0.0.tgz. Extracting by manifest.
2462 silly tarball no local data for brace-expansion@https://registry.npmjs.org/brace-expansion/-/brace-expansion-1.1.14.tgz. Extracting by manifest.
2463 silly tarball no local data for memoize-one@https://registry.npmjs.org/memoize-one/-/memoize-one-6.0.0.tgz. Extracting by manifest.
2464 silly tarball no local data for @react-native/normalize-colors@https://registry.npmjs.org/@react-native/normalize-colors/-/normalize-colors-0.74.89.tgz. Extracting by manifest.
2465 silly tarball no local data for signal-exit@https://registry.npmjs.org/signal-exit/-/signal-exit-4.1.0.tgz. Extracting by manifest.
2466 silly tarball no local data for scheduler@https://registry.npmjs.org/scheduler/-/scheduler-0.25.0.tgz. Extracting by manifest.
2467 silly tarball no local data for glob@https://registry.npmjs.org/glob/-/glob-7.2.3.tgz. Extracting by manifest.
2468 silly tarball no local data for glob@https://registry.npmjs.org/glob/-/glob-7.2.3.tgz. Extracting by manifest.
2469 silly tarball no local data for ws@https://registry.npmjs.org/ws/-/ws-7.5.10.tgz. Extracting by manifest.
2470 silly tarball no local data for commander@https://registry.npmjs.org/commander/-/commander-12.1.0.tgz. Extracting by manifest.
2471 silly tarball no local data for hermes-parser@https://registry.npmjs.org/hermes-parser/-/hermes-parser-0.32.0.tgz. Extracting by manifest.
2472 silly tarball no local data for babel-plugin-syntax-hermes-parser@https://registry.npmjs.org/babel-plugin-syntax-hermes-parser/-/babel-plugin-syntax-hermes-parser-0.32.0.tgz. Extracting by manifest.
2473 silly tarball no local data for strip-json-comments@https://registry.npmjs.org/strip-json-comments/-/strip-json-comments-2.0.1.tgz. Extracting by manifest.
2474 silly tarball no local data for minimatch@https://registry.npmjs.org/minimatch/-/minimatch-3.1.5.tgz. Extracting by manifest.
2475 silly tarball no local data for hermes-estree@https://registry.npmjs.org/hermes-estree/-/hermes-estree-0.32.0.tgz. Extracting by manifest.
2476 silly tarball no local data for react-is@https://registry.npmjs.org/react-is/-/react-is-16.13.1.tgz. Extracting by manifest.
2477 silly tarball no local data for ws@https://registry.npmjs.org/ws/-/ws-7.5.10.tgz. Extracting by manifest.
2478 silly tarball no local data for brace-expansion@https://registry.npmjs.org/brace-expansion/-/brace-expansion-1.1.14.tgz. Extracting by manifest.
2479 silly tarball no local data for react-is@https://registry.npmjs.org/react-is/-/react-is-18.3.1.tgz. Extracting by manifest.
2480 silly tarball no local data for p-locate@https://registry.npmjs.org/p-locate/-/p-locate-4.1.0.tgz. Extracting by manifest.
2481 silly tarball no local data for balanced-match@https://registry.npmjs.org/balanced-match/-/balanced-match-1.0.2.tgz. Extracting by manifest.
2482 silly tarball no local data for ansi-styles@https://registry.npmjs.org/ansi-styles/-/ansi-styles-5.2.0.tgz. Extracting by manifest.
2483 silly tarball no local data for slash@https://registry.npmjs.org/slash/-/slash-2.0.0.tgz. Extracting by manifest.
2484 silly tarball no local data for p-limit@https://registry.npmjs.org/p-limit/-/p-limit-2.3.0.tgz. Extracting by manifest.
2485 silly tarball no local data for lru-cache@https://registry.npmjs.org/lru-cache/-/lru-cache-11.3.5.tgz. Extracting by manifest.
2486 silly tarball no local data for find-up@https://registry.npmjs.org/find-up/-/find-up-4.1.0.tgz. Extracting by manifest.
2487 silly tarball no local data for supports-color@https://registry.npmjs.org/supports-color/-/supports-color-5.5.0.tgz. Extracting by manifest.
2488 silly tarball no local data for strip-ansi@https://registry.npmjs.org/strip-ansi/-/strip-ansi-5.2.0.tgz. Extracting by manifest.
2489 silly tarball no local data for locate-path@https://registry.npmjs.org/locate-path/-/locate-path-5.0.0.tgz. Extracting by manifest.
2490 silly tarball no local data for color-name@https://registry.npmjs.org/color-name/-/color-name-1.1.3.tgz. Extracting by manifest.
2491 silly tarball no local data for color-convert@https://registry.npmjs.org/color-convert/-/color-convert-1.9.3.tgz. Extracting by manifest.
2492 silly tarball no local data for cli-cursor@https://registry.npmjs.org/cli-cursor/-/cli-cursor-2.1.0.tgz. Extracting by manifest.
2493 silly tarball no local data for chalk@https://registry.npmjs.org/chalk/-/chalk-2.4.2.tgz. Extracting by manifest.
2494 silly tarball no local data for escape-string-regexp@https://registry.npmjs.org/escape-string-regexp/-/escape-string-regexp-1.0.5.tgz. Extracting by manifest.
2495 silly tarball no local data for onetime@https://registry.npmjs.org/onetime/-/onetime-2.0.1.tgz. Extracting by manifest.
2496 silly tarball no local data for ansi-regex@https://registry.npmjs.org/ansi-regex/-/ansi-regex-4.1.1.tgz. Extracting by manifest.
2497 silly tarball no local data for has-flag@https://registry.npmjs.org/has-flag/-/has-flag-3.0.0.tgz. Extracting by manifest.
2498 silly tarball no local data for whatwg-url@https://registry.npmjs.org/whatwg-url/-/whatwg-url-5.0.0.tgz. Extracting by manifest.
2499 silly tarball no local data for mimic-fn@https://registry.npmjs.org/mimic-fn/-/mimic-fn-1.2.0.tgz. Extracting by manifest.
2500 silly tarball no local data for ansi-styles@https://registry.npmjs.org/ansi-styles/-/ansi-styles-3.2.1.tgz. Extracting by manifest.
2501 silly tarball no local data for webidl-conversions@https://registry.npmjs.org/webidl-conversions/-/webidl-conversions-3.0.1.tgz. Extracting by manifest.
2502 silly tarball no local data for mime-db@https://registry.npmjs.org/mime-db/-/mime-db-1.52.0.tgz. Extracting by manifest.
2503 silly tarball no local data for semver@https://registry.npmjs.org/semver/-/semver-6.3.1.tgz. Extracting by manifest.
2504 silly tarball no local data for restore-cursor@https://registry.npmjs.org/restore-cursor/-/restore-cursor-2.0.0.tgz. Extracting by manifest.
2505 silly tarball no local data for tr46@https://registry.npmjs.org/tr46/-/tr46-0.0.3.tgz. Extracting by manifest.
2506 silly tarball no local data for source-map@https://registry.npmjs.org/source-map/-/source-map-0.5.7.tgz. Extracting by manifest.
2507 silly tarball no local data for picomatch@https://registry.npmjs.org/picomatch/-/picomatch-2.3.2.tgz. Extracting by manifest.
2508 silly tarball no local data for source-map@https://registry.npmjs.org/source-map/-/source-map-0.5.7.tgz. Extracting by manifest.
2509 silly tarball no local data for https-proxy-agent@https://registry.npmjs.org/https-proxy-agent/-/https-proxy-agent-7.0.6.tgz. Extracting by manifest.
2510 silly tarball no local data for hermes-parser@https://registry.npmjs.org/hermes-parser/-/hermes-parser-0.33.3.tgz. Extracting by manifest.
2511 silly tarball no local data for ws@https://registry.npmjs.org/ws/-/ws-7.5.10.tgz. Extracting by manifest.
2512 silly tarball no local data for agent-base@https://registry.npmjs.org/agent-base/-/agent-base-7.1.4.tgz. Extracting by manifest.
2513 silly tarball no local data for mime-types@https://registry.npmjs.org/mime-types/-/mime-types-3.0.2.tgz. Extracting by manifest.
2514 silly tarball no local data for hermes-estree@https://registry.npmjs.org/hermes-estree/-/hermes-estree-0.33.3.tgz. Extracting by manifest.
2515 silly tarball no local data for ci-info@https://registry.npmjs.org/ci-info/-/ci-info-2.0.0.tgz. Extracting by manifest.
2516 silly tarball no local data for source-map@https://registry.npmjs.org/source-map/-/source-map-0.5.7.tgz. Extracting by manifest.
2517 silly tarball no local data for wrap-ansi@https://registry.npmjs.org/wrap-ansi/-/wrap-ansi-9.0.2.tgz. Extracting by manifest.
2518 silly tarball no local data for hermes-estree@https://registry.npmjs.org/hermes-estree/-/hermes-estree-0.33.3.tgz. Extracting by manifest.
2519 silly tarball no local data for negotiator@https://registry.npmjs.org/negotiator/-/negotiator-1.0.0.tgz. Extracting by manifest.
2520 silly tarball no local data for strip-ansi@https://registry.npmjs.org/strip-ansi/-/strip-ansi-7.2.0.tgz. Extracting by manifest.
2521 silly tarball no local data for hermes-parser@https://registry.npmjs.org/hermes-parser/-/hermes-parser-0.33.3.tgz. Extracting by manifest.
2522 silly tarball no local data for accepts@https://registry.npmjs.org/accepts/-/accepts-2.0.0.tgz. Extracting by manifest.
2523 silly tarball no local data for ansi-regex@https://registry.npmjs.org/ansi-regex/-/ansi-regex-6.2.2.tgz. Extracting by manifest.
2524 silly tarball no local data for ansi-styles@https://registry.npmjs.org/ansi-styles/-/ansi-styles-6.2.3.tgz. Extracting by manifest.
2525 silly tarball no local data for slice-ansi@https://registry.npmjs.org/slice-ansi/-/slice-ansi-7.1.2.tgz. Extracting by manifest.
2526 silly tarball no local data for supports-color@https://registry.npmjs.org/supports-color/-/supports-color-5.5.0.tgz. Extracting by manifest.
2527 silly tarball no local data for emoji-regex@https://registry.npmjs.org/emoji-regex/-/emoji-regex-10.6.0.tgz. Extracting by manifest.
2528 silly tarball no local data for has-flag@https://registry.npmjs.org/has-flag/-/has-flag-3.0.0.tgz. Extracting by manifest.
2529 silly tarball no local data for ansi-escapes@https://registry.npmjs.org/ansi-escapes/-/ansi-escapes-7.3.0.tgz. Extracting by manifest.
2530 silly tarball no local data for color-convert@https://registry.npmjs.org/color-convert/-/color-convert-1.9.3.tgz. Extracting by manifest.
2531 silly tarball no local data for string-width@https://registry.npmjs.org/string-width/-/string-width-7.2.0.tgz. Extracting by manifest.
2532 silly tarball no local data for ansi-styles@https://registry.npmjs.org/ansi-styles/-/ansi-styles-3.2.1.tgz. Extracting by manifest.
2533 silly tarball no local data for string-width@https://registry.npmjs.org/string-width/-/string-width-7.2.0.tgz. Extracting by manifest.
2534 silly tarball no local data for escape-string-regexp@https://registry.npmjs.org/escape-string-regexp/-/escape-string-regexp-1.0.5.tgz. Extracting by manifest.
2535 silly tarball no local data for wrap-ansi@https://registry.npmjs.org/wrap-ansi/-/wrap-ansi-9.0.2.tgz. Extracting by manifest.
2536 silly tarball no local data for chalk@https://registry.npmjs.org/chalk/-/chalk-2.4.2.tgz. Extracting by manifest.
2537 silly tarball no local data for ansi-regex@https://registry.npmjs.org/ansi-regex/-/ansi-regex-6.2.2.tgz. Extracting by manifest.
2538 silly tarball no local data for color-name@https://registry.npmjs.org/color-name/-/color-name-1.1.3.tgz. Extracting by manifest.
2539 silly tarball no local data for emoji-regex@https://registry.npmjs.org/emoji-regex/-/emoji-regex-10.6.0.tgz. Extracting by manifest.
2540 silly tarball no local data for ms@https://registry.npmjs.org/ms/-/ms-2.0.0.tgz. Extracting by manifest.
2541 silly tarball no local data for commander@https://registry.npmjs.org/commander/-/commander-14.0.3.tgz. Extracting by manifest.
2542 silly tarball no local data for ansi-styles@https://registry.npmjs.org/ansi-styles/-/ansi-styles-6.2.3.tgz. Extracting by manifest.
2543 silly tarball no local data for debug@https://registry.npmjs.org/debug/-/debug-2.6.9.tgz. Extracting by manifest.
2544 silly tarball no local data for universalify@https://registry.npmjs.org/universalify/-/universalify-2.0.1.tgz. Extracting by manifest.
2545 silly tarball no local data for strip-ansi@https://registry.npmjs.org/strip-ansi/-/strip-ansi-7.2.0.tgz. Extracting by manifest.
2546 silly tarball no local data for supports-color@https://registry.npmjs.org/supports-color/-/supports-color-8.1.1.tgz. Extracting by manifest.
2547 silly tarball no local data for strip-ansi@https://registry.npmjs.org/strip-ansi/-/strip-ansi-7.2.0.tgz. Extracting by manifest.
2548 silly tarball no local data for string-length@https://registry.npmjs.org/string-length/-/string-length-5.0.1.tgz. Extracting by manifest.
2549 silly tarball no local data for char-regex@https://registry.npmjs.org/char-regex/-/char-regex-2.0.2.tgz. Extracting by manifest.
2550 silly tarball no local data for picomatch@https://registry.npmjs.org/picomatch/-/picomatch-2.3.2.tgz. Extracting by manifest.
2551 silly tarball no local data for chalk@https://registry.npmjs.org/chalk/-/chalk-3.0.0.tgz. Extracting by manifest.
2552 silly tarball no local data for ansi-escapes@https://registry.npmjs.org/ansi-escapes/-/ansi-escapes-6.2.1.tgz. Extracting by manifest.
2553 silly tarball no local data for slash@https://registry.npmjs.org/slash/-/slash-5.1.0.tgz. Extracting by manifest.
2554 silly tarball no local data for camelcase@https://registry.npmjs.org/camelcase/-/camelcase-6.3.0.tgz. Extracting by manifest.
2555 silly tarball no local data for ansi-regex@https://registry.npmjs.org/ansi-regex/-/ansi-regex-6.2.2.tgz. Extracting by manifest.
2556 silly tarball no local data for minimatch@https://registry.npmjs.org/minimatch/-/minimatch-3.1.5.tgz. Extracting by manifest.
2557 silly tarball no local data for glob@https://registry.npmjs.org/glob/-/glob-7.2.3.tgz. Extracting by manifest.
2558 silly tarball no local data for resolve@https://registry.npmjs.org/resolve/-/resolve-1.22.12.tgz. Extracting by manifest.
2559 silly tarball no local data for balanced-match@https://registry.npmjs.org/balanced-match/-/balanced-match-1.0.2.tgz. Extracting by manifest.
2560 silly tarball no local data for minimatch@https://registry.npmjs.org/minimatch/-/minimatch-3.1.5.tgz. Extracting by manifest.
2561 silly tarball no local data for source-map-support@https://registry.npmjs.org/source-map-support/-/source-map-support-0.5.13.tgz. Extracting by manifest.
2562 silly tarball no local data for brace-expansion@https://registry.npmjs.org/brace-expansion/-/brace-expansion-1.1.14.tgz. Extracting by manifest.
2563 silly tarball no local data for glob@https://registry.npmjs.org/glob/-/glob-7.2.3.tgz. Extracting by manifest.
2564 silly tarball no local data for resolve-from@https://registry.npmjs.org/resolve-from/-/resolve-from-4.0.0.tgz. Extracting by manifest.
2565 silly tarball no local data for statuses@https://registry.npmjs.org/statuses/-/statuses-2.0.2.tgz. Extracting by manifest.
2566 silly tarball no local data for lru-cache@https://registry.npmjs.org/lru-cache/-/lru-cache-10.4.3.tgz. Extracting by manifest.
2567 silly tarball no local data for brace-expansion@https://registry.npmjs.org/brace-expansion/-/brace-expansion-1.1.14.tgz. Extracting by manifest.
2568 silly tarball no local data for balanced-match@https://registry.npmjs.org/balanced-match/-/balanced-match-1.0.2.tgz. Extracting by manifest.
2569 silly tarball no local data for ms@https://registry.npmjs.org/ms/-/ms-2.0.0.tgz. Extracting by manifest.
2570 silly tarball no local data for react-is@https://registry.npmjs.org/react-is/-/react-is-16.13.1.tgz. Extracting by manifest.
2571 silly tarball no local data for universalify@https://registry.npmjs.org/universalify/-/universalify-2.0.1.tgz. Extracting by manifest.
2572 silly tarball no local data for promise@https://registry.npmjs.org/promise/-/promise-7.3.1.tgz. Extracting by manifest.
2573 silly tarball no local data for @react-native/normalize-colors@https://registry.npmjs.org/@react-native/normalize-colors/-/normalize-colors-0.83.6.tgz. Extracting by manifest.
2574 silly tarball no local data for debug@https://registry.npmjs.org/debug/-/debug-2.6.9.tgz. Extracting by manifest.
2575 silly tarball no local data for semver@https://registry.npmjs.org/semver/-/semver-7.6.3.tgz. Extracting by manifest.
2576 silly tarball no local data for ua-parser-js@https://registry.npmjs.org/ua-parser-js/-/ua-parser-js-0.7.41.tgz. Extracting by manifest.
2577 silly tarball no local data for doctrine@https://registry.npmjs.org/doctrine/-/doctrine-2.1.0.tgz. Extracting by manifest.
2578 silly tarball no local data for semver@https://registry.npmjs.org/semver/-/semver-6.3.1.tgz. Extracting by manifest.
2579 silly tarball no local data for minimatch@https://registry.npmjs.org/minimatch/-/minimatch-3.1.5.tgz. Extracting by manifest.
2580 silly tarball no local data for ignore@https://registry.npmjs.org/ignore/-/ignore-5.3.2.tgz. Extracting by manifest.
2581 silly tarball no local data for brace-expansion@https://registry.npmjs.org/brace-expansion/-/brace-expansion-1.1.14.tgz. Extracting by manifest.
2582 silly tarball no local data for balanced-match@https://registry.npmjs.org/balanced-match/-/balanced-match-1.0.2.tgz. Extracting by manifest.
2583 silly tarball no local data for brace-expansion@https://registry.npmjs.org/brace-expansion/-/brace-expansion-1.1.14.tgz. Extracting by manifest.
2584 silly tarball no local data for entities@https://registry.npmjs.org/entities/-/entities-4.5.0.tgz. Extracting by manifest.
2585 silly tarball no local data for minimatch@https://registry.npmjs.org/minimatch/-/minimatch-3.1.5.tgz. Extracting by manifest.
2586 silly tarball no local data for cssom@https://registry.npmjs.org/cssom/-/cssom-0.3.8.tgz. Extracting by manifest.
2587 silly tarball no local data for balanced-match@https://registry.npmjs.org/balanced-match/-/balanced-match-1.0.2.tgz. Extracting by manifest.
2588 silly tarball no local data for ms@https://registry.npmjs.org/ms/-/ms-2.0.0.tgz. Extracting by manifest.
2589 silly tarball no local data for negotiator@https://registry.npmjs.org/negotiator/-/negotiator-0.6.4.tgz. Extracting by manifest.
2590 silly tarball no local data for debug@https://registry.npmjs.org/debug/-/debug-2.6.9.tgz. Extracting by manifest.
2591 silly tarball no local data for is-fullwidth-code-point@https://registry.npmjs.org/is-fullwidth-code-point/-/is-fullwidth-code-point-3.0.0.tgz. Extracting by manifest.
2592 silly tarball no local data for ms@https://registry.npmjs.org/ms/-/ms-2.0.0.tgz. Extracting by manifest.
2593 silly tarball no local data for debug@https://registry.npmjs.org/debug/-/debug-2.6.9.tgz. Extracting by manifest.
2594 silly tarball no local data for string-width@https://registry.npmjs.org/string-width/-/string-width-4.2.3.tgz. Extracting by manifest.
2595 silly tarball no local data for string-width@https://registry.npmjs.org/string-width/-/string-width-5.1.2.tgz. Extracting by manifest.
2596 silly tarball no local data for wrap-ansi@https://registry.npmjs.org/wrap-ansi/-/wrap-ansi-8.1.0.tgz. Extracting by manifest.
2597 silly tarball no local data for chalk@https://registry.npmjs.org/chalk/-/chalk-5.6.2.tgz. Extracting by manifest.
2598 silly tarball no local data for type-fest@https://registry.npmjs.org/type-fest/-/type-fest-2.19.0.tgz. Extracting by manifest.
2599 silly tarball no local data for ansi-regex@https://registry.npmjs.org/ansi-regex/-/ansi-regex-6.2.2.tgz. Extracting by manifest.
2600 silly tarball no local data for strip-ansi@https://registry.npmjs.org/strip-ansi/-/strip-ansi-7.2.0.tgz. Extracting by manifest.
2601 silly tarball no local data for open@https://registry.npmjs.org/open/-/open-8.4.2.tgz. Extracting by manifest.
2602 silly tarball no local data for emoji-regex@https://registry.npmjs.org/emoji-regex/-/emoji-regex-9.2.2.tgz. Extracting by manifest.
2603 silly tarball no local data for hermes-parser@https://registry.npmjs.org/hermes-parser/-/hermes-parser-0.32.1.tgz. Extracting by manifest.
2604 silly tarball no local data for semver@https://registry.npmjs.org/semver/-/semver-6.3.1.tgz. Extracting by manifest.
2605 silly tarball no local data for camelcase@https://registry.npmjs.org/camelcase/-/camelcase-7.0.1.tgz. Extracting by manifest.
2606 silly tarball no local data for ansi-styles@https://registry.npmjs.org/ansi-styles/-/ansi-styles-6.2.3.tgz. Extracting by manifest.
2607 silly tarball no local data for hermes-estree@https://registry.npmjs.org/hermes-estree/-/hermes-estree-0.32.1.tgz. Extracting by manifest.
2608 silly tarball no local data for istanbul-lib-instrument@https://registry.npmjs.org/istanbul-lib-instrument/-/istanbul-lib-instrument-5.2.1.tgz. Extracting by manifest.
2609 silly tarball no local data for picomatch@https://registry.npmjs.org/picomatch/-/picomatch-2.3.2.tgz. Extracting by manifest.
2610 silly tarball no local data for type-fest@https://registry.npmjs.org/type-fest/-/type-fest-0.21.3.tgz. Extracting by manifest.
2611 silly tarball no local data for semver@https://registry.npmjs.org/semver/-/semver-6.3.1.tgz. Extracting by manifest.
2612 silly tarball no local data for string-width@https://registry.npmjs.org/string-width/-/string-width-4.2.3.tgz. Extracting by manifest.
2613 silly tarball no local data for react-is@https://registry.npmjs.org/react-is/-/react-is-18.3.1.tgz. Extracting by manifest.
2614 silly tarball no local data for is-fullwidth-code-point@https://registry.npmjs.org/is-fullwidth-code-point/-/is-fullwidth-code-point-3.0.0.tgz. Extracting by manifest.
2615 silly tarball no local data for jest-matcher-utils@https://registry.npmjs.org/jest-matcher-utils/-/jest-matcher-utils-30.3.0.tgz. Extracting by manifest.
2616 silly tarball no local data for @sinclair/typebox@https://registry.npmjs.org/@sinclair/typebox/-/typebox-0.34.49.tgz. Extracting by manifest.
2617 silly tarball no local data for @jest/schemas@https://registry.npmjs.org/@jest/schemas/-/schemas-30.0.5.tgz. Extracting by manifest.
2618 silly tarball no local data for pretty-format@https://registry.npmjs.org/pretty-format/-/pretty-format-30.3.0.tgz. Extracting by manifest.
2619 silly tarball no local data for eslint-visitor-keys@https://registry.npmjs.org/eslint-visitor-keys/-/eslint-visitor-keys-5.0.1.tgz. Extracting by manifest.
2620 silly tarball no local data for minimatch@https://registry.npmjs.org/minimatch/-/minimatch-3.1.5.tgz. Extracting by manifest.
2621 silly tarball no local data for ws@https://registry.npmjs.org/ws/-/ws-7.5.10.tgz. Extracting by manifest.
2622 silly tarball no local data for hermes-estree@https://registry.npmjs.org/hermes-estree/-/hermes-estree-0.32.0.tgz. Extracting by manifest.
2623 silly tarball no local data for jest-diff@https://registry.npmjs.org/jest-diff/-/jest-diff-30.3.0.tgz. Extracting by manifest.
2624 silly tarball no local data for ansi-styles@https://registry.npmjs.org/ansi-styles/-/ansi-styles-5.2.0.tgz. Extracting by manifest.
2625 silly tarball no local data for hermes-parser@https://registry.npmjs.org/hermes-parser/-/hermes-parser-0.32.0.tgz. Extracting by manifest.
2626 silly tarball no local data for proxy-from-env@https://registry.npmjs.org/proxy-from-env/-/proxy-from-env-1.1.0.tgz. Extracting by manifest.
2627 silly tarball no local data for brace-expansion@https://registry.npmjs.org/brace-expansion/-/brace-expansion-1.1.14.tgz. Extracting by manifest.
2628 silly tarball no local data for hermes-estree@https://registry.npmjs.org/hermes-estree/-/hermes-estree-0.32.0.tgz. Extracting by manifest.
2629 silly tarball no local data for balanced-match@https://registry.npmjs.org/balanced-match/-/balanced-match-1.0.2.tgz. Extracting by manifest.
2630 silly tarball no local data for hermes-parser@https://registry.npmjs.org/hermes-parser/-/hermes-parser-0.32.0.tgz. Extracting by manifest.
2631 silly tarball no local data for glob@https://registry.npmjs.org/glob/-/glob-7.2.3.tgz. Extracting by manifest.
2632 silly tarball no local data for @radix-ui/react-slot@https://registry.npmjs.org/@radix-ui/react-slot/-/react-slot-1.2.3.tgz. Extracting by manifest.
2633 silly tarball no local data for @radix-ui/react-slot@https://registry.npmjs.org/@radix-ui/react-slot/-/react-slot-1.2.3.tgz. Extracting by manifest.
2634 silly tarball no local data for minimatch@https://registry.npmjs.org/minimatch/-/minimatch-3.1.5.tgz. Extracting by manifest.
2635 silly tarball no local data for babel-plugin-syntax-hermes-parser@https://registry.npmjs.org/babel-plugin-syntax-hermes-parser/-/babel-plugin-syntax-hermes-parser-0.32.0.tgz. Extracting by manifest.
2636 silly tarball no local data for @radix-ui/react-slot@https://registry.npmjs.org/@radix-ui/react-slot/-/react-slot-1.2.3.tgz. Extracting by manifest.
2637 silly tarball no local data for js-yaml@https://registry.npmjs.org/js-yaml/-/js-yaml-3.14.2.tgz. Extracting by manifest.
2638 silly tarball no local data for balanced-match@https://registry.npmjs.org/balanced-match/-/balanced-match-1.0.2.tgz. Extracting by manifest.
2639 silly tarball no local data for argparse@https://registry.npmjs.org/argparse/-/argparse-1.0.10.tgz. Extracting by manifest.
2640 silly tarball no local data for glob@https://registry.npmjs.org/glob/-/glob-7.2.3.tgz. Extracting by manifest.
2641 silly tarball no local data for brace-expansion@https://registry.npmjs.org/brace-expansion/-/brace-expansion-1.1.14.tgz. Extracting by manifest.
2642 silly tarball no local data for find-up@https://registry.npmjs.org/find-up/-/find-up-4.1.0.tgz. Extracting by manifest.
2643 silly tarball no local data for locate-path@https://registry.npmjs.org/locate-path/-/locate-path-5.0.0.tgz. Extracting by manifest.
2644 silly tarball no local data for brace-expansion@https://registry.npmjs.org/brace-expansion/-/brace-expansion-1.1.14.tgz. Extracting by manifest.
2645 silly tarball no local data for p-locate@https://registry.npmjs.org/p-locate/-/p-locate-4.1.0.tgz. Extracting by manifest.
2646 silly tarball no local data for balanced-match@https://registry.npmjs.org/balanced-match/-/balanced-match-1.0.2.tgz. Extracting by manifest.
2647 silly tarball no local data for p-limit@https://registry.npmjs.org/p-limit/-/p-limit-2.3.0.tgz. Extracting by manifest.
2648 silly tarball no local data for @react-native/normalize-colors@https://registry.npmjs.org/@react-native/normalize-colors/-/normalize-colors-0.83.6.tgz. Extracting by manifest.
2649 silly tarball no local data for minimatch@https://registry.npmjs.org/minimatch/-/minimatch-3.1.5.tgz. Extracting by manifest.
2650 silly tarball no local data for @expo/log-box@https://registry.npmjs.org/@expo/log-box/-/log-box-55.0.12.tgz. Extracting by manifest.
2651 silly tarball no local data for hermes-parser@https://registry.npmjs.org/hermes-parser/-/hermes-parser-0.32.1.tgz. Extracting by manifest.
2652 silly tarball no local data for ignore@https://registry.npmjs.org/ignore/-/ignore-5.3.2.tgz. Extracting by manifest.
2653 silly tarball no local data for debug@https://registry.npmjs.org/debug/-/debug-3.2.7.tgz. Extracting by manifest.
2654 silly tarball no local data for minimatch@https://registry.npmjs.org/minimatch/-/minimatch-3.1.5.tgz. Extracting by manifest.
2655 silly tarball no local data for hermes-estree@https://registry.npmjs.org/hermes-estree/-/hermes-estree-0.32.1.tgz. Extracting by manifest.
2656 silly tarball no local data for zod@https://registry.npmjs.org/zod/-/zod-3.25.76.tgz. Extracting by manifest.
2657 silly tarball no local data for ignore@https://registry.npmjs.org/ignore/-/ignore-5.3.2.tgz. Extracting by manifest.
2658 silly tarball no local data for esbuild@https://registry.npmjs.org/esbuild/-/esbuild-0.18.20.tgz. Extracting by manifest.
2659 silly tarball no local data for balanced-match@https://registry.npmjs.org/balanced-match/-/balanced-match-1.0.2.tgz. Extracting by manifest.
2660 silly tarball no local data for @esbuild/linux-arm64@https://registry.npmjs.org/@esbuild/linux-arm64/-/linux-arm64-0.18.20.tgz. Extracting by manifest.
2661 silly tarball no local data for semver@https://registry.npmjs.org/semver/-/semver-6.3.1.tgz. Extracting by manifest.
2662 silly tarball no local data for semver@https://registry.npmjs.org/semver/-/semver-6.3.1.tgz. Extracting by manifest.
2663 silly tarball no local data for semver@https://registry.npmjs.org/semver/-/semver-6.3.1.tgz. Extracting by manifest.
2664 silly tarball no local data for brace-expansion@https://registry.npmjs.org/brace-expansion/-/brace-expansion-1.1.14.tgz. Extracting by manifest.
2665 silly tarball no local data for resolve@https://registry.npmjs.org/resolve/-/resolve-1.22.12.tgz. Extracting by manifest.
2666 silly tarball no local data for semver@https://registry.npmjs.org/semver/-/semver-6.3.1.tgz. Extracting by manifest.
2667 silly tarball no local data for semver@https://registry.npmjs.org/semver/-/semver-6.3.1.tgz. Extracting by manifest.
2668 http fetch GET 200 https://registry.npmjs.org/which-collection/-/which-collection-1.0.2.tgz 515ms (cache miss)
2669 http fetch GET 200 https://registry.npmjs.org/yallist/-/yallist-3.1.1.tgz 520ms (cache miss)
2670 http fetch GET 200 https://registry.npmjs.org/wrap-ansi/-/wrap-ansi-7.0.0.tgz 523ms (cache miss)
2671 http fetch GET 200 https://registry.npmjs.org/y18n/-/y18n-5.0.8.tgz 531ms (cache miss)
2672 http fetch GET 200 https://registry.npmjs.org/write-file-atomic/-/write-file-atomic-4.0.2.tgz 547ms (cache miss)
2673 http fetch GET 200 https://registry.npmjs.org/xml2js/-/xml2js-0.6.0.tgz 549ms (cache miss)
2674 http fetch GET 200 https://registry.npmjs.org/widest-line/-/widest-line-4.0.1.tgz 553ms (cache miss)
2675 http fetch GET 200 https://registry.npmjs.org/which/-/which-2.0.2.tgz 551ms (cache miss)
2676 http fetch GET 200 https://registry.npmjs.org/which-boxed-primitive/-/which-boxed-primitive-1.1.1.tgz 558ms (cache miss)
2677 http fetch GET 200 https://registry.npmjs.org/which-builtin-type/-/which-builtin-type-1.2.1.tgz 564ms (cache miss)
2678 http fetch GET 200 https://registry.npmjs.org/xcode/-/xcode-3.0.1.tgz 572ms (cache miss)
2679 http fetch GET 200 https://registry.npmjs.org/which-typed-array/-/which-typed-array-1.1.20.tgz 570ms (cache miss)
2680 http fetch GET 200 https://registry.npmjs.org/whatwg-mimetype/-/whatwg-mimetype-3.0.0.tgz 573ms (cache miss)
2681 http fetch GET 200 https://registry.npmjs.org/whatwg-encoding/-/whatwg-encoding-2.0.0.tgz 577ms (cache miss)
2682 warn deprecated whatwg-encoding@2.0.0: Use @exodus/bytes instead for a more spec-conformant and faster implementation
2683 http fetch GET 200 https://registry.npmjs.org/w3c-xmlserializer/-/w3c-xmlserializer-4.0.0.tgz 589ms (cache miss)
2684 http fetch GET 200 https://registry.npmjs.org/wcwidth/-/wcwidth-1.0.1.tgz 590ms (cache miss)
2685 http fetch GET 200 https://registry.npmjs.org/webidl-conversions/-/webidl-conversions-7.0.0.tgz 595ms (cache miss)
2686 http fetch GET 200 https://registry.npmjs.org/walker/-/walker-1.0.8.tgz 595ms (cache miss)
2687 http fetch GET 200 https://registry.npmjs.org/vary/-/vary-1.1.2.tgz 604ms (cache miss)
2688 http fetch GET 200 https://registry.npmjs.org/vlq/-/vlq-1.0.1.tgz 611ms (cache miss)
2689 http fetch GET 200 https://registry.npmjs.org/xmlchars/-/xmlchars-2.2.0.tgz 621ms (cache miss)
2690 http fetch GET 200 https://registry.npmjs.org/validate-npm-package-name/-/validate-npm-package-name-5.0.1.tgz 611ms (cache miss)
2691 http fetch GET 200 https://registry.npmjs.org/whatwg-fetch/-/whatwg-fetch-3.6.20.tgz 645ms (cache miss)
2692 http fetch GET 200 https://registry.npmjs.org/unpipe/-/unpipe-1.0.0.tgz 640ms (cache miss)
2693 http fetch GET 200 https://registry.npmjs.org/yocto-queue/-/yocto-queue-0.1.0.tgz 645ms (cache miss)
2694 http fetch GET 200 https://registry.npmjs.org/use-latest-callback/-/use-latest-callback-0.2.6.tgz 649ms (cache miss)
2695 http fetch GET 200 https://registry.npmjs.org/universalify/-/universalify-0.2.0.tgz 649ms (cache miss)
2696 http fetch GET 200 https://registry.npmjs.org/utils-merge/-/utils-merge-1.0.1.tgz 652ms (cache miss)
2697 http fetch GET 200 https://registry.npmjs.org/vaul/-/vaul-1.1.2.tgz 664ms (cache miss)
2698 http fetch GET 200 https://registry.npmjs.org/update-check/-/update-check-1.5.4.tgz 672ms (cache miss)
2699 http fetch GET 200 https://registry.npmjs.org/wait-on/-/wait-on-9.0.5.tgz 693ms (cache miss)
2700 http fetch GET 200 https://registry.npmjs.org/unicode-property-aliases-ecmascript/-/unicode-property-aliases-ecmascript-2.2.0.tgz 688ms (cache miss)
2701 http fetch GET 200 https://registry.npmjs.org/unicode-canonical-property-names-ecmascript/-/unicode-canonical-property-names-ecmascript-2.0.1.tgz 690ms (cache miss)
2702 http fetch GET 200 https://registry.npmjs.org/whatwg-url-minimum/-/whatwg-url-minimum-0.1.1.tgz 700ms (cache miss)
2703 http fetch GET 200 https://registry.npmjs.org/unicode-match-property-ecmascript/-/unicode-match-property-ecmascript-2.0.0.tgz 696ms (cache miss)
2704 http fetch GET 200 https://registry.npmjs.org/unicode-match-property-value-ecmascript/-/unicode-match-property-value-ecmascript-2.2.1.tgz 701ms (cache miss)
2705 http fetch GET 200 https://registry.npmjs.org/update-browserslist-db/-/update-browserslist-db-1.2.3.tgz 702ms (cache miss)
2706 http fetch GET 200 https://registry.npmjs.org/unbox-primitive/-/unbox-primitive-1.1.0.tgz 703ms (cache miss)
2707 http fetch GET 200 https://registry.npmjs.org/url-parse/-/url-parse-1.5.10.tgz 719ms (cache miss)
2708 http fetch GET 200 https://registry.npmjs.org/v8-to-istanbul/-/v8-to-istanbul-9.3.0.tgz 725ms (cache miss)
2709 http fetch GET 200 https://registry.npmjs.org/type-check/-/type-check-0.4.0.tgz 723ms (cache miss)
2710 http fetch GET 200 https://registry.npmjs.org/typed-array-byte-offset/-/typed-array-byte-offset-1.0.4.tgz 725ms (cache miss)
2711 http fetch GET 200 https://registry.npmjs.org/toidentifier/-/toidentifier-1.0.1.tgz 724ms (cache miss)
2712 http fetch GET 200 https://registry.npmjs.org/whatwg-url/-/whatwg-url-11.0.0.tgz 749ms (cache miss)
2713 http fetch GET 200 https://registry.npmjs.org/typed-array-byte-length/-/typed-array-byte-length-1.0.3.tgz 747ms (cache miss)
2714 http fetch GET 200 https://registry.npmjs.org/tmpl/-/tmpl-1.0.5.tgz 748ms (cache miss)
2715 http fetch GET 200 https://registry.npmjs.org/to-regex-range/-/to-regex-range-5.0.1.tgz 756ms (cache miss)
2716 http fetch GET 200 https://registry.npmjs.org/word-wrap/-/word-wrap-1.2.5.tgz 781ms (cache miss)
2717 http fetch GET 200 https://registry.npmjs.org/typed-array-length/-/typed-array-length-1.0.7.tgz 771ms (cache miss)
2718 http fetch GET 200 https://registry.npmjs.org/type-detect/-/type-detect-4.0.8.tgz 769ms (cache miss)
2719 http fetch GET 200 https://registry.npmjs.org/tmp/-/tmp-0.2.5.tgz 766ms (cache miss)
2720 http fetch GET 200 https://registry.npmjs.org/tinyexec/-/tinyexec-1.1.1.tgz 766ms (cache miss)
2721 http fetch GET 200 https://registry.npmjs.org/wrappy/-/wrappy-1.0.2.tgz 787ms (cache miss)
2722 http fetch GET 200 https://registry.npmjs.org/ua-parser-js/-/ua-parser-js-1.0.41.tgz 778ms (cache miss)
2723 http fetch GET 200 https://registry.npmjs.org/test-exclude/-/test-exclude-6.0.0.tgz 773ms (cache miss)
2724 http fetch GET 200 https://registry.npmjs.org/tinyglobby/-/tinyglobby-0.2.16.tgz 782ms (cache miss)
2725 http fetch GET 200 https://registry.npmjs.org/yargs-parser/-/yargs-parser-21.1.1.tgz 796ms (cache miss)
2726 http fetch GET 200 https://registry.npmjs.org/toqr/-/toqr-0.1.1.tgz 789ms (cache miss)
2727 http fetch GET 200 https://registry.npmjs.org/throat/-/throat-5.0.0.tgz 796ms (cache miss)
2728 http fetch GET 200 https://registry.npmjs.org/zod-validation-error/-/zod-validation-error-4.0.2.tgz 817ms (cache miss)
2729 http fetch GET 200 https://registry.npmjs.org/warn-once/-/warn-once-0.1.1.tgz 810ms (cache miss)
2730 http fetch GET 200 https://registry.npmjs.org/terminal-link/-/terminal-link-2.1.1.tgz 811ms (cache miss)
2731 http fetch GET 200 https://registry.npmjs.org/use-sync-external-store/-/use-sync-external-store-1.6.0.tgz 826ms (cache miss)
2732 http fetch GET 200 https://registry.npmjs.org/ws/-/ws-8.20.0.tgz 834ms (cache miss)
2733 http fetch GET 200 https://registry.npmjs.org/xml-name-validator/-/xml-name-validator-4.0.0.tgz 839ms (cache miss)
2734 http fetch GET 200 https://registry.npmjs.org/supports-color/-/supports-color-7.2.0.tgz 820ms (cache miss)
2735 http fetch GET 200 https://registry.npmjs.org/symbol-tree/-/symbol-tree-3.2.4.tgz 824ms (cache miss)
2736 http fetch GET 200 https://registry.npmjs.org/strip-final-newline/-/strip-final-newline-2.0.0.tgz 824ms (cache miss)
2737 http fetch GET 200 https://registry.npmjs.org/strip-indent/-/strip-indent-3.0.0.tgz 827ms (cache miss)
2738 http fetch GET 200 https://registry.npmjs.org/supports-hyperlinks/-/supports-hyperlinks-2.3.0.tgz 831ms (cache miss)
2739 http fetch GET 200 https://registry.npmjs.org/tslib/-/tslib-2.8.1.tgz 844ms (cache miss)
2740 http fetch GET 200 https://registry.npmjs.org/styleq/-/styleq-0.1.3.tgz 840ms (cache miss)
2741 http fetch GET 200 https://registry.npmjs.org/strip-bom/-/strip-bom-4.0.0.tgz 839ms (cache miss)
2742 http fetch GET 200 https://registry.npmjs.org/strip-ansi/-/strip-ansi-6.0.1.tgz 841ms (cache miss)
2743 http fetch GET 200 https://registry.npmjs.org/strip-json-comments/-/strip-json-comments-3.1.1.tgz 843ms (cache miss)
2744 http fetch GET 200 https://registry.npmjs.org/typed-array-buffer/-/typed-array-buffer-1.0.3.tgz 850ms (cache miss)
2745 http fetch GET 200 https://registry.npmjs.org/string.prototype.repeat/-/string.prototype.repeat-1.0.0.tgz 853ms (cache miss)
2746 http fetch GET 200 https://registry.npmjs.org/supports-preserve-symlinks-flag/-/supports-preserve-symlinks-flag-1.0.0.tgz 866ms (cache miss)
2747 http fetch GET 200 https://registry.npmjs.org/strict-uri-encode/-/strict-uri-encode-2.0.0.tgz 861ms (cache miss)
2748 http fetch GET 200 https://registry.npmjs.org/stop-iteration-iterator/-/stop-iteration-iterator-1.1.0.tgz 862ms (cache miss)
2749 http fetch GET 200 https://registry.npmjs.org/string-width/-/string-width-8.2.0.tgz 870ms (cache miss)
2750 http fetch GET 200 https://registry.npmjs.org/use-callback-ref/-/use-callback-ref-1.3.3.tgz 876ms (cache miss)
2751 http fetch GET 200 https://registry.npmjs.org/stack-utils/-/stack-utils-2.0.6.tgz 877ms (cache miss)
2752 http fetch GET 200 https://registry.npmjs.org/stackframe/-/stackframe-1.3.4.tgz 879ms (cache miss)
2753 http fetch GET 200 https://registry.npmjs.org/string-argv/-/string-argv-0.3.2.tgz 890ms (cache miss)
2754 http fetch GET 200 https://registry.npmjs.org/tr46/-/tr46-3.0.0.tgz 905ms (cache miss)
2755 http fetch GET 200 https://registry.npmjs.org/stack-generator/-/stack-generator-2.0.10.tgz 908ms (cache miss)
2756 http fetch GET 200 https://registry.npmjs.org/string-length/-/string-length-4.0.2.tgz 930ms (cache miss)
2757 http fetch GET 200 https://registry.npmjs.org/slugify/-/slugify-1.6.9.tgz 934ms (cache miss)
2758 http fetch GET 200 https://registry.npmjs.org/sisteransi/-/sisteransi-1.0.5.tgz 940ms (cache miss)
2759 http fetch GET 200 https://registry.npmjs.org/statuses/-/statuses-1.5.0.tgz 945ms (cache miss)
2760 http fetch GET 200 https://registry.npmjs.org/slash/-/slash-3.0.0.tgz 948ms (cache miss)
2761 http fetch GET 200 https://registry.npmjs.org/side-channel-map/-/side-channel-map-1.0.1.tgz 943ms (cache miss)
2762 http fetch GET 200 https://registry.npmjs.org/slice-ansi/-/slice-ansi-8.0.0.tgz 951ms (cache miss)
2763 http fetch GET 200 https://registry.npmjs.org/split-on-first/-/split-on-first-1.1.0.tgz 954ms (cache miss)
2764 http fetch GET 200 https://registry.npmjs.org/simple-swizzle/-/simple-swizzle-0.2.4.tgz 953ms (cache miss)
2765 http fetch GET 200 https://registry.npmjs.org/signal-exit/-/signal-exit-3.0.7.tgz 955ms (cache miss)
2766 http fetch GET 200 https://registry.npmjs.org/side-channel/-/side-channel-1.1.0.tgz 953ms (cache miss)
2767 http fetch GET 200 https://registry.npmjs.org/set-function-length/-/set-function-length-1.2.2.tgz 951ms (cache miss)
2768 http fetch GET 200 https://registry.npmjs.org/shebang-command/-/shebang-command-2.0.0.tgz 957ms (cache miss)
2769 http fetch GET 200 https://registry.npmjs.org/set-proto/-/set-proto-1.0.0.tgz 957ms (cache miss)
2770 http fetch GET 200 https://registry.npmjs.org/set-function-name/-/set-function-name-2.0.2.tgz 956ms (cache miss)
2771 http fetch GET 200 https://registry.npmjs.org/safe-regex-test/-/safe-regex-test-1.1.0.tgz 959ms (cache miss)
2772 http fetch GET 200 https://registry.npmjs.org/setprototypeof/-/setprototypeof-1.2.0.tgz 965ms (cache miss)
2773 http fetch GET 200 https://registry.npmjs.org/string.prototype.trim/-/string.prototype.trim-1.2.10.tgz 984ms (cache miss)
2774 http fetch GET 200 https://registry.npmjs.org/serve-static/-/serve-static-1.16.3.tgz 967ms (cache miss)
2775 http fetch GET 200 https://registry.npmjs.org/serialize-error/-/serialize-error-2.1.0.tgz 968ms (cache miss)
2776 http fetch GET 200 https://registry.npmjs.org/shallowequal/-/shallowequal-1.1.0.tgz 973ms (cache miss)
2777 http fetch GET 200 https://registry.npmjs.org/shebang-regex/-/shebang-regex-3.0.0.tgz 979ms (cache miss)
2778 http fetch GET 200 https://registry.npmjs.org/setimmediate/-/setimmediate-1.0.5.tgz 979ms (cache miss)
2779 http fetch GET 200 https://registry.npmjs.org/server-only/-/server-only-0.0.1.tgz 979ms (cache miss)
2780 http fetch GET 200 https://registry.npmjs.org/sax/-/sax-1.6.0.tgz 984ms (cache miss)
2781 http fetch GET 200 https://registry.npmjs.org/resolve-from/-/resolve-from-5.0.0.tgz 994ms (cache miss)
2782 http fetch GET 200 https://registry.npmjs.org/source-map-support/-/source-map-support-0.5.21.tgz 1013ms (cache miss)
2783 http fetch GET 200 https://registry.npmjs.org/ts-api-utils/-/ts-api-utils-2.5.0.tgz 1029ms (cache miss)
2784 http fetch GET 200 https://registry.npmjs.org/run-parallel/-/run-parallel-1.2.0.tgz 999ms (cache miss)
2785 http fetch GET 200 https://registry.npmjs.org/restore-cursor/-/restore-cursor-5.1.0.tgz 1002ms (cache miss)
2786 http fetch GET 200 https://registry.npmjs.org/serve-handler/-/serve-handler-6.1.7.tgz 1008ms (cache miss)
2787 http fetch GET 200 https://registry.npmjs.org/safe-buffer/-/safe-buffer-5.2.1.tgz 1005ms (cache miss)
2788 http fetch GET 200 https://registry.npmjs.org/rfdc/-/rfdc-1.4.1.tgz 1011ms (cache miss)
2789 http fetch GET 200 https://registry.npmjs.org/safe-push-apply/-/safe-push-apply-1.0.0.tgz 1014ms (cache miss)
2790 http fetch GET 200 https://registry.npmjs.org/safer-buffer/-/safer-buffer-2.1.2.tgz 1015ms (cache miss)
2791 http fetch GET 200 https://registry.npmjs.org/wordwrap/-/wordwrap-1.0.0.tgz 1060ms (cache miss)
2792 http fetch GET 200 https://registry.npmjs.org/rimraf/-/rimraf-3.0.2.tgz 1015ms (cache miss)
2793 warn deprecated rimraf@3.0.2: Rimraf versions prior to v4 are no longer supported
2794 http fetch GET 200 https://registry.npmjs.org/rtl-detect/-/rtl-detect-1.1.2.tgz 1015ms (cache miss)
2795 http fetch GET 200 https://registry.npmjs.org/send/-/send-0.19.2.tgz 1022ms (cache miss)
2796 http fetch GET 200 https://registry.npmjs.org/safe-array-concat/-/safe-array-concat-1.1.3.tgz 1020ms (cache miss)
2797 http fetch GET 200 https://registry.npmjs.org/undici-types/-/undici-types-7.19.2.tgz 1056ms (cache miss)
2798 http fetch GET 200 https://registry.npmjs.org/requires-port/-/requires-port-1.0.0.tgz 1020ms (cache miss)
2799 http fetch GET 200 https://registry.npmjs.org/redent/-/redent-3.0.0.tgz 1018ms (cache miss)
2800 http fetch GET 200 https://registry.npmjs.org/side-channel-weakmap/-/side-channel-weakmap-1.0.2.tgz 1033ms (cache miss)
2801 http fetch GET 200 https://registry.npmjs.org/require-directory/-/require-directory-2.1.1.tgz 1025ms (cache miss)
2802 http fetch GET 200 https://registry.npmjs.org/resolve-cwd/-/resolve-cwd-3.0.0.tgz 1028ms (cache miss)
2803 http fetch GET 200 https://registry.npmjs.org/require-from-string/-/require-from-string-2.0.2.tgz 1031ms (cache miss)
2804 http fetch GET 200 https://registry.npmjs.org/regjsparser/-/regjsparser-0.13.1.tgz 1034ms (cache miss)
2805 http fetch GET 200 https://registry.npmjs.org/side-channel-list/-/side-channel-list-1.0.1.tgz 1047ms (cache miss)
2806 http fetch GET 200 https://registry.npmjs.org/tagged-tag/-/tagged-tag-1.0.0.tgz 1040ms (cache miss)
2807 http fetch GET 200 https://registry.npmjs.org/registry-auth-token/-/registry-auth-token-3.3.2.tgz 1040ms (cache miss)
2808 http fetch GET 200 https://registry.npmjs.org/regenerator-runtime/-/regenerator-runtime-0.13.11.tgz 1042ms (cache miss)
2809 http fetch GET 200 https://registry.npmjs.org/text-table/-/text-table-0.2.0.tgz 1069ms (cache miss)
2810 http fetch GET 200 https://registry.npmjs.org/string.prototype.trimstart/-/string.prototype.trimstart-1.0.8.tgz 1071ms (cache miss)
2811 http fetch GET 200 https://registry.npmjs.org/resolve-pkg-maps/-/resolve-pkg-maps-1.0.0.tgz 1048ms (cache miss)
2812 http fetch GET 200 https://registry.npmjs.org/react-remove-scroll-bar/-/react-remove-scroll-bar-2.3.8.tgz 1044ms (cache miss)
2813 http fetch GET 200 https://registry.npmjs.org/stacktrace-parser/-/stacktrace-parser-0.1.11.tgz 1044ms (cache miss)
2814 http fetch GET 200 https://registry.npmjs.org/serve/-/serve-14.2.6.tgz 1058ms (cache miss)
2815 http fetch GET 200 https://registry.npmjs.org/sf-symbols-typescript/-/sf-symbols-typescript-2.2.0.tgz 1060ms (cache miss)
2816 http fetch GET 200 https://registry.npmjs.org/resolve.exports/-/resolve.exports-2.0.3.tgz 1054ms (cache miss)
2817 http fetch GET 200 https://registry.npmjs.org/string.prototype.trimend/-/string.prototype.trimend-1.0.9.tgz 1078ms (cache miss)
2818 http fetch GET 200 https://registry.npmjs.org/stacktrace-gps/-/stacktrace-gps-3.1.2.tgz 1079ms (cache miss)
2819 http fetch GET 200 https://registry.npmjs.org/sprintf-js/-/sprintf-js-1.0.3.tgz 1078ms (cache miss)
2820 http fetch GET 200 https://registry.npmjs.org/reusify/-/reusify-1.1.0.tgz 1071ms (cache miss)
2821 http fetch GET 200 https://registry.npmjs.org/react-refresh/-/react-refresh-0.14.2.tgz 1071ms (cache miss)
2822 http fetch GET 200 https://registry.npmjs.org/string.prototype.matchall/-/string.prototype.matchall-4.0.12.tgz 1101ms (cache miss)
2823 http fetch GET 200 https://registry.npmjs.org/saxes/-/saxes-6.0.0.tgz 1085ms (cache miss)
2824 http fetch GET 200 https://registry.npmjs.org/reflect.getprototypeof/-/reflect.getprototypeof-1.0.10.tgz 1079ms (cache miss)
2825 http fetch GET 200 https://registry.npmjs.org/tough-cookie/-/tough-cookie-4.1.4.tgz 1115ms (cache miss)
2826 http fetch GET 200 https://registry.npmjs.org/shell-quote/-/shell-quote-1.8.3.tgz 1095ms (cache miss)
2827 http fetch GET 200 https://registry.npmjs.org/resolve-workspace-root/-/resolve-workspace-root-2.0.1.tgz 1095ms (cache miss)
2828 http fetch GET 200 https://registry.npmjs.org/regexpu-core/-/regexpu-core-6.4.0.tgz 1095ms (cache miss)
2829 http fetch GET 200 https://registry.npmjs.org/regexp.prototype.flags/-/regexp.prototype.flags-1.5.4.tgz 1119ms (cache miss)
2830 http fetch GET 200 https://registry.npmjs.org/react-native-is-edge-to-edge/-/react-native-is-edge-to-edge-1.3.1.tgz 1135ms (cache miss)
2831 http fetch GET 200 https://registry.npmjs.org/scheduler/-/scheduler-0.27.0.tgz 1152ms (cache miss)
2832 http fetch GET 200 https://registry.npmjs.org/regjsgen/-/regjsgen-0.8.0.tgz 1139ms (cache miss)
2833 http fetch GET 200 https://registry.npmjs.org/react-is/-/react-is-19.2.5.tgz 1142ms (cache miss)
2834 http fetch GET 200 https://registry.npmjs.org/utrie/-/utrie-1.0.2.tgz 1199ms (cache miss)
2835 http fetch GET 200 https://registry.npmjs.org/react-fast-compare/-/react-fast-compare-3.2.2.tgz 1151ms (cache miss)
2836 http fetch GET 200 https://registry.npmjs.org/react-freeze/-/react-freeze-1.0.4.tgz 1162ms (cache miss)
2837 http fetch GET 200 https://registry.npmjs.org/simple-plist/-/simple-plist-1.3.1.tgz 1199ms (cache miss)
2838 http fetch GET 200 https://registry.npmjs.org/rc/-/rc-1.2.8.tgz 1176ms (cache miss)
2839 http fetch GET 200 https://registry.npmjs.org/query-string/-/query-string-7.1.3.tgz 1183ms (cache miss)
2840 http fetch GET 200 https://registry.npmjs.org/source-map-js/-/source-map-js-1.2.1.tgz 1226ms (cache miss)
2841 http fetch GET 200 https://registry.npmjs.org/structured-headers/-/structured-headers-0.4.1.tgz 1261ms (cache miss)
2842 http fetch GET 200 https://registry.npmjs.org/punycode/-/punycode-2.3.1.tgz 1237ms (cache miss)
2843 http fetch GET 200 https://registry.npmjs.org/text-segmentation/-/text-segmentation-1.0.3.tgz 1252ms (cache miss)
2844 http fetch GET 200 https://registry.npmjs.org/stream-buffers/-/stream-buffers-2.2.0.tgz 1283ms (cache miss)
2845 http fetch GET 200 https://registry.npmjs.org/type-fest/-/type-fest-0.20.2.tgz 1316ms (cache miss)
2846 http fetch GET 200 https://registry.npmjs.org/xmlbuilder/-/xmlbuilder-15.1.1.tgz 1338ms (cache miss)
2847 http fetch GET 200 https://registry.npmjs.org/proxy-from-env/-/proxy-from-env-2.1.0.tgz 1314ms (cache miss)
2848 http fetch GET 200 https://registry.npmjs.org/source-map/-/source-map-0.6.1.tgz 1359ms (cache miss)
2849 http fetch GET 200 https://registry.npmjs.org/react/-/react-19.2.0.tgz 1333ms (cache miss)
2850 http fetch GET 200 https://registry.npmjs.org/react-test-renderer/-/react-test-renderer-19.2.0.tgz 1339ms (cache miss)
2851 http fetch GET 200 https://registry.npmjs.org/uglify-js/-/uglify-js-3.19.3.tgz 1381ms (cache miss)
2852 http fetch GET 200 https://registry.npmjs.org/react-native-body-highlighter/-/react-native-body-highlighter-3.2.0.tgz 1340ms (cache miss)
2853 http fetch GET 200 https://registry.npmjs.org/stacktrace-js/-/stacktrace-js-2.0.2.tgz 1387ms (cache miss)
2854 http fetch GET 200 https://registry.npmjs.org/range-parser/-/range-parser-1.2.1.tgz 1356ms (cache miss)
2855 http fetch GET 200 https://registry.npmjs.org/queue/-/queue-6.0.2.tgz 1361ms (cache miss)
2856 http fetch GET 200 https://registry.npmjs.org/registry-url/-/registry-url-3.1.0.tgz 1362ms (cache miss)
2857 http fetch GET 200 https://registry.npmjs.org/queue-microtask/-/queue-microtask-1.2.3.tgz 1364ms (cache miss)
2858 http fetch GET 200 https://registry.npmjs.org/react-style-singleton/-/react-style-singleton-2.2.3.tgz 1373ms (cache miss)
2859 http fetch GET 200 https://registry.npmjs.org/uuid/-/uuid-7.0.3.tgz 1424ms (cache miss)
2860 http fetch GET 200 https://registry.npmjs.org/prop-types/-/prop-types-15.8.1.tgz 1382ms (cache miss)
2861 http fetch GET 200 https://registry.npmjs.org/sharp/-/sharp-0.34.5.tgz 1406ms (cache miss)
2862 http fetch GET 200 https://registry.npmjs.org/semver/-/semver-7.7.4.tgz 1409ms (cache miss)
2863 http fetch GET 200 https://registry.npmjs.org/pretty-format/-/pretty-format-29.7.0.tgz 1417ms (cache miss)
2864 http fetch GET 200 https://registry.npmjs.org/prelude-ls/-/prelude-ls-1.2.1.tgz 1431ms (cache miss)
2865 http fetch GET 200 https://registry.npmjs.org/progress/-/progress-2.0.3.tgz 1456ms (cache miss)
2866 http fetch GET 200 https://registry.npmjs.org/proc-log/-/proc-log-4.2.0.tgz 1457ms (cache miss)
2867 http fetch GET 200 https://registry.npmjs.org/postcss-value-parser/-/postcss-value-parser-4.2.0.tgz 1476ms (cache miss)
2868 http fetch GET 200 https://registry.npmjs.org/tsx/-/tsx-4.21.0.tgz 1527ms (cache miss)
2869 http fetch GET 200 https://registry.npmjs.org/pkg-dir/-/pkg-dir-4.2.0.tgz 1517ms (cache miss)
2870 http fetch GET 200 https://registry.npmjs.org/pirates/-/pirates-4.0.7.tgz 1531ms (cache miss)
2871 http fetch GET 200 https://registry.npmjs.org/yargs/-/yargs-17.7.2.tgz 1618ms (cache miss)
2872 http fetch GET 200 https://registry.npmjs.org/use-sidecar/-/use-sidecar-1.1.3.tgz 1628ms (cache miss)
2873 http fetch GET 200 https://registry.npmjs.org/picocolors/-/picocolors-1.1.1.tgz 1571ms (cache miss)
2874 http fetch GET 200 https://registry.npmjs.org/picomatch/-/picomatch-4.0.4.tgz 1571ms (cache miss)
2875 http fetch GET 200 https://registry.npmjs.org/path-to-regexp/-/path-to-regexp-3.3.0.tgz 1574ms (cache miss)
2876 http fetch GET 200 https://registry.npmjs.org/path-parse/-/path-parse-1.0.7.tgz 1603ms (cache miss)
2877 http fetch GET 200 https://registry.npmjs.org/path-is-inside/-/path-is-inside-1.0.2.tgz 1608ms (cache miss)
2878 http fetch GET 200 https://registry.npmjs.org/psl/-/psl-1.15.0.tgz 1644ms (cache miss)
2879 http fetch GET 200 https://registry.npmjs.org/path-is-absolute/-/path-is-absolute-1.0.1.tgz 1662ms (cache miss)
2880 http fetch GET 200 https://registry.npmjs.org/uri-js/-/uri-js-4.4.1.tgz 1722ms (cache miss)
2881 http fetch GET 200 https://registry.npmjs.org/path-exists/-/path-exists-4.0.0.tgz 1664ms (cache miss)
2882 http fetch GET 200 https://registry.npmjs.org/plist/-/plist-3.1.0.tgz 1676ms (cache miss)
2883 http fetch GET 200 https://registry.npmjs.org/possible-typed-array-names/-/possible-typed-array-names-1.1.0.tgz 1682ms (cache miss)
2884 http fetch GET 200 https://registry.npmjs.org/parseurl/-/parseurl-1.3.3.tgz 1684ms (cache miss)
2885 http fetch GET 200 https://registry.npmjs.org/promise/-/promise-8.3.0.tgz 1698ms (cache miss)
2886 http fetch GET 200 https://registry.npmjs.org/react-native-view-shot/-/react-native-view-shot-4.0.3.tgz 1715ms (cache miss)
2887 http fetch GET 200 https://registry.npmjs.org/parse-png/-/parse-png-2.1.0.tgz 1706ms (cache miss)
2888 http fetch GET 200 https://registry.npmjs.org/parent-module/-/parent-module-1.0.1.tgz 1706ms (cache miss)
2889 http fetch GET 200 https://registry.npmjs.org/p-try/-/p-try-2.2.0.tgz 1726ms (cache miss)
2890 http fetch GET 200 https://registry.npmjs.org/pngjs/-/pngjs-3.4.0.tgz 1756ms (cache miss)
2891 http fetch GET 200 https://registry.npmjs.org/terser/-/terser-5.46.1.tgz 1801ms (cache miss)
2892 http fetch GET 200 https://registry.npmjs.org/p-limit/-/p-limit-3.1.0.tgz 1778ms (cache miss)
2893 http fetch GET 200 https://registry.npmjs.org/regenerate/-/regenerate-1.4.2.tgz 1790ms (cache miss)
2894 http fetch GET 200 https://registry.npmjs.org/own-keys/-/own-keys-1.0.1.tgz 1788ms (cache miss)
2895 http fetch GET 200 https://registry.npmjs.org/react-remove-scroll/-/react-remove-scroll-2.7.2.tgz 1824ms (cache miss)
2896 http fetch GET 200 https://registry.npmjs.org/onetime/-/onetime-5.1.2.tgz 1834ms (cache miss)
2897 http fetch GET 200 https://registry.npmjs.org/once/-/once-1.4.0.tgz 1836ms (cache miss)
2898 http fetch GET 200 https://registry.npmjs.org/on-headers/-/on-headers-1.1.0.tgz 1838ms (cache miss)
2899 http fetch GET 200 https://registry.npmjs.org/open/-/open-7.4.2.tgz 1840ms (cache miss)
2900 http fetch GET 200 https://registry.npmjs.org/papaparse/-/papaparse-5.5.3.tgz 1848ms (cache miss)
2901 http fetch GET 200 https://registry.npmjs.org/postcss/-/postcss-8.4.49.tgz 1864ms (cache miss)
2902 http fetch GET 200 https://registry.npmjs.org/react-reconciler/-/react-reconciler-0.31.0.tgz 1882ms (cache miss)
2903 http fetch GET 200 https://registry.npmjs.org/object.values/-/object.values-1.2.1.tgz 1884ms (cache miss)
2904 http fetch GET 200 https://registry.npmjs.org/object.fromentries/-/object.fromentries-2.0.8.tgz 1896ms (cache miss)
2905 http fetch GET 200 https://registry.npmjs.org/on-finished/-/on-finished-2.3.0.tgz 1899ms (cache miss)
2906 http fetch GET 200 https://registry.npmjs.org/parse-json/-/parse-json-5.2.0.tgz 1907ms (cache miss)
2907 http fetch GET 200 https://registry.npmjs.org/object.entries/-/object.entries-1.1.9.tgz 1929ms (cache miss)
2908 http fetch GET 200 https://registry.npmjs.org/patch-package/-/patch-package-8.0.1.tgz 1955ms (cache miss)
2909 http fetch GET 200 https://registry.npmjs.org/object-keys/-/object-keys-1.1.1.tgz 1972ms (cache miss)
2910 http fetch GET 200 https://registry.npmjs.org/object-assign/-/object-assign-4.1.1.tgz 1987ms (cache miss)
2911 http fetch GET 200 https://registry.npmjs.org/ob1/-/ob1-0.83.5.tgz 1990ms (cache miss)
2912 http fetch GET 200 https://registry.npmjs.org/ora/-/ora-3.4.0.tgz 1999ms (cache miss)
2913 http fetch GET 200 https://registry.npmjs.org/nwsapi/-/nwsapi-2.2.23.tgz 2020ms (cache miss)
2914 http fetch GET 200 https://registry.npmjs.org/optionator/-/optionator-0.9.4.tgz 2024ms (cache miss)
2915 http fetch GET 200 https://registry.npmjs.org/nth-check/-/nth-check-2.1.1.tgz 2026ms (cache miss)
2916 http fetch GET 200 https://registry.npmjs.org/nullthrows/-/nullthrows-1.1.1.tgz 2027ms (cache miss)
2917 http fetch GET 200 https://registry.npmjs.org/npm-package-arg/-/npm-package-arg-11.0.3.tgz 2032ms (cache miss)
2918 http fetch GET 200 https://registry.npmjs.org/object.assign/-/object.assign-4.1.7.tgz 2042ms (cache miss)
2919 http fetch GET 200 https://registry.npmjs.org/node-fetch/-/node-fetch-2.7.0.tgz 2050ms (cache miss)
2920 http fetch GET 200 https://registry.npmjs.org/node-exports-info/-/node-exports-info-1.6.0.tgz 2078ms (cache miss)
2921 http fetch GET 200 https://registry.npmjs.org/node-int64/-/node-int64-0.4.0.tgz 2087ms (cache miss)
2922 http fetch GET 200 https://registry.npmjs.org/natural-compare/-/natural-compare-1.4.0.tgz 2089ms (cache miss)
2923 http fetch GET 200 https://registry.npmjs.org/negotiator/-/negotiator-0.6.3.tgz 2095ms (cache miss)
2924 http fetch GET 200 https://registry.npmjs.org/ts-jest/-/ts-jest-29.4.9.tgz 2164ms (cache miss)
2925 http fetch GET 200 https://registry.npmjs.org/ms/-/ms-2.1.3.tgz 2131ms (cache miss)
2926 http fetch GET 200 https://registry.npmjs.org/nanoid/-/nanoid-3.3.11.tgz 2140ms (cache miss)
2927 http fetch GET 200 https://registry.npmjs.org/object-inspect/-/object-inspect-1.13.4.tgz 2163ms (cache miss)
2928 http fetch GET 200 https://registry.npmjs.org/multitars/-/multitars-0.2.5.tgz 2192ms (cache miss)
2929 http fetch GET 200 https://registry.npmjs.org/querystringify/-/querystringify-2.2.0.tgz 2196ms (cache miss)
2930 http fetch GET 200 https://registry.npmjs.org/min-indent/-/min-indent-1.0.1.tgz 2224ms (cache miss)
2931 http fetch GET 200 https://registry.npmjs.org/normalize-path/-/normalize-path-3.0.0.tgz 2248ms (cache miss)
2932 http fetch GET 200 https://registry.npmjs.org/zxing-wasm/-/zxing-wasm-3.0.2.tgz 2330ms (cache miss)
2933 http fetch GET 200 https://registry.npmjs.org/node-releases/-/node-releases-2.0.37.tgz 2249ms (cache miss)
2934 http fetch GET 200 https://registry.npmjs.org/npm-run-path/-/npm-run-path-4.0.1.tgz 2254ms (cache miss)
2935 http fetch GET 200 https://registry.npmjs.org/p-locate/-/p-locate-5.0.0.tgz 2262ms (cache miss)
2936 http fetch GET 200 https://registry.npmjs.org/mimic-fn/-/mimic-fn-2.1.0.tgz 2256ms (cache miss)
2937 http fetch GET 200 https://registry.npmjs.org/mime-db/-/mime-db-1.54.0.tgz 2280ms (cache miss)
2938 http fetch GET 200 https://registry.npmjs.org/micromatch/-/micromatch-4.0.8.tgz 2290ms (cache miss)
2939 http fetch GET 200 https://registry.npmjs.org/mime/-/mime-1.6.0.tgz 2293ms (cache miss)
2940 http fetch GET 200 https://registry.npmjs.org/pure-rand/-/pure-rand-6.1.0.tgz 2342ms (cache miss)
2941 http fetch GET 200 https://registry.npmjs.org/minipass/-/minipass-7.1.3.tgz 2331ms (cache miss)
2942 http fetch GET 200 https://registry.npmjs.org/mkdirp/-/mkdirp-1.0.4.tgz 2357ms (cache miss)
2943 http fetch GET 200 https://registry.npmjs.org/metro-transform-worker/-/metro-transform-worker-0.83.5.tgz 2360ms (cache miss)
2944 http fetch GET 200 https://registry.npmjs.org/metro-cache/-/metro-cache-0.83.5.tgz 2375ms (cache miss)
2945 http fetch GET 200 https://registry.npmjs.org/resolve/-/resolve-2.0.0-next.6.tgz 2425ms (cache miss)
2946 http fetch GET 200 https://registry.npmjs.org/metro-babel-transformer/-/metro-babel-transformer-0.83.5.tgz 2397ms (cache miss)
2947 http fetch GET 200 https://registry.npmjs.org/metro-cache-key/-/metro-cache-key-0.83.5.tgz 2411ms (cache miss)
2948 http fetch GET 200 https://registry.npmjs.org/merge-stream/-/merge-stream-2.0.0.tgz 2439ms (cache miss)
2949 http fetch GET 200 https://registry.npmjs.org/mime-types/-/mime-types-2.1.35.tgz 2450ms (cache miss)
2950 http fetch GET 200 https://registry.npmjs.org/metro-transform-plugins/-/metro-transform-plugins-0.83.5.tgz 2462ms (cache miss)
2951 http fetch GET 200 https://registry.npmjs.org/mimic-function/-/mimic-function-5.0.1.tgz 2478ms (cache miss)
2952 http fetch GET 200 https://registry.npmjs.org/marky/-/marky-1.3.0.tgz 2475ms (cache miss)
2953 http fetch GET 200 https://registry.npmjs.org/math-intrinsics/-/math-intrinsics-1.1.0.tgz 2490ms (cache miss)
2954 http fetch GET 200 https://registry.npmjs.org/makeerror/-/makeerror-1.0.12.tgz 2495ms (cache miss)
2955 http fetch GET 200 https://registry.npmjs.org/log-update/-/log-update-6.1.0.tgz 2506ms (cache miss)
2956 http fetch GET 200 https://registry.npmjs.org/make-error/-/make-error-1.3.6.tgz 2511ms (cache miss)
2957 http fetch GET 200 https://registry.npmjs.org/lru-cache/-/lru-cache-5.1.1.tgz 2515ms (cache miss)
2958 http fetch GET 200 https://registry.npmjs.org/log-symbols/-/log-symbols-2.2.0.tgz 2521ms (cache miss)
2959 http fetch GET 200 https://registry.npmjs.org/make-dir/-/make-dir-4.0.0.tgz 2522ms (cache miss)
2960 http fetch GET 200 https://registry.npmjs.org/memoize-one/-/memoize-one-5.2.1.tgz 2523ms (cache miss)
2961 http fetch GET 200 https://registry.npmjs.org/path-scurry/-/path-scurry-2.0.2.tgz 2532ms (cache miss)
2962 http fetch GET 200 https://registry.npmjs.org/lodash.merge/-/lodash.merge-4.6.2.tgz 2525ms (cache miss)
2963 http fetch GET 200 https://registry.npmjs.org/loose-envify/-/loose-envify-1.4.0.tgz 2531ms (cache miss)
2964 http fetch GET 200 https://registry.npmjs.org/lodash.throttle/-/lodash.throttle-4.1.1.tgz 2543ms (cache miss)
2965 http fetch GET 200 https://registry.npmjs.org/metro-runtime/-/metro-runtime-0.83.5.tgz 2548ms (cache miss)
2966 http fetch GET 200 https://registry.npmjs.org/lodash.memoize/-/lodash.memoize-4.1.2.tgz 2557ms (cache miss)
2967 http fetch GET 200 https://registry.npmjs.org/lodash.debounce/-/lodash.debounce-4.0.8.tgz 2559ms (cache miss)
2968 http fetch GET 200 https://registry.npmjs.org/locate-path/-/locate-path-6.0.0.tgz 2563ms (cache miss)
2969 http fetch GET 200 https://registry.npmjs.org/lines-and-columns/-/lines-and-columns-1.2.4.tgz 2568ms (cache miss)
2970 http fetch GET 200 https://registry.npmjs.org/path-key/-/path-key-3.1.1.tgz 2576ms (cache miss)
2971 http fetch GET 200 https://registry.npmjs.org/metro-core/-/metro-core-0.83.5.tgz 2605ms (cache miss)
2972 http fetch GET 200 https://registry.npmjs.org/listr2/-/listr2-9.0.5.tgz 2616ms (cache miss)
2973 http fetch GET 200 https://registry.npmjs.org/lighthouse-logger/-/lighthouse-logger-1.4.2.tgz 2634ms (cache miss)
2974 http fetch GET 200 https://registry.npmjs.org/levn/-/levn-0.4.1.tgz 2649ms (cache miss)
2975 http fetch GET 200 https://registry.npmjs.org/react-dom/-/react-dom-19.2.0.tgz 2690ms (cache miss)
2976 http fetch GET 200 https://registry.npmjs.org/lan-network/-/lan-network-0.2.1.tgz 2666ms (cache miss)
2977 http fetch GET 200 https://registry.npmjs.org/kleur/-/kleur-3.0.3.tgz 2671ms (cache miss)
2978 http fetch GET 200 https://registry.npmjs.org/leven/-/leven-3.1.0.tgz 2673ms (cache miss)
2979 http fetch GET 200 https://registry.npmjs.org/klaw-sync/-/klaw-sync-6.0.0.tgz 2673ms (cache miss)
2980 http fetch GET 200 https://registry.npmjs.org/json-stable-stringify-without-jsonify/-/json-stable-stringify-without-jsonify-1.0.1.tgz 2697ms (cache miss)
2981 http fetch GET 200 https://registry.npmjs.org/keyv/-/keyv-4.5.4.tgz 2704ms (cache miss)
2982 http fetch GET 200 https://registry.npmjs.org/jsonify/-/jsonify-0.0.1.tgz 2705ms (cache miss)
2983 http fetch GET 200 https://registry.npmjs.org/jsonfile/-/jsonfile-6.2.1.tgz 2716ms (cache miss)
2984 http fetch GET 200 https://registry.npmjs.org/json-parse-even-better-errors/-/json-parse-even-better-errors-2.3.1.tgz 2720ms (cache miss)
2985 http fetch GET 200 https://registry.npmjs.org/json-schema-traverse/-/json-schema-traverse-0.4.1.tgz 2725ms (cache miss)
2986 http fetch GET 200 https://registry.npmjs.org/json-stable-stringify/-/json-stable-stringify-1.3.0.tgz 2726ms (cache miss)
2987 http fetch GET 200 https://registry.npmjs.org/json-buffer/-/json-buffer-3.0.1.tgz 2731ms (cache miss)
2988 http fetch GET 200 https://registry.npmjs.org/js-tokens/-/js-tokens-4.0.0.tgz 2748ms (cache miss)
2989 http fetch GET 200 https://registry.npmjs.org/mdn-data/-/mdn-data-2.0.14.tgz 2765ms (cache miss)
2990 http fetch GET 200 https://registry.npmjs.org/neo-async/-/neo-async-2.6.2.tgz 2786ms (cache miss)
2991 http fetch GET 200 https://registry.npmjs.org/jest-watch-typeahead/-/jest-watch-typeahead-2.2.1.tgz 2786ms (cache miss)
2992 http fetch GET 200 https://registry.npmjs.org/jest-watcher/-/jest-watcher-29.7.0.tgz 2792ms (cache miss)
2993 http fetch GET 200 https://registry.npmjs.org/jest-watch-select-projects/-/jest-watch-select-projects-2.0.0.tgz 2814ms (cache miss)
2994 http fetch GET 200 https://registry.npmjs.org/lightningcss/-/lightningcss-1.32.0.tgz 2836ms (cache miss)
2995 http fetch GET 200 https://registry.npmjs.org/jest-runtime/-/jest-runtime-29.7.0.tgz 2832ms (cache miss)
2996 http fetch GET 200 https://registry.npmjs.org/jest-validate/-/jest-validate-29.7.0.tgz 2837ms (cache miss)
2997 http fetch GET 200 https://registry.npmjs.org/jimp-compact/-/jimp-compact-0.16.1.tgz 2853ms (cache miss)
2998 http fetch GET 200 https://registry.npmjs.org/jest-util/-/jest-util-29.7.0.tgz 2869ms (cache miss)
2999 http fetch GET 200 https://registry.npmjs.org/jest-runner/-/jest-runner-29.7.0.tgz 2873ms (cache miss)
3000 http fetch GET 200 https://registry.npmjs.org/node-forge/-/node-forge-1.4.0.tgz 2897ms (cache miss)
3001 http fetch GET 200 https://registry.npmjs.org/jest-resolve-dependencies/-/jest-resolve-dependencies-29.7.0.tgz 2891ms (cache miss)
3002 http fetch GET 200 https://registry.npmjs.org/jsesc/-/jsesc-3.1.0.tgz 2911ms (cache miss)
3003 http fetch GET 200 https://registry.npmjs.org/jest-mock/-/jest-mock-29.7.0.tgz 2929ms (cache miss)
3004 http fetch GET 200 https://registry.npmjs.org/jest-pnp-resolver/-/jest-pnp-resolver-1.2.3.tgz 2931ms (cache miss)
3005 http fetch GET 200 https://registry.npmjs.org/jest-worker/-/jest-worker-29.7.0.tgz 2954ms (cache miss)
3006 http fetch GET 200 https://registry.npmjs.org/lint-staged/-/lint-staged-16.4.0.tgz 2962ms (cache miss)
3007 http fetch GET 200 https://registry.npmjs.org/jest-leak-detector/-/jest-leak-detector-29.7.0.tgz 2957ms (cache miss)
3008 http fetch GET 200 https://registry.npmjs.org/jest-snapshot/-/jest-snapshot-29.7.0.tgz 2963ms (cache miss)
3009 http fetch GET 200 https://registry.npmjs.org/jest-matcher-utils/-/jest-matcher-utils-29.7.0.tgz 2961ms (cache miss)
3010 http fetch GET 200 https://registry.npmjs.org/jest-message-util/-/jest-message-util-29.7.0.tgz 2966ms (cache miss)
3011 http fetch GET 200 https://registry.npmjs.org/jest-get-type/-/jest-get-type-29.6.3.tgz 2972ms (cache miss)
3012 http fetch GET 200 https://registry.npmjs.org/jest-environment-node/-/jest-environment-node-29.7.0.tgz 2976ms (cache miss)
3013 http fetch GET 200 https://registry.npmjs.org/jest-resolve/-/jest-resolve-29.7.0.tgz 2983ms (cache miss)
3014 http fetch GET 200 https://registry.npmjs.org/jest-environment-jsdom/-/jest-environment-jsdom-29.7.0.tgz 3002ms (cache miss)
3015 http fetch GET 200 https://registry.npmjs.org/parse5/-/parse5-7.3.0.tgz 3041ms (cache miss)
3016 http fetch GET 200 https://registry.npmjs.org/jest-each/-/jest-each-29.7.0.tgz 3024ms (cache miss)
3017 http fetch GET 200 https://registry.npmjs.org/jest-docblock/-/jest-docblock-29.7.0.tgz 3039ms (cache miss)
3018 http fetch GET 200 https://registry.npmjs.org/jest-cli/-/jest-cli-29.7.0.tgz 3060ms (cache miss)
3019 http fetch GET 200 https://registry.npmjs.org/jsc-safe-url/-/jsc-safe-url-0.2.4.tgz 3069ms (cache miss)
3020 http fetch GET 200 https://registry.npmjs.org/jest/-/jest-29.7.0.tgz 3084ms (cache miss)
3021 http fetch GET 200 https://registry.npmjs.org/metro-source-map/-/metro-source-map-0.83.5.tgz 3109ms (cache miss)
3022 http fetch GET 200 https://registry.npmjs.org/minimist/-/minimist-1.2.8.tgz 3116ms (cache miss)
3023 http fetch GET 200 https://registry.npmjs.org/iterator.prototype/-/iterator.prototype-1.1.5.tgz 3120ms (cache miss)
3024 http fetch GET 200 https://registry.npmjs.org/istanbul-lib-report/-/istanbul-lib-report-3.0.1.tgz 3121ms (cache miss)
3025 http fetch GET 200 https://registry.npmjs.org/metro-minify-terser/-/metro-minify-terser-0.83.5.tgz 3124ms (cache miss)
3026 http fetch GET 200 https://registry.npmjs.org/istanbul-lib-source-maps/-/istanbul-lib-source-maps-4.0.1.tgz 3127ms (cache miss)
3027 http fetch GET 200 https://registry.npmjs.org/istanbul-lib-coverage/-/istanbul-lib-coverage-3.2.2.tgz 3131ms (cache miss)
3028 http fetch GET 200 https://registry.npmjs.org/isexe/-/isexe-2.0.0.tgz 3167ms (cache miss)
3029 http fetch GET 200 https://registry.npmjs.org/is-weakmap/-/is-weakmap-2.0.2.tgz 3202ms (cache miss)
3030 http fetch GET 200 https://registry.npmjs.org/is-wsl/-/is-wsl-2.2.0.tgz 3204ms (cache miss)
3031 http fetch GET 200 https://registry.npmjs.org/isarray/-/isarray-2.0.5.tgz 3208ms (cache miss)
3032 http fetch GET 200 https://registry.npmjs.org/is-weakset/-/is-weakset-2.0.4.tgz 3213ms (cache miss)
3033 http fetch GET 200 https://registry.npmjs.org/is-weakref/-/is-weakref-1.1.1.tgz 3237ms (cache miss)
3034 http fetch GET 200 https://registry.npmjs.org/is-typed-array/-/is-typed-array-1.1.15.tgz 3245ms (cache miss)
3035 http fetch GET 200 https://registry.npmjs.org/jest-diff/-/jest-diff-29.7.0.tgz 3264ms (cache miss)
3036 http fetch GET 200 https://registry.npmjs.org/is-string/-/is-string-1.1.1.tgz 3256ms (cache miss)
3037 http fetch GET 200 https://registry.npmjs.org/is-symbol/-/is-symbol-1.1.1.tgz 3258ms (cache miss)
3038 http fetch GET 200 https://registry.npmjs.org/metro-config/-/metro-config-0.83.5.tgz 3320ms (cache miss)
3039 http fetch GET 200 https://registry.npmjs.org/is-shared-array-buffer/-/is-shared-array-buffer-1.0.4.tgz 3300ms (cache miss)
3040 http fetch GET 200 https://registry.npmjs.org/is-set/-/is-set-2.0.3.tgz 3305ms (cache miss)
3041 http fetch GET 200 https://registry.npmjs.org/is-port-reachable/-/is-port-reachable-4.0.0.tgz 3306ms (cache miss)
3042 http fetch GET 200 https://registry.npmjs.org/is-regex/-/is-regex-1.2.1.tgz 3317ms (cache miss)
3043 http fetch GET 200 https://registry.npmjs.org/is-stream/-/is-stream-2.0.1.tgz 3324ms (cache miss)
3044 http fetch GET 200 https://registry.npmjs.org/is-negative-zero/-/is-negative-zero-2.0.3.tgz 3330ms (cache miss)
3045 http fetch GET 200 https://registry.npmjs.org/is-path-inside/-/is-path-inside-3.0.3.tgz 3334ms (cache miss)
3046 http fetch GET 200 https://registry.npmjs.org/is-number-object/-/is-number-object-1.1.1.tgz 3336ms (cache miss)
3047 http fetch GET 200 https://registry.npmjs.org/jest-circus/-/jest-circus-29.7.0.tgz 3353ms (cache miss)
3048 http fetch GET 200 https://registry.npmjs.org/is-number/-/is-number-7.0.0.tgz 3343ms (cache miss)
3049 http fetch GET 200 https://registry.npmjs.org/is-glob/-/is-glob-4.0.3.tgz 3343ms (cache miss)
3050 http fetch GET 200 https://registry.npmjs.org/is-map/-/is-map-2.0.3.tgz 3353ms (cache miss)
3051 http fetch GET 200 https://registry.npmjs.org/js-yaml/-/js-yaml-4.1.1.tgz 3380ms (cache miss)
3052 http fetch GET 200 https://registry.npmjs.org/is-fullwidth-code-point/-/is-fullwidth-code-point-5.1.0.tgz 3369ms (cache miss)
3053 http fetch GET 200 https://registry.npmjs.org/is-data-view/-/is-data-view-1.0.2.tgz 3379ms (cache miss)
3054 http fetch GET 200 https://registry.npmjs.org/is-finalizationregistry/-/is-finalizationregistry-1.1.1.tgz 3393ms (cache miss)
3055 http fetch GET 200 https://registry.npmjs.org/jest-config/-/jest-config-29.7.0.tgz 3407ms (cache miss)
3056 http fetch GET 200 https://registry.npmjs.org/is-generator-fn/-/is-generator-fn-2.1.0.tgz 3401ms (cache miss)
3057 http fetch GET 200 https://registry.npmjs.org/is-docker/-/is-docker-2.2.1.tgz 3405ms (cache miss)
3058 http fetch GET 200 https://registry.npmjs.org/is-generator-function/-/is-generator-function-1.1.2.tgz 3409ms (cache miss)
3059 http fetch GET 200 https://registry.npmjs.org/is-date-object/-/is-date-object-1.1.0.tgz 3412ms (cache miss)
3060 http fetch GET 200 https://registry.npmjs.org/is-callable/-/is-callable-1.2.7.tgz 3414ms (cache miss)
3061 http fetch GET 200 https://registry.npmjs.org/is-bigint/-/is-bigint-1.1.0.tgz 3416ms (cache miss)
3062 http fetch GET 200 https://registry.npmjs.org/is-arrayish/-/is-arrayish-0.2.1.tgz 3425ms (cache miss)
3063 http fetch GET 200 https://registry.npmjs.org/is-async-function/-/is-async-function-2.1.1.tgz 3430ms (cache miss)
3064 http fetch GET 200 https://registry.npmjs.org/is-extglob/-/is-extglob-2.1.1.tgz 3434ms (cache miss)
3065 http fetch GET 200 https://registry.npmjs.org/is-array-buffer/-/is-array-buffer-3.0.5.tgz 3435ms (cache miss)
3066 http fetch GET 200 https://registry.npmjs.org/is-core-module/-/is-core-module-2.16.1.tgz 3438ms (cache miss)
3067 http fetch GET 200 https://registry.npmjs.org/istanbul-lib-instrument/-/istanbul-lib-instrument-6.0.3.tgz 3455ms (cache miss)
3068 http fetch GET 200 https://registry.npmjs.org/internmap/-/internmap-2.0.3.tgz 3444ms (cache miss)
3069 http fetch GET 200 https://registry.npmjs.org/inherits/-/inherits-2.0.4.tgz 3446ms (cache miss)
3070 http fetch GET 200 https://registry.npmjs.org/is-boolean-object/-/is-boolean-object-1.2.2.tgz 3452ms (cache miss)
3071 http fetch GET 200 https://registry.npmjs.org/invariant/-/invariant-2.2.4.tgz 3452ms (cache miss)
3072 http fetch GET 200 https://registry.npmjs.org/ini/-/ini-1.3.8.tgz 3453ms (cache miss)
3073 http fetch GET 200 https://registry.npmjs.org/internal-slot/-/internal-slot-1.1.0.tgz 3460ms (cache miss)
3074 http fetch GET 200 https://registry.npmjs.org/inline-style-prefixer/-/inline-style-prefixer-7.0.1.tgz 3460ms (cache miss)
3075 http fetch GET 200 https://registry.npmjs.org/inflight/-/inflight-1.0.6.tgz 3468ms (cache miss)
3076 warn deprecated inflight@1.0.6: This module is not supported, and leaks memory. Do not use it. Check out lru-cache if you want a good and tested way to coalesce async requests by a key value, which is much more comprehensive and powerful.
3077 http fetch GET 200 https://registry.npmjs.org/jest-haste-map/-/jest-haste-map-29.7.0.tgz 3490ms (cache miss)
3078 http fetch GET 200 https://registry.npmjs.org/import-local/-/import-local-3.2.0.tgz 3472ms (cache miss)
3079 http fetch GET 200 https://registry.npmjs.org/metro-resolver/-/metro-resolver-0.83.5.tgz 3513ms (cache miss)
3080 http fetch GET 200 https://registry.npmjs.org/indent-string/-/indent-string-4.0.0.tgz 3475ms (cache miss)
3081 http fetch GET 200 https://registry.npmjs.org/imurmurhash/-/imurmurhash-0.1.4.tgz 3475ms (cache miss)
3082 http fetch GET 200 https://registry.npmjs.org/is-potential-custom-element-name/-/is-potential-custom-element-name-1.0.1.tgz 3487ms (cache miss)
3083 http fetch GET 200 https://registry.npmjs.org/import-fresh/-/import-fresh-3.3.1.tgz 3478ms (cache miss)
3084 http fetch GET 200 https://registry.npmjs.org/metro-symbolicate/-/metro-symbolicate-0.83.5.tgz 3501ms (cache miss)
3085 http fetch GET 200 https://registry.npmjs.org/ignore/-/ignore-7.0.5.tgz 3482ms (cache miss)
3086 http fetch GET 200 https://registry.npmjs.org/husky/-/husky-9.1.7.tgz 3496ms (cache miss)
3087 http fetch GET 200 https://registry.npmjs.org/json5/-/json5-2.2.3.tgz 3517ms (cache miss)
3088 http fetch GET 200 https://registry.npmjs.org/https-proxy-agent/-/https-proxy-agent-5.0.1.tgz 3502ms (cache miss)
3089 http fetch GET 200 https://registry.npmjs.org/http-proxy-agent/-/http-proxy-agent-5.0.0.tgz 3503ms (cache miss)
3090 http fetch GET 200 https://registry.npmjs.org/human-signals/-/human-signals-2.1.0.tgz 3510ms (cache miss)
3091 http fetch GET 200 https://registry.npmjs.org/hosted-git-info/-/hosted-git-info-7.0.2.tgz 3512ms (cache miss)
3092 http fetch GET 200 https://registry.npmjs.org/joi/-/joi-18.1.2.tgz 3544ms (cache miss)
3093 http fetch GET 200 https://registry.npmjs.org/jest-changed-files/-/jest-changed-files-29.7.0.tgz 3539ms (cache miss)
3094 http fetch GET 200 https://registry.npmjs.org/http-errors/-/http-errors-2.0.1.tgz 3518ms (cache miss)
3095 http fetch GET 200 https://registry.npmjs.org/html-encoding-sniffer/-/html-encoding-sniffer-3.0.0.tgz 3532ms (cache miss)
3096 http fetch GET 200 https://registry.npmjs.org/hyphenate-style-name/-/hyphenate-style-name-1.1.0.tgz 3551ms (cache miss)
3097 http fetch GET 200 https://registry.npmjs.org/hoist-non-react-statics/-/hoist-non-react-statics-3.3.2.tgz 3557ms (cache miss)
3098 http fetch GET 200 https://registry.npmjs.org/has-tostringtag/-/has-tostringtag-1.0.2.tgz 3567ms (cache miss)
3099 http fetch GET 200 https://registry.npmjs.org/minimatch/-/minimatch-10.2.5.tgz 3628ms (cache miss)
3100 http fetch GET 200 https://registry.npmjs.org/jest-regex-util/-/jest-regex-util-29.6.3.tgz 3615ms (cache miss)
3101 http fetch GET 200 https://registry.npmjs.org/has-symbols/-/has-symbols-1.1.0.tgz 3628ms (cache miss)
3102 http fetch GET 200 https://registry.npmjs.org/has-property-descriptors/-/has-property-descriptors-1.0.2.tgz 3630ms (cache miss)
3103 http fetch GET 200 https://registry.npmjs.org/has-flag/-/has-flag-4.0.0.tgz 3631ms (cache miss)
3104 http fetch GET 200 https://registry.npmjs.org/has-bigints/-/has-bigints-1.1.0.tgz 3646ms (cache miss)
3105 http fetch GET 200 https://registry.npmjs.org/jest-expo/-/jest-expo-55.0.16.tgz 3686ms (cache miss)
3106 http fetch GET 200 https://registry.npmjs.org/graceful-fs/-/graceful-fs-4.2.11.tgz 3731ms (cache miss)
3107 http fetch GET 200 https://registry.npmjs.org/globalthis/-/globalthis-1.0.4.tgz 3749ms (cache miss)
3108 http fetch GET 200 https://registry.npmjs.org/gopd/-/gopd-1.2.0.tgz 3750ms (cache miss)
3109 http fetch GET 200 https://registry.npmjs.org/html-escaper/-/html-escaper-2.0.2.tgz 3757ms (cache miss)
3110 http fetch GET 200 https://registry.npmjs.org/hasown/-/hasown-2.0.2.tgz 3767ms (cache miss)
3111 http fetch GET 200 https://registry.npmjs.org/globals/-/globals-13.24.0.tgz 3764ms (cache miss)
3112 http fetch GET 200 https://registry.npmjs.org/getenv/-/getenv-2.0.0.tgz 3803ms (cache miss)
3113 http fetch GET 200 https://registry.npmjs.org/get-stream/-/get-stream-6.0.1.tgz 3820ms (cache miss)
3114 http fetch GET 200 https://registry.npmjs.org/get-package-type/-/get-package-type-0.1.0.tgz 3846ms (cache miss)
3115 http fetch GET 200 https://registry.npmjs.org/get-symbol-description/-/get-symbol-description-1.1.0.tgz 3854ms (cache miss)
3116 http fetch GET 200 https://registry.npmjs.org/prompts/-/prompts-2.4.2.tgz 3907ms (cache miss)
3117 http fetch GET 200 https://registry.npmjs.org/get-proto/-/get-proto-1.0.1.tgz 3864ms (cache miss)
3118 http fetch GET 200 https://registry.npmjs.org/get-nonce/-/get-nonce-1.0.1.tgz 3873ms (cache miss)
3119 http fetch GET 200 https://registry.npmjs.org/get-caller-file/-/get-caller-file-2.0.5.tgz 3884ms (cache miss)
3120 http fetch GET 200 https://registry.npmjs.org/get-intrinsic/-/get-intrinsic-1.3.0.tgz 3888ms (cache miss)
3121 http fetch GET 200 https://registry.npmjs.org/its-fine/-/its-fine-1.2.5.tgz 3893ms (cache miss)
3122 http fetch GET 200 https://registry.npmjs.org/functions-have-names/-/functions-have-names-1.2.3.tgz 3898ms (cache miss)
3123 http fetch GET 200 https://registry.npmjs.org/get-tsconfig/-/get-tsconfig-4.14.0.tgz 3902ms (cache miss)
3124 http fetch GET 200 https://registry.npmjs.org/glob-parent/-/glob-parent-6.0.2.tgz 3943ms (cache miss)
3125 http fetch GET 200 https://registry.npmjs.org/function-bind/-/function-bind-1.1.2.tgz 3940ms (cache miss)
3126 http fetch GET 200 https://registry.npmjs.org/function.prototype.name/-/function.prototype.name-1.1.8.tgz 3944ms (cache miss)
3127 http fetch GET 200 https://registry.npmjs.org/fresh/-/fresh-0.5.2.tgz 3944ms (cache miss)
3128 http fetch GET 200 https://registry.npmjs.org/fs.realpath/-/fs.realpath-1.0.0.tgz 3950ms (cache miss)
3129 http fetch GET 200 https://registry.npmjs.org/follow-redirects/-/follow-redirects-1.16.0.tgz 3979ms (cache miss)
3130 http fetch GET 200 https://registry.npmjs.org/for-each/-/for-each-0.3.5.tgz 3980ms (cache miss)
3131 http fetch GET 200 https://registry.npmjs.org/find-yarn-workspace-root/-/find-yarn-workspace-root-2.0.0.tgz 4002ms (cache miss)
3132 http fetch GET 200 https://registry.npmjs.org/finalhandler/-/finalhandler-1.1.2.tgz 4006ms (cache miss)
3133 http fetch GET 200 https://registry.npmjs.org/flow-enums-runtime/-/flow-enums-runtime-0.0.6.tgz 4012ms (cache miss)
3134 http fetch GET 200 https://registry.npmjs.org/iconv-lite/-/iconv-lite-0.6.3.tgz 4030ms (cache miss)
3135 http fetch GET 200 https://registry.npmjs.org/form-data/-/form-data-4.0.5.tgz 4019ms (cache miss)
3136 http fetch GET 200 https://registry.npmjs.org/filter-obj/-/filter-obj-1.1.0.tgz 4019ms (cache miss)
3137 http fetch GET 200 https://registry.npmjs.org/file-entry-cache/-/file-entry-cache-6.0.1.tgz 4020ms (cache miss)
3138 http fetch GET 200 https://registry.npmjs.org/fill-range/-/fill-range-7.1.1.tgz 4033ms (cache miss)
3139 http fetch GET 200 https://registry.npmjs.org/flat-cache/-/flat-cache-3.2.0.tgz 4035ms (cache miss)
3140 http fetch GET 200 https://registry.npmjs.org/fdir/-/fdir-6.5.0.tgz 4035ms (cache miss)
3141 http fetch GET 200 https://registry.npmjs.org/fbjs-css-vars/-/fbjs-css-vars-1.0.2.tgz 4037ms (cache miss)
3142 http fetch GET 200 https://registry.npmjs.org/fb-watchman/-/fb-watchman-2.0.2.tgz 4039ms (cache miss)
3143 http fetch GET 200 https://registry.npmjs.org/has-proto/-/has-proto-1.2.0.tgz 4050ms (cache miss)
3144 http fetch GET 200 https://registry.npmjs.org/hermes-estree/-/hermes-estree-0.25.1.tgz 4067ms (cache miss)
3145 http fetch GET 200 https://registry.npmjs.org/fastq/-/fastq-1.20.1.tgz 4054ms (cache miss)
3146 http fetch GET 200 https://registry.npmjs.org/flatted/-/flatted-3.4.2.tgz 4064ms (cache miss)
3147 http fetch GET 200 https://registry.npmjs.org/fast-levenshtein/-/fast-levenshtein-2.0.6.tgz 4061ms (cache miss)
3148 http fetch GET 200 https://registry.npmjs.org/get-east-asian-width/-/get-east-asian-width-1.5.0.tgz 4063ms (cache miss)
3149 http fetch GET 200 https://registry.npmjs.org/fontfaceobserver/-/fontfaceobserver-2.3.0.tgz 4077ms (cache miss)
3150 http fetch GET 200 https://registry.npmjs.org/undici/-/undici-6.25.0.tgz 4220ms (cache miss)
3151 http fetch GET 200 https://registry.npmjs.org/fetch-nodeshim/-/fetch-nodeshim-0.4.10.tgz 4091ms (cache miss)
3152 http fetch GET 200 https://registry.npmjs.org/exponential-backoff/-/exponential-backoff-3.1.3.tgz 4102ms (cache miss)
3153 http fetch GET 200 https://registry.npmjs.org/expo-updates-interface/-/expo-updates-interface-55.1.5.tgz 4107ms (cache miss)
3154 http fetch GET 200 https://registry.npmjs.org/generator-function/-/generator-function-2.0.1.tgz 4118ms (cache miss)
3155 http fetch GET 200 https://registry.npmjs.org/graphemer/-/graphemer-1.4.0.tgz 4136ms (cache miss)
3156 http fetch GET 200 https://registry.npmjs.org/expo-status-bar/-/expo-status-bar-55.0.5.tgz 4149ms (cache miss)
3157 http fetch GET 200 https://registry.npmjs.org/find-up/-/find-up-5.0.0.tgz 4205ms (cache miss)
3158 http fetch GET 200 https://registry.npmjs.org/playwright/-/playwright-1.59.1.tgz 4340ms (cache miss)
3159 http fetch GET 200 https://registry.npmjs.org/fast-uri/-/fast-uri-3.1.4.tgz 4376ms (cache miss)
3160 http fetch GET 200 https://registry.npmjs.org/fs-extra/-/fs-extra-10.1.0.tgz 4392ms (cache miss)
3161 http fetch GET 200 https://registry.npmjs.org/image-size/-/image-size-1.2.1.tgz 4420ms (cache miss)
3162 http fetch GET 200 https://registry.npmjs.org/expo-manifests/-/expo-manifests-55.0.15.tgz 4479ms (cache miss)
3163 http fetch GET 200 https://registry.npmjs.org/hermes-parser/-/hermes-parser-0.25.1.tgz 4513ms (cache miss)
3164 http fetch GET 200 https://registry.npmjs.org/fast-deep-equal/-/fast-deep-equal-3.1.3.tgz 4559ms (cache miss)
3165 http fetch GET 200 https://registry.npmjs.org/gensync/-/gensync-1.0.0-beta.2.tgz 4571ms (cache miss)
3166 http fetch GET 200 https://registry.npmjs.org/react-native-safe-area-context/-/react-native-safe-area-context-5.8.0.tgz 4758ms (cache miss)
3167 http fetch GET 200 https://registry.npmjs.org/victory-native/-/victory-native-41.20.2.tgz 4818ms (cache miss)
3168 http fetch GET 200 https://registry.npmjs.org/expo-json-utils/-/expo-json-utils-55.0.2.tgz 4704ms (cache miss)
3169 http fetch GET 200 https://registry.npmjs.org/istanbul-reports/-/istanbul-reports-3.2.0.tgz 4741ms (cache miss)
3170 http fetch GET 200 https://registry.npmjs.org/expo-glass-effect/-/expo-glass-effect-55.0.11.tgz 4915ms (cache miss)
3171 http fetch GET 200 https://registry.npmjs.org/jsx-ast-utils/-/jsx-ast-utils-3.3.5.tgz 5038ms (cache miss)
3172 http fetch GET 200 https://registry.npmjs.org/metro-file-map/-/metro-file-map-0.83.5.tgz 5103ms (cache miss)
3173 http fetch GET 200 https://registry.npmjs.org/react-devtools-core/-/react-devtools-core-6.1.5.tgz 5225ms (cache miss)
3174 http fetch GET 200 https://registry.npmjs.org/expo-dev-menu-interface/-/expo-dev-menu-interface-55.0.2.tgz 5134ms (cache miss)
3175 http fetch GET 200 https://registry.npmjs.org/expo-dev-client/-/expo-dev-client-55.0.27.tgz 5196ms (cache miss)
3176 http fetch GET 200 https://registry.npmjs.org/lightningcss-linux-arm64-musl/-/lightningcss-linux-arm64-musl-1.32.0.tgz 5324ms (cache miss)
3177 http fetch GET 200 https://registry.npmjs.org/glob/-/glob-13.0.6.tgz 5342ms (cache miss)
3178 http fetch GET 200 https://registry.npmjs.org/yaml/-/yaml-2.8.3.tgz 5528ms (cache miss)
3179 http fetch GET 200 https://registry.npmjs.org/lightningcss-linux-arm64-gnu/-/lightningcss-linux-arm64-gnu-1.32.0.tgz 5472ms (cache miss)
3180 http fetch GET 200 https://registry.npmjs.org/expo-build-properties/-/expo-build-properties-55.0.13.tgz 5491ms (cache miss)
3181 http fetch GET 200 https://registry.npmjs.org/expo-video-thumbnails/-/expo-video-thumbnails-55.0.14.tgz 5565ms (cache miss)
3182 http fetch GET 200 https://registry.npmjs.org/regenerate-unicode-properties/-/regenerate-unicode-properties-10.2.2.tgz 5667ms (cache miss)
3183 http fetch GET 200 https://registry.npmjs.org/expect/-/expect-29.7.0.tgz 5610ms (cache miss)
3184 http fetch GET 200 https://registry.npmjs.org/event-target-shim/-/event-target-shim-5.0.1.tgz 5619ms (cache miss)
3185 http fetch GET 200 https://registry.npmjs.org/expo-splash-screen/-/expo-splash-screen-55.0.20.tgz 5642ms (cache miss)
3186 http fetch GET 200 https://registry.npmjs.org/estraverse/-/estraverse-5.3.0.tgz 5764ms (cache miss)
3187 http fetch GET 200 https://registry.npmjs.org/esutils/-/esutils-2.0.3.tgz 5767ms (cache miss)
3188 http fetch GET 200 https://registry.npmjs.org/exit/-/exit-0.1.2.tgz 5770ms (cache miss)
3189 http fetch GET 200 https://registry.npmjs.org/execa/-/execa-5.1.1.tgz 5780ms (cache miss)
3190 http fetch GET 200 https://registry.npmjs.org/esrecurse/-/esrecurse-4.3.0.tgz 5828ms (cache miss)
3191 http fetch GET 200 https://registry.npmjs.org/eslint-visitor-keys/-/eslint-visitor-keys-3.4.3.tgz 5849ms (cache miss)
3192 http fetch GET 200 https://registry.npmjs.org/esprima/-/esprima-4.0.1.tgz 5872ms (cache miss)
3193 http fetch GET 200 https://registry.npmjs.org/espree/-/espree-9.6.1.tgz 5881ms (cache miss)
3194 http fetch GET 200 https://registry.npmjs.org/eslint-plugin-react-native-globals/-/eslint-plugin-react-native-globals-0.1.2.tgz 5886ms (cache miss)
3195 http fetch GET 200 https://registry.npmjs.org/expo-constants/-/expo-constants-55.0.14.tgz 5894ms (cache miss)
3196 http fetch GET 200 https://registry.npmjs.org/eslint-plugin-react-native/-/eslint-plugin-react-native-5.0.0.tgz 5889ms (cache miss)
3197 http fetch GET 200 https://registry.npmjs.org/escodegen/-/escodegen-2.1.0.tgz 5917ms (cache miss)
3198 http fetch GET 200 https://registry.npmjs.org/escape-string-regexp/-/escape-string-regexp-4.0.0.tgz 5925ms (cache miss)
3199 http fetch GET 200 https://registry.npmjs.org/escape-html/-/escape-html-1.0.3.tgz 5938ms (cache miss)
3200 http fetch GET 200 https://registry.npmjs.org/expo-web-browser/-/expo-web-browser-55.0.14.tgz 5961ms (cache miss)
3201 http fetch GET 200 https://registry.npmjs.org/eslint-scope/-/eslint-scope-7.2.2.tgz 5960ms (cache miss)
3202 http fetch GET 200 https://registry.npmjs.org/es-to-primitive/-/es-to-primitive-1.3.0.tgz 5958ms (cache miss)
3203 http fetch GET 200 https://registry.npmjs.org/escalade/-/escalade-3.2.0.tgz 5960ms (cache miss)
3204 http fetch GET 200 https://registry.npmjs.org/es-object-atoms/-/es-object-atoms-1.1.1.tgz 5980ms (cache miss)
3205 http fetch GET 200 https://registry.npmjs.org/expo-system-ui/-/expo-system-ui-55.0.16.tgz 6006ms (cache miss)
3206 http fetch GET 200 https://registry.npmjs.org/es-shim-unscopables/-/es-shim-unscopables-1.1.0.tgz 5990ms (cache miss)
3207 http fetch GET 200 https://registry.npmjs.org/esbuild/-/esbuild-0.25.12.tgz 5994ms (cache miss)
3208 http fetch GET 200 https://registry.npmjs.org/fast-json-stable-stringify/-/fast-json-stable-stringify-2.1.0.tgz 6006ms (cache miss)
3209 http fetch GET 200 https://registry.npmjs.org/es-errors/-/es-errors-1.3.0.tgz 6032ms (cache miss)
3210 http fetch GET 200 https://registry.npmjs.org/es-define-property/-/es-define-property-1.0.1.tgz 6049ms (cache miss)
3211 http fetch GET 200 https://registry.npmjs.org/expo-image-loader/-/expo-image-loader-55.0.0.tgz 6076ms (cache miss)
3212 http fetch GET 200 https://registry.npmjs.org/environment/-/environment-1.1.0.tgz 6066ms (cache miss)
3213 http fetch GET 200 https://registry.npmjs.org/error-stack-parser/-/error-stack-parser-2.1.4.tgz 6077ms (cache miss)
3214 http fetch GET 200 https://registry.npmjs.org/eventemitter3/-/eventemitter3-5.0.4.tgz 6108ms (cache miss)
3215 http fetch GET 200 https://registry.npmjs.org/emittery/-/emittery-0.13.1.tgz 6098ms (cache miss)
3216 http fetch GET 200 https://registry.npmjs.org/encodeurl/-/encodeurl-1.0.2.tgz 6106ms (cache miss)
3217 http fetch GET 200 https://registry.npmjs.org/emoji-regex/-/emoji-regex-8.0.0.tgz 6114ms (cache miss)
3218 http fetch GET 200 https://registry.npmjs.org/ee-first/-/ee-first-1.1.1.tgz 6118ms (cache miss)
3219 http fetch GET 200 https://registry.npmjs.org/etag/-/etag-1.8.1.tgz 6141ms (cache miss)
3220 http fetch GET 200 https://registry.npmjs.org/dunder-proto/-/dunder-proto-1.0.1.tgz 6132ms (cache miss)
3221 http fetch GET 200 https://registry.npmjs.org/eastasianwidth/-/eastasianwidth-0.2.0.tgz 6139ms (cache miss)
3222 http fetch GET 200 https://registry.npmjs.org/domhandler/-/domhandler-5.0.3.tgz 6169ms (cache miss)
3223 http fetch GET 200 https://registry.npmjs.org/electron-to-chromium/-/electron-to-chromium-1.5.337.tgz 6172ms (cache miss)
3224 http fetch GET 200 https://registry.npmjs.org/domexception/-/domexception-4.0.0.tgz 6176ms (cache miss)
3225 http fetch GET 200 https://registry.npmjs.org/esquery/-/esquery-1.7.0.tgz 6205ms (cache miss)
3226 http fetch GET 200 https://registry.npmjs.org/domelementtype/-/domelementtype-2.3.0.tgz 6196ms (cache miss)
3227 warn deprecated domexception@4.0.0: Use your platform's native DOMException instead
3228 http fetch GET 200 https://registry.npmjs.org/error-ex/-/error-ex-1.3.4.tgz 6261ms (cache miss)
3229 http fetch GET 200 https://registry.npmjs.org/diff-sequences/-/diff-sequences-29.6.3.tgz 6275ms (cache miss)
3230 http fetch GET 200 https://registry.npmjs.org/doctrine/-/doctrine-3.0.0.tgz 6280ms (cache miss)
3231 http fetch GET 200 https://registry.npmjs.org/detect-newline/-/detect-newline-3.1.0.tgz 6285ms (cache miss)
3232 http fetch GET 200 https://registry.npmjs.org/detect-node-es/-/detect-node-es-1.1.0.tgz 6291ms (cache miss)
3233 http fetch GET 200 https://registry.npmjs.org/depd/-/depd-2.0.0.tgz 6308ms (cache miss)
3234 http fetch GET 200 https://registry.npmjs.org/detect-libc/-/detect-libc-2.1.2.tgz 6311ms (cache miss)
3235 http fetch GET 200 https://registry.npmjs.org/destroy/-/destroy-1.2.0.tgz 6312ms (cache miss)
3236 http fetch GET 200 https://registry.npmjs.org/delayed-stream/-/delayed-stream-1.0.0.tgz 6333ms (cache miss)
3237 http fetch GET 200 https://registry.npmjs.org/define-lazy-prop/-/define-lazy-prop-2.0.0.tgz 6334ms (cache miss)
3238 http fetch GET 200 https://registry.npmjs.org/expo-secure-store/-/expo-secure-store-55.0.13.tgz 6367ms (cache miss)
3239 http fetch GET 200 https://registry.npmjs.org/defaults/-/defaults-1.0.4.tgz 6344ms (cache miss)
3240 http fetch GET 200 https://registry.npmjs.org/define-data-property/-/define-data-property-1.1.4.tgz 6346ms (cache miss)
3241 http fetch GET 200 https://registry.npmjs.org/default-values/-/default-values-1.0.2.tgz 6356ms (cache miss)
3242 http fetch GET 200 https://registry.npmjs.org/deepmerge/-/deepmerge-4.3.1.tgz 6359ms (cache miss)
3243 http fetch GET 200 https://registry.npmjs.org/dnssd-advertise/-/dnssd-advertise-1.1.4.tgz 6362ms (cache miss)
3244 http fetch GET 200 https://registry.npmjs.org/define-properties/-/define-properties-1.2.1.tgz 6361ms (cache miss)
3245 http fetch GET 200 https://registry.npmjs.org/deep-extend/-/deep-extend-0.6.0.tgz 6374ms (cache miss)
3246 http fetch GET 200 https://registry.npmjs.org/expo-local-authentication/-/expo-local-authentication-55.0.13.tgz 6398ms (cache miss)
3247 http fetch GET 200 https://registry.npmjs.org/dedent/-/dedent-1.7.2.tgz 6390ms (cache miss)
3248 http fetch GET 200 https://registry.npmjs.org/debug/-/debug-4.4.3.tgz 6398ms (cache miss)
3249 http fetch GET 200 https://registry.npmjs.org/expo-keep-awake/-/expo-keep-awake-55.0.6.tgz 6429ms (cache miss)
3250 http fetch GET 200 https://registry.npmjs.org/dom-serializer/-/dom-serializer-2.0.0.tgz 6424ms (cache miss)
3251 http fetch GET 200 https://registry.npmjs.org/d3-timer/-/d3-timer-3.0.1.tgz 6560ms (cache miss)
3252 http fetch GET 200 https://registry.npmjs.org/data-view-buffer/-/data-view-buffer-1.0.2.tgz 6589ms (cache miss)
3253 http fetch GET 200 https://registry.npmjs.org/data-view-byte-length/-/data-view-byte-length-1.0.2.tgz 6599ms (cache miss)
3254 http fetch GET 200 https://registry.npmjs.org/d3-zoom/-/d3-zoom-3.0.0.tgz 6615ms (cache miss)
3255 http fetch GET 200 https://registry.npmjs.org/data-view-byte-offset/-/data-view-byte-offset-1.0.1.tgz 6637ms (cache miss)
3256 http fetch GET 200 https://registry.npmjs.org/es-set-tostringtag/-/es-set-tostringtag-2.1.0.tgz 6638ms (cache miss)
3257 http fetch GET 200 https://registry.npmjs.org/expo-haptics/-/expo-haptics-55.0.14.tgz 6681ms (cache miss)
3258 http fetch GET 200 https://registry.npmjs.org/d3-format/-/d3-format-3.1.2.tgz 6672ms (cache miss)
3259 http fetch GET 200 https://registry.npmjs.org/d3-path/-/d3-path-3.1.0.tgz 6674ms (cache miss)
3260 http fetch GET 200 https://registry.npmjs.org/data-urls/-/data-urls-3.0.2.tgz 6677ms (cache miss)
3261 http fetch GET 200 https://registry.npmjs.org/d3-dispatch/-/d3-dispatch-3.0.1.tgz 6701ms (cache miss)
3262 http fetch GET 200 https://registry.npmjs.org/d3-drag/-/d3-drag-3.0.0.tgz 6704ms (cache miss)
3263 http fetch GET 200 https://registry.npmjs.org/expo-device/-/expo-device-55.0.15.tgz 6740ms (cache miss)
3264 http fetch GET 200 https://registry.npmjs.org/cssom/-/cssom-0.5.0.tgz 6720ms (cache miss)
3265 http fetch GET 200 https://registry.npmjs.org/expo-symbols/-/expo-symbols-55.0.9.tgz 6755ms (cache miss)
3266 http fetch GET 200 https://registry.npmjs.org/d3-time/-/d3-time-3.1.0.tgz 6774ms (cache miss)
3267 http fetch GET 200 https://registry.npmjs.org/expo-linking/-/expo-linking-55.0.13.tgz 6807ms (cache miss)
3268 http fetch GET 200 https://registry.npmjs.org/d3-ease/-/d3-ease-3.0.1.tgz 6815ms (cache miss)
3269 http fetch GET 200 https://registry.npmjs.org/decimal.js/-/decimal.js-10.6.0.tgz 6853ms (cache miss)
3270 http fetch GET 200 https://registry.npmjs.org/d3-color/-/d3-color-3.1.0.tgz 6860ms (cache miss)
3271 http fetch GET 200 https://registry.npmjs.org/fbjs/-/fbjs-3.0.5.tgz 6910ms (cache miss)
3272 http fetch GET 200 https://registry.npmjs.org/cross-spawn/-/cross-spawn-7.0.6.tgz 6884ms (cache miss)
3273 http fetch GET 200 https://registry.npmjs.org/css-what/-/css-what-6.2.2.tgz 6895ms (cache miss)
3274 http fetch GET 200 https://registry.npmjs.org/expo-document-picker/-/expo-document-picker-55.0.14.tgz 7001ms (cache miss)
3275 http fetch GET 200 https://registry.npmjs.org/create-jest/-/create-jest-29.7.0.tgz 7003ms (cache miss)
3276 http fetch GET 200 https://registry.npmjs.org/d3-interpolate/-/d3-interpolate-3.0.1.tgz 7017ms (cache miss)
3277 http fetch GET 200 https://registry.npmjs.org/cross-env/-/cross-env-7.0.3.tgz 7019ms (cache miss)
3278 http fetch GET 200 https://registry.npmjs.org/eslint-plugin-react-hooks/-/eslint-plugin-react-hooks-7.1.1.tgz 7041ms (cache miss)
3279 http fetch GET 200 https://registry.npmjs.org/csstype/-/csstype-3.2.3.tgz 7039ms (cache miss)
3280 http fetch GET 200 https://registry.npmjs.org/convert-source-map/-/convert-source-map-2.0.0.tgz 7044ms (cache miss)
3281 http fetch GET 200 https://registry.npmjs.org/content-disposition/-/content-disposition-0.5.2.tgz 7061ms (cache miss)
3282 http fetch GET 200 https://registry.npmjs.org/concat-map/-/concat-map-0.0.1.tgz 7075ms (cache miss)
3283 http fetch GET 200 https://registry.npmjs.org/compressible/-/compressible-2.0.18.tgz 7077ms (cache miss)
3284 http fetch GET 200 https://registry.npmjs.org/d3-time-format/-/d3-time-format-4.1.0.tgz 7119ms (cache miss)
3285 http fetch GET 200 https://registry.npmjs.org/cross-fetch/-/cross-fetch-3.2.0.tgz 7119ms (cache miss)
3286 http fetch GET 200 https://registry.npmjs.org/connect/-/connect-3.7.0.tgz 7122ms (cache miss)
3287 http fetch GET 200 https://registry.npmjs.org/colorette/-/colorette-2.0.20.tgz 7179ms (cache miss)
3288 http fetch GET 200 https://registry.npmjs.org/d3-transition/-/d3-transition-3.0.1.tgz 7190ms (cache miss)
3289 http fetch GET 200 https://registry.npmjs.org/core-js-compat/-/core-js-compat-3.49.0.tgz 7195ms (cache miss)
3290 http fetch GET 200 https://registry.npmjs.org/color-string/-/color-string-1.9.1.tgz 7203ms (cache miss)
3291 http fetch GET 200 https://registry.npmjs.org/color-name/-/color-name-1.1.4.tgz 7218ms (cache miss)
3292 http fetch GET 200 https://registry.npmjs.org/collect-v8-coverage/-/collect-v8-coverage-1.0.3.tgz 7292ms (cache miss)
3293 http fetch GET 200 https://registry.npmjs.org/combined-stream/-/combined-stream-1.0.8.tgz 7298ms (cache miss)
3294 http fetch GET 200 https://registry.npmjs.org/color/-/color-4.2.3.tgz 7321ms (cache miss)
3295 http fetch GET 200 https://registry.npmjs.org/handlebars/-/handlebars-4.7.9.tgz 7393ms (cache miss)
3296 http fetch GET 200 https://registry.npmjs.org/color-convert/-/color-convert-2.0.1.tgz 7342ms (cache miss)
3297 http fetch GET 200 https://registry.npmjs.org/clone/-/clone-1.0.4.tgz 7357ms (cache miss)
3298 http fetch GET 200 https://registry.npmjs.org/commander/-/commander-7.2.0.tgz 7374ms (cache miss)
3299 http fetch GET 200 https://registry.npmjs.org/cli-spinners/-/cli-spinners-2.9.2.tgz 7377ms (cache miss)
3300 http fetch GET 200 https://registry.npmjs.org/fb-dotslash/-/fb-dotslash-0.5.8.tgz 7416ms (cache miss)
3301 http fetch GET 200 https://registry.npmjs.org/co/-/co-4.6.0.tgz 7385ms (cache miss)
3302 http fetch GET 200 https://registry.npmjs.org/client-only/-/client-only-0.0.1.tgz 7386ms (cache miss)
3303 http fetch GET 200 https://registry.npmjs.org/cliui/-/cliui-8.0.1.tgz 7390ms (cache miss)
3304 http fetch GET 200 https://registry.npmjs.org/cli-truncate/-/cli-truncate-5.2.0.tgz 7392ms (cache miss)
3305 http fetch GET 200 https://registry.npmjs.org/deep-is/-/deep-is-0.1.4.tgz 7399ms (cache miss)
3306 http fetch GET 200 https://registry.npmjs.org/chalk-template/-/chalk-template-0.4.0.tgz 7410ms (cache miss)
3307 http fetch GET 200 https://registry.npmjs.org/css-line-break/-/css-line-break-2.1.0.tgz 7434ms (cache miss)
3308 http fetch GET 200 https://registry.npmjs.org/char-regex/-/char-regex-1.0.2.tgz 7437ms (cache miss)
3309 http fetch GET 200 https://registry.npmjs.org/domutils/-/domutils-3.2.2.tgz 7461ms (cache miss)
3310 http fetch GET 200 https://registry.npmjs.org/compression/-/compression-1.8.1.tgz 7458ms (cache miss)
3311 http fetch GET 200 https://registry.npmjs.org/callsites/-/callsites-3.1.0.tgz 7517ms (cache miss)
3312 http fetch GET 200 https://registry.npmjs.org/camelcase/-/camelcase-5.3.1.tgz 7521ms (cache miss)
3313 http fetch GET 200 https://registry.npmjs.org/call-bind/-/call-bind-1.0.9.tgz 7563ms (cache miss)
3314 http fetch GET 200 https://registry.npmjs.org/ci-info/-/ci-info-3.9.0.tgz 7578ms (cache miss)
3315 http fetch GET 200 https://registry.npmjs.org/cli-boxes/-/cli-boxes-3.0.0.tgz 7584ms (cache miss)
3316 http fetch GET 200 https://registry.npmjs.org/call-bind-apply-helpers/-/call-bind-apply-helpers-1.0.2.tgz 7592ms (cache miss)
3317 http fetch GET 200 https://registry.npmjs.org/decode-uri-component/-/decode-uri-component-0.2.2.tgz 7598ms (cache miss)
3318 http fetch GET 200 https://registry.npmjs.org/buffer-from/-/buffer-from-1.1.2.tgz 7604ms (cache miss)
3319 http fetch GET 200 https://registry.npmjs.org/chalk/-/chalk-4.1.2.tgz 7613ms (cache miss)
3320 http fetch GET 200 https://registry.npmjs.org/bser/-/bser-2.1.1.tgz 7611ms (cache miss)
3321 http fetch GET 200 https://registry.npmjs.org/boxen/-/boxen-7.0.0.tgz 7629ms (cache miss)
3322 http fetch GET 200 https://registry.npmjs.org/braces/-/braces-3.0.3.tgz 7630ms (cache miss)
3323 http fetch GET 200 https://registry.npmjs.org/brace-expansion/-/brace-expansion-5.0.5.tgz 7636ms (cache miss)
3324 http fetch GET 200 https://registry.npmjs.org/bplist-parser/-/bplist-parser-0.3.2.tgz 7679ms (cache miss)
3325 http fetch GET 200 https://registry.npmjs.org/boolbase/-/boolbase-1.0.0.tgz 7683ms (cache miss)
3326 http fetch GET 200 https://registry.npmjs.org/chromium-edge-launcher/-/chromium-edge-launcher-0.2.0.tgz 7691ms (cache miss)
3327 http fetch GET 200 https://registry.npmjs.org/base64-js/-/base64-js-1.5.1.tgz 7709ms (cache miss)
3328 http fetch GET 200 https://registry.npmjs.org/css-in-js-utils/-/css-in-js-utils-3.1.0.tgz 7730ms (cache miss)
3329 http fetch GET 200 https://registry.npmjs.org/base64-arraybuffer/-/base64-arraybuffer-1.0.2.tgz 7720ms (cache miss)
3330 http fetch GET 200 https://registry.npmjs.org/balanced-match/-/balanced-match-4.0.4.tgz 7741ms (cache miss)
3331 http fetch GET 200 https://registry.npmjs.org/big-integer/-/big-integer-1.6.52.tgz 7749ms (cache miss)
3332 http fetch GET 200 https://registry.npmjs.org/babel-preset-jest/-/babel-preset-jest-29.6.3.tgz 7747ms (cache miss)
3333 http fetch GET 200 https://registry.npmjs.org/babel-plugin-syntax-hermes-parser/-/babel-plugin-syntax-hermes-parser-0.32.1.tgz 7762ms (cache miss)
3334 http fetch GET 200 https://registry.npmjs.org/call-bound/-/call-bound-1.0.4.tgz 7772ms (cache miss)
3335 http fetch GET 200 https://registry.npmjs.org/babel-plugin-transform-flow-enums/-/babel-plugin-transform-flow-enums-0.0.2.tgz 7773ms (cache miss)
3336 http fetch GET 200 https://registry.npmjs.org/cli-cursor/-/cli-cursor-5.0.0.tgz 7773ms (cache miss)
3337 http fetch GET 200 https://registry.npmjs.org/babel-preset-current-node-syntax/-/babel-preset-current-node-syntax-1.2.0.tgz 7774ms (cache miss)
3338 http fetch GET 200 https://registry.npmjs.org/d3-selection/-/d3-selection-3.0.0.tgz 7800ms (cache miss)
3339 http fetch GET 200 https://registry.npmjs.org/babel-plugin-istanbul/-/babel-plugin-istanbul-6.1.1.tgz 7780ms (cache miss)
3340 http fetch GET 200 https://registry.npmjs.org/babel-plugin-react-native-web/-/babel-plugin-react-native-web-0.21.2.tgz 7782ms (cache miss)
3341 http fetch GET 200 https://registry.npmjs.org/babel-plugin-polyfill-regenerator/-/babel-plugin-polyfill-regenerator-0.6.8.tgz 7785ms (cache miss)
3342 http fetch GET 200 https://registry.npmjs.org/browserslist/-/browserslist-4.28.2.tgz 7806ms (cache miss)
3343 http fetch GET 200 https://registry.npmjs.org/babel-jest/-/babel-jest-29.7.0.tgz 7803ms (cache miss)
3344 http fetch GET 200 https://registry.npmjs.org/better-opn/-/better-opn-3.0.2.tgz 7824ms (cache miss)
3345 http fetch GET 200 https://registry.npmjs.org/bplist-creator/-/bplist-creator-0.1.0.tgz 7827ms (cache miss)
3346 http fetch GET 200 https://registry.npmjs.org/await-lock/-/await-lock-2.2.2.tgz 7818ms (cache miss)
3347 http fetch GET 200 https://registry.npmjs.org/expo-blur/-/expo-blur-55.0.14.tgz 7868ms (cache miss)
3348 http fetch GET 200 https://registry.npmjs.org/available-typed-arrays/-/available-typed-arrays-1.0.7.tgz 7827ms (cache miss)
3349 http fetch GET 200 https://registry.npmjs.org/es-iterator-helpers/-/es-iterator-helpers-1.3.2.tgz 7871ms (cache miss)
3350 http fetch GET 200 https://registry.npmjs.org/async-function/-/async-function-1.0.0.tgz 7836ms (cache miss)
3351 http fetch GET 200 https://registry.npmjs.org/arraybuffer.prototype.slice/-/arraybuffer.prototype.slice-1.0.4.tgz 7836ms (cache miss)
3352 http fetch GET 200 https://registry.npmjs.org/asap/-/asap-2.0.6.tgz 7839ms (cache miss)
3353 http fetch GET 200 https://registry.npmjs.org/baseline-browser-mapping/-/baseline-browser-mapping-2.10.19.tgz 7848ms (cache miss)
3354 http fetch GET 200 https://registry.npmjs.org/array.prototype.findlast/-/array.prototype.findlast-1.2.5.tgz 7866ms (cache miss)
3355 http fetch GET 200 https://registry.npmjs.org/expo-application/-/expo-application-55.0.14.tgz 7917ms (cache miss)
3356 http fetch GET 200 https://registry.npmjs.org/cjs-module-lexer/-/cjs-module-lexer-1.4.3.tgz 7884ms (cache miss)
3357 http fetch GET 200 https://registry.npmjs.org/array.prototype.tosorted/-/array.prototype.tosorted-1.1.4.tgz 7868ms (cache miss)
3358 http fetch GET 200 https://registry.npmjs.org/clipboardy/-/clipboardy-3.0.0.tgz 7891ms (cache miss)
3359 http fetch GET 200 https://registry.npmjs.org/babel-plugin-polyfill-corejs2/-/babel-plugin-polyfill-corejs2-0.4.17.tgz 7888ms (cache miss)
3360 http fetch GET 200 https://registry.npmjs.org/aria-hidden/-/aria-hidden-1.2.6.tgz 7906ms (cache miss)
3361 http fetch GET 200 https://registry.npmjs.org/array-buffer-byte-length/-/array-buffer-byte-length-1.0.2.tgz 7909ms (cache miss)
3362 http fetch GET 200 https://registry.npmjs.org/arg/-/arg-5.0.2.tgz 7918ms (cache miss)
3363 http fetch GET 200 https://registry.npmjs.org/d3-shape/-/d3-shape-3.2.0.tgz 7949ms (cache miss)
3364 http fetch GET 200 https://registry.npmjs.org/chrome-launcher/-/chrome-launcher-0.15.2.tgz 7950ms (cache miss)
3365 http fetch GET 200 https://registry.npmjs.org/anymatch/-/anymatch-3.1.3.tgz 7947ms (cache miss)
3366 http fetch GET 200 https://registry.npmjs.org/argparse/-/argparse-2.0.1.tgz 7950ms (cache miss)
3367 http fetch GET 200 https://registry.npmjs.org/asynckit/-/asynckit-0.4.0.tgz 7983ms (cache miss)
3368 http fetch GET 200 https://registry.npmjs.org/arch/-/arch-2.2.0.tgz 7987ms (cache miss)
3369 http fetch GET 200 https://registry.npmjs.org/ansi-align/-/ansi-align-3.0.1.tgz 7992ms (cache miss)
3370 http fetch GET 200 https://registry.npmjs.org/ansi-styles/-/ansi-styles-4.3.0.tgz 7995ms (cache miss)
3371 http fetch GET 200 https://registry.npmjs.org/ansi-regex/-/ansi-regex-5.0.1.tgz 8003ms (cache miss)
3372 http fetch GET 200 https://registry.npmjs.org/ansi-escapes/-/ansi-escapes-4.3.2.tgz 8028ms (cache miss)
3373 http fetch GET 200 https://registry.npmjs.org/array.prototype.flat/-/array.prototype.flat-1.3.3.tgz 8049ms (cache miss)
3374 http fetch GET 200 https://registry.npmjs.org/anser/-/anser-1.4.10.tgz 8048ms (cache miss)
3375 http fetch GET 200 https://registry.npmjs.org/acorn-jsx/-/acorn-jsx-5.3.2.tgz 8051ms (cache miss)
3376 http fetch GET 200 https://registry.npmjs.org/acorn-walk/-/acorn-walk-8.3.5.tgz 8056ms (cache miss)
3377 http fetch GET 200 https://registry.npmjs.org/babel-plugin-polyfill-corejs3/-/babel-plugin-polyfill-corejs3-0.13.0.tgz 8066ms (cache miss)
3378 http fetch GET 200 https://registry.npmjs.org/array-includes/-/array-includes-3.1.9.tgz 8061ms (cache miss)
3379 http fetch GET 200 https://registry.npmjs.org/acorn-globals/-/acorn-globals-7.0.1.tgz 8073ms (cache miss)
3380 http fetch GET 200 https://registry.npmjs.org/array.prototype.flatmap/-/array.prototype.flatmap-1.3.3.tgz 8078ms (cache miss)
3381 http fetch GET 200 https://registry.npmjs.org/d3-array/-/d3-array-3.2.4.tgz 8117ms (cache miss)
3382 http fetch GET 200 https://registry.npmjs.org/accepts/-/accepts-1.3.8.tgz 8099ms (cache miss)
3383 http fetch GET 200 https://registry.npmjs.org/bytes/-/bytes-3.1.2.tgz 8106ms (cache miss)
3384 http fetch GET 200 https://registry.npmjs.org/abab/-/abab-2.0.6.tgz 8116ms (cache miss)
3385 warn deprecated abab@2.0.6: Use your platform's native atob() and btoa() methods instead
3386 http fetch GET 200 https://registry.npmjs.org/babel-plugin-jest-hoist/-/babel-plugin-jest-hoist-29.6.3.tgz 8115ms (cache miss)
3387 http fetch GET 200 https://registry.npmjs.org/bs-logger/-/bs-logger-0.2.6.tgz 8149ms (cache miss)
3388 http fetch GET 200 https://registry.npmjs.org/@zeit/schemas/-/schemas-2.36.0.tgz 8137ms (cache miss)
3389 http fetch GET 200 https://registry.npmjs.org/@webgpu/types/-/types-0.1.21.tgz 8139ms (cache miss)
3390 http fetch GET 200 https://registry.npmjs.org/@typescript-eslint/visitor-keys/-/visitor-keys-8.58.2.tgz 8148ms (cache miss)
3391 http fetch GET 200 https://registry.npmjs.org/d3-scale/-/d3-scale-4.0.2.tgz 8173ms (cache miss)
3392 http fetch GET 200 https://registry.npmjs.org/abort-controller/-/abort-controller-3.0.0.tgz 8172ms (cache miss)
3393 http fetch GET 200 https://registry.npmjs.org/@types/yargs-parser/-/yargs-parser-21.0.3.tgz 8170ms (cache miss)
3394 http fetch GET 200 https://registry.npmjs.org/agent-base/-/agent-base-6.0.2.tgz 8196ms (cache miss)
3395 http fetch GET 200 https://registry.npmjs.org/@typescript-eslint/parser/-/parser-8.58.2.tgz 8194ms (cache miss)
3396 http fetch GET 200 https://registry.npmjs.org/@typescript-eslint/project-service/-/project-service-8.58.2.tgz 8196ms (cache miss)
3397 http fetch GET 200 https://registry.npmjs.org/@typescript-eslint/tsconfig-utils/-/tsconfig-utils-8.58.2.tgz 8197ms (cache miss)
3398 http fetch GET 200 https://registry.npmjs.org/entities/-/entities-6.0.1.tgz 8264ms (cache miss)
3399 http fetch GET 200 https://registry.npmjs.org/@types/stack-utils/-/stack-utils-2.0.3.tgz 8229ms (cache miss)
3400 http fetch GET 200 https://registry.npmjs.org/@types/papaparse/-/papaparse-5.5.2.tgz 8241ms (cache miss)
3401 http fetch GET 200 https://registry.npmjs.org/@types/yargs/-/yargs-17.0.35.tgz 8245ms (cache miss)
3402 http fetch GET 200 https://registry.npmjs.org/@types/jsdom/-/jsdom-20.0.1.tgz 8247ms (cache miss)
3403 http fetch GET 200 https://registry.npmjs.org/@types/react-test-renderer/-/react-test-renderer-19.1.0.tgz 8249ms (cache miss)
3404 http fetch GET 200 https://registry.npmjs.org/@types/istanbul-reports/-/istanbul-reports-3.0.4.tgz 8259ms (cache miss)
3405 http fetch GET 200 https://registry.npmjs.org/@types/jest/-/jest-29.5.14.tgz 8265ms (cache miss)
3406 http fetch GET 200 https://registry.npmjs.org/@types/istanbul-lib-coverage/-/istanbul-lib-coverage-2.0.6.tgz 8268ms (cache miss)
3407 http fetch GET 200 https://registry.npmjs.org/@types/istanbul-lib-report/-/istanbul-lib-report-3.0.3.tgz 8282ms (cache miss)
3408 http fetch GET 200 https://registry.npmjs.org/@types/graceful-fs/-/graceful-fs-4.1.9.tgz 8282ms (cache miss)
3409 http fetch GET 200 https://registry.npmjs.org/@types/emscripten/-/emscripten-1.41.5.tgz 8292ms (cache miss)
3410 http fetch GET 200 https://registry.npmjs.org/@types/babel__traverse/-/babel__traverse-7.28.0.tgz 8296ms (cache miss)
3411 http fetch GET 200 https://registry.npmjs.org/@types/hammerjs/-/hammerjs-2.0.46.tgz 8296ms (cache miss)
3412 http fetch GET 200 https://registry.npmjs.org/@types/babel__generator/-/babel__generator-7.27.0.tgz 8306ms (cache miss)
3413 http fetch GET 200 https://registry.npmjs.org/acorn/-/acorn-8.16.0.tgz 8318ms (cache miss)
3414 http fetch GET 200 https://registry.npmjs.org/@yarnpkg/lockfile/-/lockfile-1.1.0.tgz 8327ms (cache miss)
3415 http fetch GET 200 https://registry.npmjs.org/@tootallnate/once/-/once-2.0.0.tgz 8323ms (cache miss)
3416 http fetch GET 200 https://registry.npmjs.org/@types/tough-cookie/-/tough-cookie-4.0.5.tgz 8327ms (cache miss)
3417 http fetch GET 200 https://registry.npmjs.org/@ungap/structured-clone/-/structured-clone-1.3.0.tgz 8336ms (cache miss)
3418 http fetch GET 200 https://registry.npmjs.org/@types/babel__template/-/babel__template-7.4.4.tgz 8332ms (cache miss)
3419 http fetch GET 200 https://registry.npmjs.org/@types/sharp/-/sharp-0.32.0.tgz 8346ms (cache miss)
3420 warn deprecated @types/sharp@0.32.0: This is a stub types definition. sharp provides its own type definitions, so you do not need this installed.
3421 http fetch GET 200 https://registry.npmjs.org/@types/babel__core/-/babel__core-7.20.5.tgz 8354ms (cache miss)
3422 http fetch GET 200 https://registry.npmjs.org/@types/react-reconciler/-/react-reconciler-0.28.9.tgz 8355ms (cache miss)
3423 http fetch GET 200 https://registry.npmjs.org/babel-preset-expo/-/babel-preset-expo-55.0.17.tgz 8375ms (cache miss)
3424 http fetch GET 200 https://registry.npmjs.org/@typescript-eslint/types/-/types-8.58.2.tgz 8365ms (cache miss)
3425 http fetch GET 200 https://registry.npmjs.org/@standard-schema/spec/-/spec-1.1.0.tgz 8374ms (cache miss)
3426 http fetch GET 200 https://registry.npmjs.org/typescript/-/typescript-5.9.3.tgz 8582ms (cache miss)
3427 http fetch GET 200 https://registry.npmjs.org/badgin/-/badgin-1.2.3.tgz 8395ms (cache miss)
3428 http fetch GET 200 https://registry.npmjs.org/@sentry/types/-/types-10.49.0.tgz 8418ms (cache miss)
3429 http fetch GET 200 https://registry.npmjs.org/@xmldom/xmldom/-/xmldom-0.8.12.tgz 8456ms (cache miss)
3430 http fetch GET 200 https://registry.npmjs.org/@types/react/-/react-19.2.14.tgz 8453ms (cache miss)
3431 http fetch GET 200 https://registry.npmjs.org/@sinonjs/fake-timers/-/fake-timers-10.3.0.tgz 8449ms (cache miss)
3432 http fetch GET 200 https://registry.npmjs.org/@sentry/expo-upload-sourcemaps/-/expo-upload-sourcemaps-8.9.2.tgz 8465ms (cache miss)
3433 http fetch GET 200 https://registry.npmjs.org/barcode-detector/-/barcode-detector-3.1.2.tgz 8503ms (cache miss)
3434 http fetch GET 200 https://registry.npmjs.org/@react-native/normalize-colors/-/normalize-colors-0.83.4.tgz 8535ms (cache miss)
3435 http fetch GET 200 https://registry.npmjs.org/@react-native/js-polyfills/-/js-polyfills-0.83.4.tgz 8625ms (cache miss)
3436 http fetch GET 200 https://registry.npmjs.org/@sentry/babel-plugin-component-annotate/-/babel-plugin-component-annotate-5.2.0.tgz 8630ms (cache miss)
3437 http fetch GET 200 https://registry.npmjs.org/@react-native/babel-preset/-/babel-preset-0.83.4.tgz 8635ms (cache miss)
3438 http fetch GET 200 https://registry.npmjs.org/expo-localization/-/expo-localization-55.0.13.tgz 8692ms (cache miss)
3439 http fetch GET 200 https://registry.npmjs.org/@react-native/assets-registry/-/assets-registry-0.83.4.tgz 8647ms (cache miss)
3440 http fetch GET 200 https://registry.npmjs.org/@rozhkov/react-useful-hooks/-/react-useful-hooks-1.0.10.tgz 8653ms (cache miss)
3441 http fetch GET 200 https://registry.npmjs.org/@react-native/babel-plugin-codegen/-/babel-plugin-codegen-0.83.4.tgz 8666ms (cache miss)
3442 http fetch GET 200 https://registry.npmjs.org/@radix-ui/react-use-escape-keydown/-/react-use-escape-keydown-1.1.1.tgz 8690ms (cache miss)
3443 http fetch GET 200 https://registry.npmjs.org/@radix-ui/react-use-controllable-state/-/react-use-controllable-state-1.2.2.tgz 8737ms (cache miss)
3444 http fetch GET 200 https://registry.npmjs.org/@radix-ui/react-use-layout-effect/-/react-use-layout-effect-1.1.1.tgz 8737ms (cache miss)
3445 http fetch GET 200 https://registry.npmjs.org/@radix-ui/react-slot/-/react-slot-1.2.4.tgz 8799ms (cache miss)
3446 http fetch GET 200 https://registry.npmjs.org/@radix-ui/react-primitive/-/react-primitive-2.1.3.tgz 8799ms (cache miss)
3447 http fetch GET 200 https://registry.npmjs.org/@radix-ui/react-presence/-/react-presence-1.1.5.tgz 8821ms (cache miss)
3448 http fetch GET 200 https://registry.npmjs.org/@radix-ui/react-id/-/react-id-1.1.1.tgz 8838ms (cache miss)
3449 http fetch GET 200 https://registry.npmjs.org/@radix-ui/react-focus-scope/-/react-focus-scope-1.1.7.tgz 8840ms (cache miss)
3450 http fetch GET 200 https://registry.npmjs.org/expo-asset/-/expo-asset-55.0.15.tgz 8918ms (cache miss)
3451 http fetch GET 200 https://registry.npmjs.org/@radix-ui/react-focus-guards/-/react-focus-guards-1.1.3.tgz 8845ms (cache miss)
3452 http fetch GET 200 https://registry.npmjs.org/@radix-ui/react-portal/-/react-portal-1.1.9.tgz 8855ms (cache miss)
3453 http fetch GET 200 https://registry.npmjs.org/@radix-ui/react-context/-/react-context-1.1.2.tgz 8878ms (cache miss)
3454 http fetch GET 200 https://registry.npmjs.org/@radix-ui/react-use-effect-event/-/react-use-effect-event-0.0.2.tgz 8890ms (cache miss)
3455 http fetch GET 200 https://registry.npmjs.org/@radix-ui/react-use-callback-ref/-/react-use-callback-ref-1.1.1.tgz 8891ms (cache miss)
3456 http fetch GET 200 https://registry.npmjs.org/@radix-ui/react-roving-focus/-/react-roving-focus-1.1.11.tgz 8896ms (cache miss)
3457 http fetch GET 200 https://registry.npmjs.org/cssstyle/-/cssstyle-2.3.0.tgz 8946ms (cache miss)
3458 http fetch GET 200 https://registry.npmjs.org/@radix-ui/react-direction/-/react-direction-1.1.1.tgz 8911ms (cache miss)
3459 http fetch GET 200 https://registry.npmjs.org/@radix-ui/react-dialog/-/react-dialog-1.1.15.tgz 8920ms (cache miss)
3460 http fetch GET 200 https://registry.npmjs.org/@radix-ui/react-compose-refs/-/react-compose-refs-1.1.2.tgz 8921ms (cache miss)
3461 http fetch GET 200 https://registry.npmjs.org/@playwright/test/-/test-1.59.1.tgz 8922ms (cache miss)
3462 http fetch GET 200 https://registry.npmjs.org/@radix-ui/react-tabs/-/react-tabs-1.1.13.tgz 8929ms (cache miss)
3463 http fetch GET 200 https://registry.npmjs.org/@radix-ui/react-dismissable-layer/-/react-dismissable-layer-1.1.11.tgz 8939ms (cache miss)
3464 http fetch GET 200 https://registry.npmjs.org/@nodelib/fs.walk/-/fs.walk-1.2.8.tgz 8936ms (cache miss)
3465 http fetch GET 200 https://registry.npmjs.org/@nodelib/fs.scandir/-/fs.scandir-2.1.5.tgz 8953ms (cache miss)
3466 http fetch GET 200 https://registry.npmjs.org/@testing-library/jest-native/-/jest-native-5.4.3.tgz 8977ms (cache miss)
3467 http fetch GET 200 https://registry.npmjs.org/@typescript-eslint/type-utils/-/type-utils-8.58.2.tgz 8992ms (cache miss)
3468 warn deprecated @testing-library/jest-native@5.4.3: DEPRECATED: This package is no longer maintained.
3468 warn deprecated Please use the built-in Jest matchers available in @testing-library/react-native v12.4+.
3468 warn deprecated
3468 warn deprecated See migration guide: https://callstack.github.io/react-native-testing-library/docs/migration/jest-matchers
3469 http fetch GET 200 https://registry.npmjs.org/@sentry/cli/-/cli-3.4.0.tgz 8998ms (cache miss)
3470 http fetch GET 200 https://registry.npmjs.org/@nodelib/fs.stat/-/fs.stat-2.0.5.tgz 8986ms (cache miss)
3471 http fetch GET 200 https://registry.npmjs.org/expo-server/-/expo-server-55.0.11.tgz 9082ms (cache miss)
3472 http fetch GET 200 https://registry.npmjs.org/@jridgewell/source-map/-/source-map-0.3.11.tgz 9040ms (cache miss)
3473 http fetch GET 200 https://registry.npmjs.org/@jest/source-map/-/source-map-29.6.3.tgz 9045ms (cache miss)
3474 http fetch GET 200 https://registry.npmjs.org/@jest/test-sequencer/-/test-sequencer-29.7.0.tgz 9071ms (cache miss)
3475 http fetch GET 200 https://registry.npmjs.org/@jest/transform/-/transform-29.7.0.tgz 9073ms (cache miss)
3476 http fetch GET 200 https://registry.npmjs.org/@jest/globals/-/globals-29.7.0.tgz 9081ms (cache miss)
3477 http fetch GET 200 https://registry.npmjs.org/@jest/get-type/-/get-type-30.1.0.tgz 9086ms (cache miss)
3478 http fetch GET 200 https://registry.npmjs.org/@radix-ui/primitive/-/primitive-1.1.3.tgz 9100ms (cache miss)
3479 http fetch GET 200 https://registry.npmjs.org/@jest/fake-timers/-/fake-timers-29.7.0.tgz 9097ms (cache miss)
3480 http fetch GET 200 https://registry.npmjs.org/@jest/types/-/types-29.6.3.tgz 9107ms (cache miss)
3481 http fetch GET 200 https://registry.npmjs.org/@jridgewell/resolve-uri/-/resolve-uri-3.1.2.tgz 9106ms (cache miss)
3482 http fetch GET 200 https://registry.npmjs.org/@jest/expect-utils/-/expect-utils-29.7.0.tgz 9111ms (cache miss)
3483 http fetch GET 200 https://registry.npmjs.org/@sinclair/typebox/-/typebox-0.27.10.tgz 9130ms (cache miss)
3484 http fetch GET 200 https://registry.npmjs.org/expo-font/-/expo-font-55.0.6.tgz 9198ms (cache miss)
3485 http fetch GET 200 https://registry.npmjs.org/@jest/diff-sequences/-/diff-sequences-30.3.0.tgz 9158ms (cache miss)
3486 http fetch GET 200 https://registry.npmjs.org/@jest/environment/-/environment-29.7.0.tgz 9158ms (cache miss)
3487 http fetch GET 200 https://registry.npmjs.org/@jest/expect/-/expect-29.7.0.tgz 9160ms (cache miss)
3488 http fetch GET 200 https://registry.npmjs.org/@sentry-internal/replay-canvas/-/replay-canvas-10.49.0.tgz 9181ms (cache miss)
3489 http fetch GET 200 https://registry.npmjs.org/@jest/create-cache-key-function/-/create-cache-key-function-29.7.0.tgz 9175ms (cache miss)
3490 http fetch GET 200 https://registry.npmjs.org/@jest/console/-/console-29.7.0.tgz 9175ms (cache miss)
3491 http fetch GET 200 https://registry.npmjs.org/babel-plugin-react-compiler/-/babel-plugin-react-compiler-1.0.0.tgz 9214ms (cache miss)
3492 http fetch GET 200 https://registry.npmjs.org/@istanbuljs/load-nyc-config/-/load-nyc-config-1.1.0.tgz 9192ms (cache miss)
3493 http fetch GET 200 https://registry.npmjs.org/@react-native/virtualized-lists/-/virtualized-lists-0.83.4.tgz 9216ms (cache miss)
3494 http fetch GET 200 https://registry.npmjs.org/@isaacs/ttlcache/-/ttlcache-1.4.1.tgz 9210ms (cache miss)
3495 http fetch GET 200 https://registry.npmjs.org/@istanbuljs/schema/-/schema-0.1.6.tgz 9214ms (cache miss)
3496 http fetch GET 200 https://registry.npmjs.org/@jest/schemas/-/schemas-29.6.3.tgz 9216ms (cache miss)
3497 http fetch GET 200 https://registry.npmjs.org/@jest/test-result/-/test-result-29.7.0.tgz 9229ms (cache miss)
3498 http fetch GET 200 https://registry.npmjs.org/@humanwhocodes/object-schema/-/object-schema-2.0.3.tgz 9246ms (cache miss)
3499 http fetch GET 200 https://registry.npmjs.org/@humanwhocodes/config-array/-/config-array-0.13.0.tgz 9251ms (cache miss)
3500 warn deprecated @humanwhocodes/config-array@0.13.0: Use @eslint/config-array instead
3501 http fetch GET 200 https://registry.npmjs.org/@humanwhocodes/module-importer/-/module-importer-1.0.1.tgz 9253ms (cache miss)
3502 http fetch GET 200 https://registry.npmjs.org/@img/colour/-/colour-1.1.0.tgz 9277ms (cache miss)
3503 http fetch GET 200 https://registry.npmjs.org/@hapi/topo/-/topo-6.0.2.tgz 9279ms (cache miss)
3504 warn deprecated @humanwhocodes/object-schema@2.0.3: Use @eslint/object-schema instead
3505 http fetch GET 200 https://registry.npmjs.org/axe-core/-/axe-core-4.11.3.tgz 9348ms (cache miss)
3506 http fetch GET 200 https://registry.npmjs.org/@hapi/formula/-/formula-3.0.2.tgz 9327ms (cache miss)
3507 http fetch GET 200 https://registry.npmjs.org/@hapi/pinpoint/-/pinpoint-2.0.1.tgz 9335ms (cache miss)
3508 http fetch GET 200 https://registry.npmjs.org/@img/sharp-linuxmusl-arm64/-/sharp-linuxmusl-arm64-0.34.5.tgz 9354ms (cache miss)
3509 http fetch GET 200 https://registry.npmjs.org/@expo/sudo-prompt/-/sudo-prompt-9.3.2.tgz 9392ms (cache miss)
3510 http fetch GET 200 https://registry.npmjs.org/@expo/sdk-runtime-versions/-/sdk-runtime-versions-1.0.0.tgz 9431ms (cache miss)
3511 http fetch GET 200 https://registry.npmjs.org/@radix-ui/react-collection/-/react-collection-1.1.7.tgz 9474ms (cache miss)
3512 http fetch GET 200 https://registry.npmjs.org/@img/sharp-linux-arm64/-/sharp-linux-arm64-0.34.5.tgz 9474ms (cache miss)
3513 http fetch GET 200 https://registry.npmjs.org/@sinonjs/commons/-/commons-3.0.1.tgz 9504ms (cache miss)
3514 http fetch GET 200 https://registry.npmjs.org/expo-sharing/-/expo-sharing-55.0.18.tgz 9579ms (cache miss)
3515 http fetch GET 200 https://registry.npmjs.org/@jridgewell/sourcemap-codec/-/sourcemap-codec-1.5.5.tgz 9511ms (cache miss)
3516 http fetch GET 200 https://registry.npmjs.org/@expo/plist/-/plist-0.5.2.tgz 9519ms (cache miss)
3517 http fetch GET 200 https://registry.npmjs.org/@expo/osascript/-/osascript-2.4.2.tgz 9519ms (cache miss)
3518 http fetch GET 200 https://registry.npmjs.org/@expo/local-build-cache-provider/-/local-build-cache-provider-55.0.11.tgz 9577ms (cache miss)
3519 http fetch GET 200 https://registry.npmjs.org/@jridgewell/gen-mapping/-/gen-mapping-0.3.13.tgz 9593ms (cache miss)
3520 http fetch GET 200 https://registry.npmjs.org/@jridgewell/remapping/-/remapping-2.3.5.tgz 9601ms (cache miss)
3521 http fetch GET 200 https://registry.npmjs.org/expo-crypto/-/expo-crypto-55.0.14.tgz 9725ms (cache miss)
3522 http fetch GET 200 https://registry.npmjs.org/@jest/reporters/-/reporters-29.7.0.tgz 9649ms (cache miss)
3523 http fetch GET 200 https://registry.npmjs.org/@expo/config-types/-/config-types-55.0.5.tgz 9660ms (cache miss)
3524 http fetch GET 200 https://registry.npmjs.org/@expo/env/-/env-2.1.1.tgz 9664ms (cache miss)
3525 http fetch GET 200 https://registry.npmjs.org/@expo/json-file/-/json-file-10.0.14.tgz 9706ms (cache miss)
3526 http fetch GET 200 https://registry.npmjs.org/@eslint/js/-/js-8.57.1.tgz 9714ms (cache miss)
3527 http fetch GET 200 https://registry.npmjs.org/@expo/spawn-async/-/spawn-async-1.7.2.tgz 9734ms (cache miss)
3528 http fetch GET 200 https://registry.npmjs.org/drizzle-kit/-/drizzle-kit-0.31.10.tgz 9842ms (cache miss)
3529 http fetch GET 200 https://registry.npmjs.org/@expo/require-utils/-/require-utils-55.0.5.tgz 9783ms (cache miss)
3530 http fetch GET 200 https://registry.npmjs.org/@esbuild-kit/core-utils/-/core-utils-3.3.2.tgz 9785ms (cache miss)
3531 warn deprecated @esbuild-kit/core-utils@3.3.2: Merged into tsx: https://tsx.is
3532 http fetch GET 200 https://registry.npmjs.org/@hapi/tlds/-/tlds-1.1.6.tgz 9877ms (cache miss)
3533 http fetch GET 200 https://registry.npmjs.org/@babel/plugin-transform-sticky-regex/-/plugin-transform-sticky-regex-7.27.1.tgz 9881ms (cache miss)
3534 http fetch GET 200 https://registry.npmjs.org/@babel/preset-react/-/preset-react-7.28.5.tgz 9888ms (cache miss)
3535 http fetch GET 200 https://registry.npmjs.org/@babel/plugin-transform-spread/-/plugin-transform-spread-7.28.6.tgz 9898ms (cache miss)
3536 http fetch GET 200 https://registry.npmjs.org/@babel/plugin-transform-template-literals/-/plugin-transform-template-literals-7.27.1.tgz 9899ms (cache miss)
3537 http fetch GET 200 https://registry.npmjs.org/@babel/plugin-transform-runtime/-/plugin-transform-runtime-7.29.0.tgz 9914ms (cache miss)
3538 http fetch GET 200 https://registry.npmjs.org/@babel/plugin-transform-shorthand-properties/-/plugin-transform-shorthand-properties-7.27.1.tgz 9916ms (cache miss)
3539 http fetch GET 200 https://registry.npmjs.org/brace-expansion 9927ms (cache miss)
3540 silly packumentCache corgi:https://registry.npmjs.org/brace-expansion set size:undefined disposed:false
3541 http fetch GET 200 https://registry.npmjs.org/@expo/code-signing-certificates/-/code-signing-certificates-0.0.6.tgz 9948ms (cache miss)
3542 http fetch GET 200 https://registry.npmjs.org/js-yaml 9940ms (cache miss)
3543 silly packumentCache corgi:https://registry.npmjs.org/js-yaml set size:undefined disposed:false
3544 http fetch GET 200 https://registry.npmjs.org/@tootallnate%2fonce 9942ms (cache miss)
3545 silly packumentCache corgi:https://registry.npmjs.org/@tootallnate%2fonce set size:undefined disposed:false
3546 http fetch GET 200 https://registry.npmjs.org/@jridgewell/trace-mapping/-/trace-mapping-0.3.31.tgz 9977ms (cache miss)
3547 http fetch GET 200 https://registry.npmjs.org/shell-quote 9961ms (cache miss)
3548 silly packumentCache corgi:https://registry.npmjs.org/shell-quote set size:undefined disposed:false
3549 http fetch GET 200 https://registry.npmjs.org/form-data 9981ms (cache miss)
3550 silly packumentCache corgi:https://registry.npmjs.org/form-data set size:undefined disposed:false
3551 http fetch GET 200 https://registry.npmjs.org/tmp 9984ms (cache miss)
3552 silly packumentCache corgi:https://registry.npmjs.org/tmp set size:undefined disposed:false
3553 http fetch GET 200 https://registry.npmjs.org/@xmldom%2fxmldom 9992ms (cache miss)
3554 silly packumentCache corgi:https://registry.npmjs.org/@xmldom%2fxmldom set size:undefined disposed:false
3555 http fetch GET 200 https://registry.npmjs.org/@babel/plugin-transform-react-pure-annotations/-/plugin-transform-react-pure-annotations-7.27.1.tgz 9992ms (cache miss)
3556 http fetch GET 200 https://registry.npmjs.org/@babel/plugin-transform-react-jsx-source/-/plugin-transform-react-jsx-source-7.27.1.tgz 9994ms (cache miss)
3557 http fetch GET 200 https://registry.npmjs.org/@babel/plugin-transform-react-jsx-self/-/plugin-transform-react-jsx-self-7.27.1.tgz 10006ms (cache miss)
3558 http fetch GET 200 https://registry.npmjs.org/@eslint-community/regexpp/-/regexpp-4.12.2.tgz 10027ms (cache miss)
3559 http fetch GET 200 https://registry.npmjs.org/@babel/plugin-transform-react-jsx-development/-/plugin-transform-react-jsx-development-7.27.1.tgz 10011ms (cache miss)
3560 http fetch GET 200 https://registry.npmjs.org/@babel/plugin-transform-react-display-name/-/plugin-transform-react-display-name-7.28.0.tgz 10021ms (cache miss)
3561 http fetch GET 200 https://registry.npmjs.org/uuid 10034ms (cache miss)
3562 silly packumentCache corgi:https://registry.npmjs.org/uuid set size:undefined disposed:false
3563 http fetch GET 200 https://registry.npmjs.org/@babel/plugin-transform-private-property-in-object/-/plugin-transform-private-property-in-object-7.28.6.tgz 10033ms (cache miss)
3564 http fetch GET 200 https://registry.npmjs.org/@babel/plugin-transform-private-methods/-/plugin-transform-private-methods-7.28.6.tgz 10036ms (cache miss)
3565 http fetch GET 200 https://registry.npmjs.org/@babel/plugin-transform-optional-catch-binding/-/plugin-transform-optional-catch-binding-7.28.6.tgz 10042ms (cache miss)
3566 http fetch GET 200 https://registry.npmjs.org/ws 10052ms (cache miss)
3567 silly packumentCache corgi:https://registry.npmjs.org/ws set size:undefined disposed:false
3568 http fetch GET 200 https://registry.npmjs.org/@expo/schema-utils/-/schema-utils-55.0.4.tgz 10075ms (cache miss)
3569 http fetch GET 200 https://registry.npmjs.org/@react-native/debugger-shell/-/debugger-shell-0.83.4.tgz 10102ms (cache miss)
3570 http fetch GET 200 https://registry.npmjs.org/@babel/plugin-transform-numeric-separator/-/plugin-transform-numeric-separator-7.28.6.tgz 10061ms (cache miss)
3571 http fetch GET 200 https://registry.npmjs.org/css-select/-/css-select-5.2.2.tgz 10150ms (cache miss)
3572 http fetch GET 200 https://registry.npmjs.org/@babel/plugin-transform-nullish-coalescing-operator/-/plugin-transform-nullish-coalescing-operator-7.28.6.tgz 10062ms (cache miss)
3573 http fetch GET 200 https://registry.npmjs.org/@drizzle-team/brocli/-/brocli-0.10.2.tgz 10082ms (cache miss)
3574 http fetch GET 200 https://registry.npmjs.org/@babel/plugin-transform-optional-chaining/-/plugin-transform-optional-chaining-7.28.6.tgz 10064ms (cache miss)
3575 http fetch GET 200 https://registry.npmjs.org/@babel/plugin-transform-named-capturing-groups-regex/-/plugin-transform-named-capturing-groups-regex-7.29.0.tgz 10065ms (cache miss)
3576 http fetch GET 200 https://registry.npmjs.org/@esbuild-kit/esm-loader/-/esm-loader-2.6.5.tgz 10094ms (cache miss)
3577 warn deprecated @esbuild-kit/esm-loader@2.6.5: Merged into tsx: https://tsx.is
3578 http fetch GET 200 https://registry.npmjs.org/@babel/plugin-transform-logical-assignment-operators/-/plugin-transform-logical-assignment-operators-7.28.6.tgz 10079ms (cache miss)
3579 http fetch GET 200 https://registry.npmjs.org/@babel/plugin-transform-object-rest-spread/-/plugin-transform-object-rest-spread-7.28.6.tgz 10083ms (cache miss)
3580 http fetch GET 200 https://registry.npmjs.org/@eslint-community/eslint-utils/-/eslint-utils-4.9.1.tgz 10104ms (cache miss)
3581 http fetch GET 200 https://registry.npmjs.org/@babel/plugin-transform-modules-commonjs/-/plugin-transform-modules-commonjs-7.28.6.tgz 10114ms (cache miss)
3582 http fetch GET 200 https://registry.npmjs.org/@babel/plugin-transform-for-of/-/plugin-transform-for-of-7.27.1.tgz 10134ms (cache miss)
3583 http fetch GET 200 https://registry.npmjs.org/@babel/plugin-transform-flow-strip-types/-/plugin-transform-flow-strip-types-7.27.1.tgz 10137ms (cache miss)
3584 http fetch GET 200 https://registry.npmjs.org/@babel/plugin-transform-literals/-/plugin-transform-literals-7.27.1.tgz 10138ms (cache miss)
3585 http fetch GET 200 https://registry.npmjs.org/@babel/plugin-transform-function-name/-/plugin-transform-function-name-7.27.1.tgz 10139ms (cache miss)
3586 http fetch GET 200 https://registry.npmjs.org/@babel/plugin-transform-export-namespace-from/-/plugin-transform-export-namespace-from-7.27.1.tgz 10140ms (cache miss)
3587 http fetch GET 200 https://registry.npmjs.org/@babel/plugin-transform-computed-properties/-/plugin-transform-computed-properties-7.28.6.tgz 10139ms (cache miss)
3588 http fetch GET 200 https://registry.npmjs.org/@babel/plugin-transform-destructuring/-/plugin-transform-destructuring-7.28.5.tgz 10160ms (cache miss)
3589 http fetch GET 200 https://registry.npmjs.org/@expo/ws-tunnel/-/ws-tunnel-1.0.6.tgz 10194ms (cache miss)
3590 http fetch GET 200 https://registry.npmjs.org/axios 10178ms (cache miss)
3591 silly packumentCache corgi:https://registry.npmjs.org/axios set size:undefined disposed:false
3592 http fetch GET 200 https://registry.npmjs.org/@babel/plugin-transform-class-static-block/-/plugin-transform-class-static-block-7.28.6.tgz 10195ms (cache miss)
3593 http fetch GET 200 https://registry.npmjs.org/@babel/plugin-syntax-typescript/-/plugin-syntax-typescript-7.28.6.tgz 10195ms (cache miss)
3594 http fetch GET 200 https://registry.npmjs.org/@babel/plugin-transform-async-to-generator/-/plugin-transform-async-to-generator-7.28.6.tgz 10196ms (cache miss)
3595 http fetch GET 200 https://registry.npmjs.org/@babel/plugin-syntax-optional-chaining/-/plugin-syntax-optional-chaining-7.8.3.tgz 10195ms (cache miss)
3596 http fetch GET 200 https://registry.npmjs.org/@babel/plugin-transform-class-properties/-/plugin-transform-class-properties-7.28.6.tgz 10201ms (cache miss)
3597 http fetch GET 200 https://registry.npmjs.org/@babel/plugin-syntax-top-level-await/-/plugin-syntax-top-level-await-7.14.5.tgz 10203ms (cache miss)
3598 http fetch GET 200 https://registry.npmjs.org/@babel/plugin-transform-arrow-functions/-/plugin-transform-arrow-functions-7.27.1.tgz 10204ms (cache miss)
3599 http fetch GET 200 https://registry.npmjs.org/@babel/plugin-transform-typescript/-/plugin-transform-typescript-7.28.6.tgz 10238ms (cache miss)
3600 http fetch GET 200 https://registry.npmjs.org/sharp 10230ms (cache miss)
3601 silly packumentCache corgi:https://registry.npmjs.org/sharp set size:undefined disposed:false
3602 http fetch GET 200 https://registry.npmjs.org/@babel/plugin-syntax-numeric-separator/-/plugin-syntax-numeric-separator-7.10.4.tgz 10223ms (cache miss)
3603 http fetch GET 200 https://registry.npmjs.org/@babel/plugin-syntax-nullish-coalescing-operator/-/plugin-syntax-nullish-coalescing-operator-7.8.3.tgz 10232ms (cache miss)
3604 http fetch GET 200 https://registry.npmjs.org/@babel/plugin-syntax-object-rest-spread/-/plugin-syntax-object-rest-spread-7.8.3.tgz 10236ms (cache miss)
3605 http fetch GET 200 https://registry.npmjs.org/@babel/plugin-transform-async-generator-functions/-/plugin-transform-async-generator-functions-7.29.0.tgz 10249ms (cache miss)
3606 http fetch GET 200 https://registry.npmjs.org/@babel/plugin-syntax-optional-catch-binding/-/plugin-syntax-optional-catch-binding-7.8.3.tgz 10249ms (cache miss)
3607 http fetch GET 200 https://registry.npmjs.org/@babel/plugin-syntax-private-property-in-object/-/plugin-syntax-private-property-in-object-7.14.5.tgz 10250ms (cache miss)
3608 http fetch GET 200 https://registry.npmjs.org/@babel/plugin-syntax-logical-assignment-operators/-/plugin-syntax-logical-assignment-operators-7.10.4.tgz 10251ms (cache miss)
3609 http fetch GET 200 https://registry.npmjs.org/@babel/plugin-syntax-import-meta/-/plugin-syntax-import-meta-7.10.4.tgz 10254ms (cache miss)
3610 http fetch GET 200 https://registry.npmjs.org/@babel/plugin-syntax-dynamic-import/-/plugin-syntax-dynamic-import-7.8.3.tgz 10255ms (cache miss)
3611 http fetch GET 200 https://registry.npmjs.org/@babel/plugin-syntax-json-strings/-/plugin-syntax-json-strings-7.8.3.tgz 10255ms (cache miss)
3612 http fetch GET 200 https://registry.npmjs.org/@babel/plugin-transform-react-jsx/-/plugin-transform-react-jsx-7.28.6.tgz 10271ms (cache miss)
3613 http fetch GET 200 https://registry.npmjs.org/@babel/plugin-syntax-import-attributes/-/plugin-syntax-import-attributes-7.28.6.tgz 10265ms (cache miss)
3614 http fetch GET 200 https://registry.npmjs.org/@babel/plugin-syntax-export-default-from/-/plugin-syntax-export-default-from-7.28.6.tgz 10268ms (cache miss)
3615 http fetch GET 200 https://registry.npmjs.org/@babel/plugin-syntax-jsx/-/plugin-syntax-jsx-7.28.6.tgz 10272ms (cache miss)
3616 http fetch GET 200 https://registry.npmjs.org/@babel/plugin-syntax-flow/-/plugin-syntax-flow-7.28.6.tgz 10271ms (cache miss)
3617 http fetch GET 200 https://registry.npmjs.org/@babel/plugin-syntax-decorators/-/plugin-syntax-decorators-7.28.6.tgz 10271ms (cache miss)
3618 http fetch GET 200 https://registry.npmjs.org/@babel/plugin-syntax-class-static-block/-/plugin-syntax-class-static-block-7.14.5.tgz 10271ms (cache miss)
3619 http fetch GET 200 https://registry.npmjs.org/@babel/plugin-syntax-class-properties/-/plugin-syntax-class-properties-7.12.13.tgz 10282ms (cache miss)
3620 http fetch GET 200 https://registry.npmjs.org/@babel/plugin-proposal-export-default-from/-/plugin-proposal-export-default-from-7.27.1.tgz 10291ms (cache miss)
3621 http fetch GET 200 https://registry.npmjs.org/@babel%2fcore 10308ms (cache miss)
3622 silly packumentCache corgi:https://registry.npmjs.org/@babel%2fcore set size:undefined disposed:false
3623 http fetch GET 200 https://registry.npmjs.org/@babel/plugin-proposal-decorators/-/plugin-proposal-decorators-7.29.0.tgz 10295ms (cache miss)
3624 http fetch GET 200 https://registry.npmjs.org/postcss 10323ms (cache miss)
3625 silly packumentCache corgi:https://registry.npmjs.org/postcss set size:undefined disposed:false
3626 http fetch GET 200 https://registry.npmjs.org/@babel/plugin-syntax-bigint/-/plugin-syntax-bigint-7.8.3.tgz 10314ms (cache miss)
3627 http fetch GET 200 https://registry.npmjs.org/@babel/helper-wrap-function/-/helper-wrap-function-7.28.6.tgz 10314ms (cache miss)
3628 http fetch GET 200 https://registry.npmjs.org/@babel/helper-skip-transparent-expression-wrappers/-/helper-skip-transparent-expression-wrappers-7.27.1.tgz 10313ms (cache miss)
3629 http fetch GET 200 https://registry.npmjs.org/joi 10329ms (cache miss)
3630 silly packumentCache corgi:https://registry.npmjs.org/joi set size:undefined disposed:false
3631 http fetch GET 200 https://registry.npmjs.org/@babel/helper-string-parser/-/helper-string-parser-7.27.1.tgz 10317ms (cache miss)
3632 http fetch GET 200 https://registry.npmjs.org/@babel/plugin-transform-parameters/-/plugin-transform-parameters-7.27.7.tgz 10331ms (cache miss)
3633 http fetch GET 200 https://registry.npmjs.org/@babel/helper-validator-option/-/helper-validator-option-7.27.1.tgz 10320ms (cache miss)
3634 http fetch GET 200 https://registry.npmjs.org/@babel/helper-replace-supers/-/helper-replace-supers-7.28.6.tgz 10321ms (cache miss)
3635 http fetch GET 200 https://registry.npmjs.org/@babel/helper-plugin-utils/-/helper-plugin-utils-7.28.6.tgz 10323ms (cache miss)
3636 http fetch GET 200 https://registry.npmjs.org/@babel/helper-remap-async-to-generator/-/helper-remap-async-to-generator-7.27.1.tgz 10324ms (cache miss)
3637 http fetch GET 200 https://registry.npmjs.org/@babel/plugin-transform-classes/-/plugin-transform-classes-7.28.6.tgz 10357ms (cache miss)
3638 http fetch GET 200 https://registry.npmjs.org/@babel/helper-optimise-call-expression/-/helper-optimise-call-expression-7.27.1.tgz 10350ms (cache miss)
3639 http fetch GET 200 https://registry.npmjs.org/@babel/helper-annotate-as-pure/-/helper-annotate-as-pure-7.27.3.tgz 10349ms (cache miss)
3640 http fetch GET 200 https://registry.npmjs.org/@babel/compat-data/-/compat-data-7.29.0.tgz 10348ms (cache miss)
3641 http fetch GET 200 https://registry.npmjs.org/string-width/-/string-width-4.2.3.tgz 10355ms (cache miss)
3642 http fetch GET 200 https://registry.npmjs.org/@babel/helper-member-expression-to-functions/-/helper-member-expression-to-functions-7.28.5.tgz 10363ms (cache miss)
3643 http fetch GET 200 https://registry.npmjs.org/@axe-core/playwright/-/playwright-4.11.2.tgz 10362ms (cache miss)
3644 http fetch GET 200 https://registry.npmjs.org/@babel/helper-globals/-/helper-globals-7.28.0.tgz 10364ms (cache miss)
3645 http fetch GET 200 https://registry.npmjs.org/@babel/preset-typescript/-/preset-typescript-7.28.5.tgz 10365ms (cache miss)
3646 http fetch GET 200 https://registry.npmjs.org/@babel/code-frame/-/code-frame-7.29.0.tgz 10371ms (cache miss)
3647 http fetch GET 200 https://registry.npmjs.org/is-fullwidth-code-point/-/is-fullwidth-code-point-3.0.0.tgz 10371ms (cache miss)
3648 http fetch GET 200 https://registry.npmjs.org/string-width/-/string-width-5.1.2.tgz 10371ms (cache miss)
3649 http fetch GET 200 https://registry.npmjs.org/@babel/plugin-syntax-async-generators/-/plugin-syntax-async-generators-7.8.4.tgz 10373ms (cache miss)
3650 http fetch GET 200 https://registry.npmjs.org/@babel/template/-/template-7.28.6.tgz 10408ms (cache miss)
3651 http fetch GET 200 https://registry.npmjs.org/@babel/helper-create-regexp-features-plugin/-/helper-create-regexp-features-plugin-7.28.5.tgz 10379ms (cache miss)
3652 http fetch GET 200 https://registry.npmjs.org/strip-ansi/-/strip-ansi-7.2.0.tgz 10384ms (cache miss)
3653 http fetch GET 200 https://registry.npmjs.org/@babel/plugin-transform-unicode-regex/-/plugin-transform-unicode-regex-7.27.1.tgz 10386ms (cache miss)
3654 http fetch GET 200 https://registry.npmjs.org/@react-navigation/routers/-/routers-7.5.3.tgz 10451ms (cache miss)
3655 http fetch GET 200 https://registry.npmjs.org/ansi-regex/-/ansi-regex-6.2.2.tgz 10400ms (cache miss)
3656 http fetch GET 200 https://registry.npmjs.org/glob/-/glob-7.2.3.tgz 10403ms (cache miss)
3657 warn deprecated glob@7.2.3: Old versions of glob are not supported, and contain widely publicized security vulnerabilities, which have been fixed in the current version. Please update. Support for old versions may be purchased (at exorbitant rates) by contacting i@izs.me
3658 http fetch GET 200 https://registry.npmjs.org/emoji-regex/-/emoji-regex-9.2.2.tgz 10411ms (cache miss)
3659 http fetch GET 200 https://registry.npmjs.org/balanced-match/-/balanced-match-1.0.2.tgz 10410ms (cache miss)
3660 http fetch GET 200 https://registry.npmjs.org/string-width/-/string-width-4.2.3.tgz 10421ms (cache miss)
3661 http fetch GET 200 https://registry.npmjs.org/minimatch/-/minimatch-3.1.5.tgz 10435ms (cache miss)
3662 http fetch GET 200 https://registry.npmjs.org/ansi-styles/-/ansi-styles-6.2.3.tgz 10432ms (cache miss)
3663 http fetch GET 200 https://registry.npmjs.org/is-fullwidth-code-point/-/is-fullwidth-code-point-3.0.0.tgz 10439ms (cache miss)
3664 http fetch GET 200 https://registry.npmjs.org/escape-string-regexp/-/escape-string-regexp-2.0.0.tgz 10436ms (cache miss)
3665 http fetch GET 200 https://registry.npmjs.org/bplist-parser/-/bplist-parser-0.3.1.tgz 10437ms (cache miss)
3666 http fetch GET 200 https://registry.npmjs.org/brace-expansion/-/brace-expansion-1.1.14.tgz 10444ms (cache miss)
3667 http fetch GET 200 https://registry.npmjs.org/commander/-/commander-2.20.3.tgz 10444ms (cache miss)
3668 http fetch GET 200 https://registry.npmjs.org/strip-ansi/-/strip-ansi-7.2.0.tgz 10478ms (cache miss)
3669 http fetch GET 200 https://registry.npmjs.org/@babel/helper-validator-identifier/-/helper-validator-identifier-7.28.5.tgz 10487ms (cache miss)
3670 http fetch GET 200 https://registry.npmjs.org/undici 10502ms (cache miss)
3671 silly packumentCache corgi:https://registry.npmjs.org/undici set size:undefined disposed:false
3672 http fetch GET 200 https://registry.npmjs.org/encodeurl/-/encodeurl-2.0.0.tgz 10491ms (cache miss)
3673 http fetch GET 200 https://registry.npmjs.org/json-schema-traverse/-/json-schema-traverse-1.0.0.tgz 10492ms (cache miss)
3674 http fetch GET 200 https://registry.npmjs.org/range-parser/-/range-parser-1.2.0.tgz 10493ms (cache miss)
3675 http fetch GET 200 https://registry.npmjs.org/ansi-regex/-/ansi-regex-6.2.2.tgz 10496ms (cache miss)
3676 http fetch GET 200 https://registry.npmjs.org/mime-types/-/mime-types-2.1.18.tgz 10493ms (cache miss)
3677 http fetch GET 200 https://registry.npmjs.org/balanced-match/-/balanced-match-1.0.2.tgz 10496ms (cache miss)
3678 http fetch GET 200 https://registry.npmjs.org/statuses/-/statuses-2.0.2.tgz 10496ms (cache miss)
3679 http fetch GET 200 https://registry.npmjs.org/balanced-match/-/balanced-match-1.0.2.tgz 10495ms (cache miss)
3680 http fetch GET 200 https://registry.npmjs.org/bytes/-/bytes-3.0.0.tgz 10503ms (cache miss)
3681 http fetch GET 200 https://registry.npmjs.org/minimatch/-/minimatch-3.1.5.tgz 10508ms (cache miss)
3682 http fetch GET 200 https://registry.npmjs.org/minimatch/-/minimatch-3.1.5.tgz 10505ms (cache miss)
3683 http fetch GET 200 https://registry.npmjs.org/ms/-/ms-2.0.0.tgz 10532ms (cache miss)
3684 http fetch GET 200 https://registry.npmjs.org/brace-expansion/-/brace-expansion-1.1.14.tgz 10544ms (cache miss)
3685 http fetch GET 200 https://registry.npmjs.org/onetime/-/onetime-7.0.0.tgz 10545ms (cache miss)
3686 http fetch GET 200 https://registry.npmjs.org/on-finished/-/on-finished-2.4.1.tgz 10546ms (cache miss)
3687 http fetch GET 200 https://registry.npmjs.org/memoize-one/-/memoize-one-6.0.0.tgz 10549ms (cache miss)
3688 http fetch GET 200 https://registry.npmjs.org/@expo/image-utils/-/image-utils-0.8.14.tgz 10599ms (cache miss)
3689 http fetch GET 200 https://registry.npmjs.org/encodeurl/-/encodeurl-2.0.0.tgz 10560ms (cache miss)
3690 http fetch GET 200 https://registry.npmjs.org/@babel/plugin-transform-block-scoping/-/plugin-transform-block-scoping-7.28.6.tgz 10587ms (cache miss)
3691 http fetch GET 200 https://registry.npmjs.org/glob/-/glob-7.2.3.tgz 10573ms (cache miss)
3692 warn deprecated glob@7.2.3: Old versions of glob are not supported, and contain widely publicized security vulnerabilities, which have been fixed in the current version. Please update. Support for old versions may be purchased (at exorbitant rates) by contacting i@izs.me
3693 http fetch GET 200 https://registry.npmjs.org/@react-native/normalize-colors/-/normalize-colors-0.74.89.tgz 10582ms (cache miss)
3694 http fetch GET 200 https://registry.npmjs.org/esbuild/-/esbuild-0.27.7.tgz 10591ms (cache miss)
3695 http fetch GET 200 https://registry.npmjs.org/babel-plugin-syntax-hermes-parser/-/babel-plugin-syntax-hermes-parser-0.32.0.tgz 10589ms (cache miss)
3696 http fetch GET 200 https://registry.npmjs.org/strip-json-comments/-/strip-json-comments-2.0.1.tgz 10599ms (cache miss)
3697 http fetch GET 200 https://registry.npmjs.org/minimatch/-/minimatch-3.1.5.tgz 10600ms (cache miss)
3698 http fetch GET 200 https://registry.npmjs.org/react-is/-/react-is-16.13.1.tgz 10601ms (cache miss)
3699 http fetch GET 200 https://registry.npmjs.org/brace-expansion/-/brace-expansion-1.1.14.tgz 10606ms (cache miss)
3700 http fetch GET 200 https://registry.npmjs.org/balanced-match/-/balanced-match-1.0.2.tgz 10615ms (cache miss)
3701 http fetch GET 200 https://registry.npmjs.org/mime-db/-/mime-db-1.33.0.tgz 10622ms (cache miss)
3702 http fetch GET 200 https://registry.npmjs.org/@jest/core/-/core-29.7.0.tgz 10685ms (cache miss)
3703 http fetch GET 200 https://registry.npmjs.org/ansi-styles/-/ansi-styles-5.2.0.tgz 10629ms (cache miss)
3704 http fetch GET 200 https://registry.npmjs.org/slash/-/slash-2.0.0.tgz 10629ms (cache miss)
3705 http fetch GET 200 https://registry.npmjs.org/p-locate/-/p-locate-4.1.0.tgz 10633ms (cache miss)
3706 http fetch GET 200 https://registry.npmjs.org/find-up/-/find-up-4.1.0.tgz 10638ms (cache miss)
3707 http fetch GET 200 https://registry.npmjs.org/react-is/-/react-is-18.3.1.tgz 10643ms (cache miss)
3708 http fetch GET 200 https://registry.npmjs.org/supports-color/-/supports-color-5.5.0.tgz 10651ms (cache miss)
3709 http fetch GET 200 https://registry.npmjs.org/p-limit/-/p-limit-2.3.0.tgz 10653ms (cache miss)
3710 http fetch GET 200 https://registry.npmjs.org/@babel/helper-module-imports/-/helper-module-imports-7.28.6.tgz 10673ms (cache miss)
3711 http fetch GET 200 https://registry.npmjs.org/cli-cursor/-/cli-cursor-2.1.0.tgz 10658ms (cache miss)
3712 http fetch GET 200 https://registry.npmjs.org/strip-ansi/-/strip-ansi-5.2.0.tgz 10660ms (cache miss)
3713 http fetch GET 200 https://registry.npmjs.org/locate-path/-/locate-path-5.0.0.tgz 10663ms (cache miss)
3714 http fetch GET 200 https://registry.npmjs.org/onetime/-/onetime-2.0.1.tgz 10667ms (cache miss)
3715 http fetch GET 200 https://registry.npmjs.org/has-flag/-/has-flag-3.0.0.tgz 10670ms (cache miss)
3716 http fetch GET 200 https://registry.npmjs.org/ansi-regex/-/ansi-regex-4.1.1.tgz 10674ms (cache miss)
3717 http fetch GET 200 https://registry.npmjs.org/chalk/-/chalk-2.4.2.tgz 10675ms (cache miss)
3718 http fetch GET 200 https://registry.npmjs.org/color-convert/-/color-convert-1.9.3.tgz 10676ms (cache miss)
3719 http fetch GET 200 https://registry.npmjs.org/color-name/-/color-name-1.1.3.tgz 10677ms (cache miss)
3720 http fetch GET 200 https://registry.npmjs.org/webidl-conversions/-/webidl-conversions-3.0.1.tgz 10680ms (cache miss)
3721 http fetch GET 200 https://registry.npmjs.org/mimic-fn/-/mimic-fn-1.2.0.tgz 10681ms (cache miss)
3722 http fetch GET 200 https://registry.npmjs.org/ansi-styles/-/ansi-styles-3.2.1.tgz 10683ms (cache miss)
3723 http fetch GET 200 https://registry.npmjs.org/whatwg-url/-/whatwg-url-5.0.0.tgz 10684ms (cache miss)
3724 http fetch GET 200 https://registry.npmjs.org/escape-string-regexp/-/escape-string-regexp-1.0.5.tgz 10686ms (cache miss)
3725 http fetch GET 200 https://registry.npmjs.org/@types/node/-/node-25.6.0.tgz 10781ms (cache miss)
3726 http fetch GET 200 https://registry.npmjs.org/restore-cursor/-/restore-cursor-2.0.0.tgz 10699ms (cache miss)
3727 http fetch GET 200 https://registry.npmjs.org/glob/-/glob-7.2.3.tgz 10724ms (cache miss)
3728 http fetch GET 200 https://registry.npmjs.org/agent-base/-/agent-base-7.1.4.tgz 10715ms (cache miss)
3729 http fetch GET 200 https://registry.npmjs.org/https-proxy-agent/-/https-proxy-agent-7.0.6.tgz 10716ms (cache miss)
3730 http fetch GET 200 https://registry.npmjs.org/mime-types/-/mime-types-3.0.2.tgz 10716ms (cache miss)
3731 warn deprecated glob@7.2.3: Old versions of glob are not supported, and contain widely publicized security vulnerabilities, which have been fixed in the current version. Please update. Support for old versions may be purchased (at exorbitant rates) by contacting i@izs.me
3732 http fetch GET 200 https://registry.npmjs.org/has-flag/-/has-flag-3.0.0.tgz 10717ms (cache miss)
3733 http fetch GET 200 https://registry.npmjs.org/semver/-/semver-6.3.1.tgz 10726ms (cache miss)
3734 http fetch GET 200 https://registry.npmjs.org/ansi-styles/-/ansi-styles-3.2.1.tgz 10729ms (cache miss)
3735 http fetch GET 200 https://registry.npmjs.org/escape-string-regexp/-/escape-string-regexp-1.0.5.tgz 10732ms (cache miss)
3736 http fetch GET 200 https://registry.npmjs.org/is-arrayish/-/is-arrayish-0.3.4.tgz 10761ms (cache miss)
3737 http fetch GET 200 https://registry.npmjs.org/accepts/-/accepts-2.0.0.tgz 10745ms (cache miss)
3738 http fetch GET 200 https://registry.npmjs.org/wrap-ansi/-/wrap-ansi-9.0.2.tgz 10747ms (cache miss)
3739 http fetch GET 200 https://registry.npmjs.org/ci-info/-/ci-info-2.0.0.tgz 10748ms (cache miss)
3740 http fetch GET 200 https://registry.npmjs.org/ansi-regex/-/ansi-regex-6.2.2.tgz 10747ms (cache miss)
3741 http fetch GET 200 https://registry.npmjs.org/strip-ansi/-/strip-ansi-7.2.0.tgz 10748ms (cache miss)
3742 http fetch GET 200 https://registry.npmjs.org/ansi-regex/-/ansi-regex-6.2.2.tgz 10745ms (cache miss)
3743 http fetch GET 200 https://registry.npmjs.org/ansi-styles/-/ansi-styles-6.2.3.tgz 10748ms (cache miss)
3744 http fetch GET 200 https://registry.npmjs.org/negotiator/-/negotiator-1.0.0.tgz 10749ms (cache miss)
3745 http fetch GET 200 https://registry.npmjs.org/supports-color/-/supports-color-5.5.0.tgz 10750ms (cache miss)
3746 http fetch GET 200 https://registry.npmjs.org/emoji-regex/-/emoji-regex-10.6.0.tgz 10749ms (cache miss)
3747 http fetch GET 200 https://registry.npmjs.org/ansi-escapes/-/ansi-escapes-7.3.0.tgz 10750ms (cache miss)
3748 http fetch GET 200 https://registry.npmjs.org/slice-ansi/-/slice-ansi-7.1.2.tgz 10752ms (cache miss)
3749 http fetch GET 200 https://registry.npmjs.org/string-width/-/string-width-7.2.0.tgz 10755ms (cache miss)
3750 http fetch GET 200 https://registry.npmjs.org/mime-db/-/mime-db-1.52.0.tgz 10765ms (cache miss)
3751 http fetch GET 200 https://registry.npmjs.org/color-convert/-/color-convert-1.9.3.tgz 10768ms (cache miss)
3752 http fetch GET 200 https://registry.npmjs.org/debug/-/debug-2.6.9.tgz 10789ms (cache miss)
3753 http fetch GET 200 https://registry.npmjs.org/ms/-/ms-2.0.0.tgz 10773ms (cache miss)
3754 http fetch GET 200 https://registry.npmjs.org/chalk/-/chalk-2.4.2.tgz 10777ms (cache miss)
3755 http fetch GET 200 https://registry.npmjs.org/esbuild 10825ms (cache miss)
3756 silly packumentCache corgi:https://registry.npmjs.org/esbuild set size:undefined disposed:false
3757 http fetch GET 200 https://registry.npmjs.org/expo-audio/-/expo-audio-55.0.14.tgz 10940ms (cache miss)
3758 http fetch GET 200 https://registry.npmjs.org/ansi-styles/-/ansi-styles-6.2.3.tgz 10787ms (cache miss)
3759 http fetch GET 200 https://registry.npmjs.org/universalify/-/universalify-2.0.1.tgz 10788ms (cache miss)
3760 http fetch GET 200 https://registry.npmjs.org/wrap-ansi/-/wrap-ansi-9.0.2.tgz 10791ms (cache miss)
3761 http fetch GET 200 https://registry.npmjs.org/string-length/-/string-length-5.0.1.tgz 10791ms (cache miss)
3762 http fetch GET 200 https://registry.npmjs.org/emoji-regex/-/emoji-regex-10.6.0.tgz 10795ms (cache miss)
3763 http fetch GET 200 https://registry.npmjs.org/strip-ansi/-/strip-ansi-7.2.0.tgz 10794ms (cache miss)
3764 http fetch GET 200 https://registry.npmjs.org/type-fest/-/type-fest-0.7.1.tgz 10822ms (cache miss)
3765 http fetch GET 200 https://registry.npmjs.org/string-width/-/string-width-7.2.0.tgz 10807ms (cache miss)
3766 http fetch GET 200 https://registry.npmjs.org/char-regex/-/char-regex-2.0.2.tgz 10809ms (cache miss)
3767 http fetch GET 200 https://registry.npmjs.org/ansi-escapes/-/ansi-escapes-6.2.1.tgz 10809ms (cache miss)
3768 http fetch GET 200 https://registry.npmjs.org/slash/-/slash-5.1.0.tgz 10812ms (cache miss)
3769 http fetch GET 200 https://registry.npmjs.org/@hapi/hoek/-/hoek-11.0.7.tgz 10887ms (cache miss)
3770 http fetch GET 200 https://registry.npmjs.org/chalk/-/chalk-3.0.0.tgz 10822ms (cache miss)
3771 http fetch GET 200 https://registry.npmjs.org/camelcase/-/camelcase-6.3.0.tgz 10827ms (cache miss)
3772 http fetch GET 200 https://registry.npmjs.org/ansi-regex/-/ansi-regex-6.2.2.tgz 10833ms (cache miss)
3773 http fetch GET 200 https://registry.npmjs.org/minimatch/-/minimatch-3.1.5.tgz 10834ms (cache miss)
3774 http fetch GET 200 https://registry.npmjs.org/minimatch/-/minimatch-3.1.5.tgz 10835ms (cache miss)
3775 http fetch GET 200 https://registry.npmjs.org/balanced-match/-/balanced-match-1.0.2.tgz 10836ms (cache miss)
3776 http fetch GET 200 https://registry.npmjs.org/scheduler/-/scheduler-0.25.0.tgz 10867ms (cache miss)
3777 http fetch GET 200 https://registry.npmjs.org/brace-expansion/-/brace-expansion-1.1.14.tgz 10858ms (cache miss)
3778 http fetch GET 200 https://registry.npmjs.org/brace-expansion/-/brace-expansion-1.1.14.tgz 10858ms (cache miss)
3779 http fetch GET 200 https://registry.npmjs.org/resolve-from/-/resolve-from-4.0.0.tgz 10862ms (cache miss)
3780 http fetch GET 200 https://registry.npmjs.org/picomatch/-/picomatch-2.3.2.tgz 10880ms (cache miss)
3781 http fetch GET 200 https://registry.npmjs.org/statuses/-/statuses-2.0.2.tgz 10871ms (cache miss)
3782 http fetch GET 200 https://registry.npmjs.org/source-map-support/-/source-map-support-0.5.13.tgz 10877ms (cache miss)
3783 http fetch GET 200 https://registry.npmjs.org/@babel/helper-compilation-targets/-/helper-compilation-targets-7.28.6.tgz 10912ms (cache miss)
3784 http fetch GET 200 https://registry.npmjs.org/glob/-/glob-7.2.3.tgz 10881ms (cache miss)
3785 warn deprecated glob@7.2.3: Old versions of glob are not supported, and contain widely publicized security vulnerabilities, which have been fixed in the current version. Please update. Support for old versions may be purchased (at exorbitant rates) by contacting i@izs.me
3786 http fetch GET 200 https://registry.npmjs.org/ms/-/ms-2.0.0.tgz 10892ms (cache miss)
3787 http fetch GET 200 https://registry.npmjs.org/color-name/-/color-name-1.1.3.tgz 10911ms (cache miss)
3788 http fetch GET 200 https://registry.npmjs.org/react-is/-/react-is-16.13.1.tgz 10908ms (cache miss)
3789 http fetch GET 200 https://registry.npmjs.org/tr46/-/tr46-0.0.3.tgz 10925ms (cache miss)
3790 http fetch GET 200 https://registry.npmjs.org/strip-ansi/-/strip-ansi-7.2.0.tgz 10917ms (cache miss)
3791 http fetch GET 200 https://registry.npmjs.org/universalify/-/universalify-2.0.1.tgz 10912ms (cache miss)
3792 http fetch GET 200 https://registry.npmjs.org/supports-color/-/supports-color-8.1.1.tgz 10923ms (cache miss)
3793 http fetch GET 200 https://registry.npmjs.org/@react-native/normalize-colors/-/normalize-colors-0.83.6.tgz 10924ms (cache miss)
3794 http fetch GET 200 https://registry.npmjs.org/commander/-/commander-12.1.0.tgz 10952ms (cache miss)
3795 http fetch GET 200 https://registry.npmjs.org/brace-expansion/-/brace-expansion-1.1.14.tgz 10940ms (cache miss)
3796 http fetch GET 200 https://registry.npmjs.org/brace-expansion/-/brace-expansion-1.1.14.tgz 10941ms (cache miss)
3797 http fetch GET 200 https://registry.npmjs.org/balanced-match/-/balanced-match-1.0.2.tgz 10945ms (cache miss)
3798 http fetch GET 200 https://registry.npmjs.org/glob/-/glob-7.2.3.tgz 10950ms (cache miss)
3799 http fetch GET 200 https://registry.npmjs.org/semver/-/semver-6.3.1.tgz 10946ms (cache miss)
3800 http fetch GET 200 https://registry.npmjs.org/balanced-match/-/balanced-match-1.0.2.tgz 10944ms (cache miss)
3801 warn deprecated glob@7.2.3: Old versions of glob are not supported, and contain widely publicized security vulnerabilities, which have been fixed in the current version. Please update. Support for old versions may be purchased (at exorbitant rates) by contacting i@izs.me
3802 http fetch GET 200 https://registry.npmjs.org/minimatch/-/minimatch-3.1.5.tgz 10950ms (cache miss)
3803 http fetch GET 200 https://registry.npmjs.org/minimatch/-/minimatch-3.1.5.tgz 10952ms (cache miss)
3804 http fetch GET 200 https://registry.npmjs.org/cssom/-/cssom-0.3.8.tgz 10952ms (cache miss)
3805 http fetch GET 200 https://registry.npmjs.org/ignore/-/ignore-5.3.2.tgz 10956ms (cache miss)
3806 http fetch GET 200 https://registry.npmjs.org/@typescript-eslint/typescript-estree/-/typescript-estree-8.58.2.tgz 11063ms (cache miss)
3807 http fetch GET 200 https://registry.npmjs.org/picomatch/-/picomatch-2.3.2.tgz 10963ms (cache miss)
3808 silly packumentCache corgi:https://registry.npmjs.org/@expo%2fmetro-config cache-miss
3809 silly packumentCache corgi:https://registry.npmjs.org/@expo%2frequire-utils cache-miss
3810 silly packumentCache corgi:https://registry.npmjs.org/@jest%2ftransform cache-miss
3811 silly packumentCache corgi:https://registry.npmjs.org/@react-native%2fbabel-preset cache-miss
3812 silly packumentCache corgi:https://registry.npmjs.org/@react-native%2fcodegen cache-miss
3813 silly packumentCache corgi:https://registry.npmjs.org/istanbul-lib-instrument cache-miss
3814 silly packumentCache corgi:https://registry.npmjs.org/eslint-plugin-react-hooks cache-miss
3815 silly packumentCache corgi:https://registry.npmjs.org/jest-config cache-miss
3816 silly packumentCache corgi:https://registry.npmjs.org/jest-snapshot cache-miss
3817 silly packumentCache corgi:https://registry.npmjs.org/metro cache-miss
3818 silly packumentCache corgi:https://registry.npmjs.org/metro-babel-transformer cache-miss
3819 silly packumentCache corgi:https://registry.npmjs.org/metro-transform-plugins cache-miss
3820 silly packumentCache corgi:https://registry.npmjs.org/metro-transform-worker cache-miss
3821 http fetch GET 200 https://registry.npmjs.org/@babel/helper-module-transforms/-/helper-module-transforms-7.28.6.tgz 11006ms (cache miss)
3822 http fetch GET 200 https://registry.npmjs.org/wrap-ansi/-/wrap-ansi-8.1.0.tgz 10964ms (cache miss)
3823 http fetch GET 200 https://registry.npmjs.org/ms/-/ms-2.0.0.tgz 10978ms (cache miss)
3824 http fetch GET 200 https://registry.npmjs.org/string-width/-/string-width-5.1.2.tgz 10976ms (cache miss)
3825 http fetch GET 200 https://registry.npmjs.org/strip-ansi/-/strip-ansi-7.2.0.tgz 10982ms (cache miss)
3826 http fetch GET 200 https://registry.npmjs.org/debug/-/debug-2.6.9.tgz 11026ms (cache miss)
3827 http fetch GET 200 https://registry.npmjs.org/open/-/open-8.4.2.tgz 11022ms (cache miss)
3828 http fetch GET 200 https://registry.npmjs.org/chalk/-/chalk-5.0.1.tgz 11063ms (cache miss)
3829 http fetch GET 200 https://registry.npmjs.org/semver/-/semver-6.3.1.tgz 11034ms (cache miss)
3830 http fetch GET 200 https://registry.npmjs.org/ansi-styles/-/ansi-styles-6.2.3.tgz 11035ms (cache miss)
3831 http fetch GET 200 https://registry.npmjs.org/ws/-/ws-7.5.10.tgz 11078ms (cache miss)
3832 http fetch GET 200 https://registry.npmjs.org/doctrine/-/doctrine-2.1.0.tgz 11057ms (cache miss)
3833 http fetch GET 200 https://registry.npmjs.org/ua-parser-js/-/ua-parser-js-0.7.41.tgz 11070ms (cache miss)
3834 http fetch GET 200 https://registry.npmjs.org/ws/-/ws-7.5.10.tgz 11102ms (cache miss)
3835 http fetch GET 200 https://registry.npmjs.org/balanced-match/-/balanced-match-1.0.2.tgz 11091ms (cache miss)
3836 http fetch GET 200 https://registry.npmjs.org/semver/-/semver-6.3.1.tgz 11082ms (cache miss)
3837 http fetch GET 200 https://registry.npmjs.org/@babel/plugin-transform-regenerator/-/plugin-transform-regenerator-7.29.0.tgz 11145ms (cache miss)
3838 http fetch GET 200 https://registry.npmjs.org/commander/-/commander-14.0.3.tgz 11104ms (cache miss)
3839 http fetch GET 200 https://registry.npmjs.org/string-width/-/string-width-4.2.3.tgz 11093ms (cache miss)
3840 http fetch GET 200 https://registry.npmjs.org/ms/-/ms-2.0.0.tgz 11098ms (cache miss)
3841 http fetch GET 200 https://registry.npmjs.org/is-fullwidth-code-point/-/is-fullwidth-code-point-3.0.0.tgz 11108ms (cache miss)
3842 http fetch GET 200 https://registry.npmjs.org/debug/-/debug-2.6.9.tgz 11117ms (cache miss)
3843 http fetch GET 200 https://registry.npmjs.org/@hapi/address/-/address-5.1.1.tgz 11202ms (cache miss)
3844 http fetch GET 200 https://registry.npmjs.org/ws/-/ws-7.5.10.tgz 11167ms (cache miss)
3845 http fetch GET 200 https://registry.npmjs.org/ansi-regex/-/ansi-regex-6.2.2.tgz 11150ms (cache miss)
3846 http fetch GET 200 https://registry.npmjs.org/@jest/schemas/-/schemas-30.0.5.tgz 11148ms (cache miss)
3847 http fetch GET 200 https://registry.npmjs.org/string-width/-/string-width-4.2.3.tgz 11158ms (cache miss)
3848 http fetch GET 200 https://registry.npmjs.org/minimatch/-/minimatch-3.1.5.tgz 11165ms (cache miss)
3849 http fetch GET 200 https://registry.npmjs.org/camelcase/-/camelcase-7.0.1.tgz 11169ms (cache miss)
3850 http fetch GET 200 https://registry.npmjs.org/ansi-styles/-/ansi-styles-5.2.0.tgz 11168ms (cache miss)
3851 http fetch GET 200 https://registry.npmjs.org/brace-expansion/-/brace-expansion-1.1.14.tgz 11172ms (cache miss)
3852 http fetch GET 200 https://registry.npmjs.org/debug/-/debug-2.6.9.tgz 11180ms (cache miss)
3853 http fetch GET 200 https://registry.npmjs.org/debug/-/debug-2.6.9.tgz 11188ms (cache miss)
3854 http fetch GET 200 https://registry.npmjs.org/istanbul-lib-instrument/-/istanbul-lib-instrument-5.2.1.tgz 11187ms (cache miss)
3855 http fetch GET 200 https://registry.npmjs.org/proxy-from-env/-/proxy-from-env-1.1.0.tgz 11184ms (cache miss)
3856 http fetch GET 200 https://registry.npmjs.org/pretty-format/-/pretty-format-30.3.0.tgz 11186ms (cache miss)
3857 http fetch GET 200 https://registry.npmjs.org/@babel/helper-create-class-features-plugin/-/helper-create-class-features-plugin-7.28.6.tgz 11239ms (cache miss)
3858 http fetch GET 200 https://registry.npmjs.org/brace-expansion/-/brace-expansion-1.1.16.tgz 11232ms (cache miss)
3859 http fetch GET 200 https://registry.npmjs.org/emoji-regex/-/emoji-regex-9.2.2.tgz 11200ms (cache miss)
3860 http fetch GET 200 https://registry.npmjs.org/@react-native/dev-middleware/-/dev-middleware-0.83.4.tgz 11303ms (cache miss)
3861 http fetch GET 200 https://registry.npmjs.org/balanced-match/-/balanced-match-1.0.2.tgz 11199ms (cache miss)
3862 http fetch GET 200 https://registry.npmjs.org/jest-diff/-/jest-diff-30.3.0.tgz 11200ms (cache miss)
3863 http fetch GET 200 https://registry.npmjs.org/picomatch/-/picomatch-2.3.2.tgz 11215ms (cache miss)
3864 http fetch GET 200 https://registry.npmjs.org/@radix-ui/react-slot/-/react-slot-1.2.3.tgz 11214ms (cache miss)
3865 http fetch GET 200 https://registry.npmjs.org/glob/-/glob-7.2.3.tgz 11216ms (cache miss)
3866 http fetch GET 200 https://registry.npmjs.org/glob/-/glob-7.2.3.tgz 11218ms (cache miss)
3867 warn deprecated glob@7.2.3: Old versions of glob are not supported, and contain widely publicized security vulnerabilities, which have been fixed in the current version. Please update. Support for old versions may be purchased (at exorbitant rates) by contacting i@izs.me
3868 http fetch GET 200 https://registry.npmjs.org/babel-plugin-syntax-hermes-parser/-/babel-plugin-syntax-hermes-parser-0.32.0.tgz 11227ms (cache miss)
3869 http fetch GET 200 https://registry.npmjs.org/balanced-match/-/balanced-match-1.0.2.tgz 11233ms (cache miss)
3870 http fetch GET 200 https://registry.npmjs.org/minimatch/-/minimatch-3.1.5.tgz 11237ms (cache miss)
3871 http fetch GET 200 https://registry.npmjs.org/@babel/helper-define-polyfill-provider/-/helper-define-polyfill-provider-0.6.8.tgz 11286ms (cache miss)
3872 http fetch GET 200 https://registry.npmjs.org/eslint-visitor-keys/-/eslint-visitor-keys-5.0.1.tgz 11241ms (cache miss)
3873 http fetch GET 200 https://registry.npmjs.org/react-is/-/react-is-18.3.1.tgz 11250ms (cache miss)
3874 http fetch GET 200 https://registry.npmjs.org/find-up/-/find-up-4.1.0.tgz 11245ms (cache miss)
3875 warn deprecated glob@7.2.3: Old versions of glob are not supported, and contain widely publicized security vulnerabilities, which have been fixed in the current version. Please update. Support for old versions may be purchased (at exorbitant rates) by contacting i@izs.me
3876 http fetch GET 200 https://registry.npmjs.org/@expo/package-manager/-/package-manager-1.10.4.tgz 11337ms (cache miss)
3877 http fetch GET 200 https://registry.npmjs.org/brace-expansion/-/brace-expansion-1.1.14.tgz 11254ms (cache miss)
3878 http fetch GET 200 https://registry.npmjs.org/brace-expansion/-/brace-expansion-1.1.14.tgz 11254ms (cache miss)
3879 http fetch GET 200 https://registry.npmjs.org/@radix-ui/react-slot/-/react-slot-1.2.3.tgz 11255ms (cache miss)
3880 http fetch GET 200 https://registry.npmjs.org/@radix-ui/react-slot/-/react-slot-1.2.3.tgz 11257ms (cache miss)
3881 http fetch GET 200 https://registry.npmjs.org/p-limit/-/p-limit-2.3.0.tgz 11262ms (cache miss)
3882 http fetch GET 200 https://registry.npmjs.org/balanced-match/-/balanced-match-1.0.2.tgz 11266ms (cache miss)
3883 http fetch GET 200 https://registry.npmjs.org/minimatch/-/minimatch-3.1.5.tgz 11269ms (cache miss)
3884 http fetch GET 200 https://registry.npmjs.org/minimatch/-/minimatch-3.1.5.tgz 11269ms (cache miss)
3885 http fetch GET 200 https://registry.npmjs.org/jest-matcher-utils/-/jest-matcher-utils-30.3.0.tgz 11276ms (cache miss)
3886 http fetch GET 200 https://registry.npmjs.org/is-fullwidth-code-point/-/is-fullwidth-code-point-3.0.0.tgz 11278ms (cache miss)
3887 http fetch GET 200 https://registry.npmjs.org/p-locate/-/p-locate-4.1.0.tgz 11274ms (cache miss)
3888 http fetch GET 200 https://registry.npmjs.org/@react-native/normalize-colors/-/normalize-colors-0.83.6.tgz 11275ms (cache miss)
3889 http fetch GET 200 https://registry.npmjs.org/locate-path/-/locate-path-5.0.0.tgz 11279ms (cache miss)
3890 http fetch GET 200 https://registry.npmjs.org/ignore/-/ignore-5.3.2.tgz 11282ms (cache miss)
3891 http fetch GET 200 https://registry.npmjs.org/ignore/-/ignore-5.3.2.tgz 11281ms (cache miss)
3892 http fetch GET 200 https://registry.npmjs.org/balanced-match/-/balanced-match-1.0.2.tgz 11299ms (cache miss)
3893 http fetch GET 200 https://registry.npmjs.org/semver/-/semver-6.3.1.tgz 11311ms (cache miss)
3894 http fetch GET 200 https://registry.npmjs.org/semver/-/semver-6.3.1.tgz 11311ms (cache miss)
3895 http fetch GET 200 https://registry.npmjs.org/semver/-/semver-6.3.1.tgz 11311ms (cache miss)
3896 http fetch GET 200 https://registry.npmjs.org/brace-expansion/-/brace-expansion-1.1.14.tgz 11314ms (cache miss)
3897 http fetch GET 200 https://registry.npmjs.org/@expo/devcert/-/devcert-1.2.1.tgz 11406ms (cache miss)
3898 http fetch GET 200 https://registry.npmjs.org/semver/-/semver-6.3.1.tgz 11315ms (cache miss)
3899 http fetch GET 200 https://registry.npmjs.org/semver/-/semver-6.3.1.tgz 11316ms (cache miss)
3900 http fetch GET 200 https://registry.npmjs.org/negotiator/-/negotiator-0.6.4.tgz 11338ms (cache miss)
3901 http fetch GET 200 https://registry.npmjs.org/@eslint/eslintrc/-/eslintrc-2.1.4.tgz 11421ms (cache miss)
3902 http fetch GET 200 https://registry.npmjs.org/debug/-/debug-3.2.7.tgz 11342ms (cache miss)
3903 http fetch GET 200 https://registry.npmjs.org/@expo/xcpretty/-/xcpretty-4.4.3.tgz 11446ms (cache miss)
3904 http fetch GET 200 https://registry.npmjs.org/@expo%2frequire-utils 417ms (cache miss)
3905 silly packumentCache corgi:https://registry.npmjs.org/@expo%2frequire-utils set size:undefined disposed:false
3906 http fetch GET 200 https://registry.npmjs.org/esbuild/-/esbuild-0.18.20.tgz 11365ms (cache miss)
3907 http fetch GET 200 https://registry.npmjs.org/@react-native/community-cli-plugin/-/community-cli-plugin-0.83.4.tgz 11475ms (cache miss)
3908 http fetch GET 200 https://registry.npmjs.org/@expo/metro-runtime/-/metro-runtime-55.0.11.tgz 11465ms (cache miss)
3909 http fetch GET 200 https://registry.npmjs.org/istanbul-lib-instrument 432ms (cache miss)
3910 silly packumentCache corgi:https://registry.npmjs.org/istanbul-lib-instrument set size:undefined disposed:false
3911 http fetch GET 200 https://registry.npmjs.org/chalk/-/chalk-5.6.2.tgz 11392ms (cache miss)
3912 http fetch GET 200 https://registry.npmjs.org/@typescript-eslint/utils/-/utils-8.58.2.tgz 11513ms (cache miss)
3913 http fetch GET 200 https://registry.npmjs.org/metro-babel-transformer 462ms (cache miss)
3914 silly packumentCache corgi:https://registry.npmjs.org/metro-babel-transformer set size:undefined disposed:false
3915 http fetch GET 200 https://registry.npmjs.org/metro-transform-worker 485ms (cache miss)
3916 silly packumentCache corgi:https://registry.npmjs.org/metro-transform-worker set size:undefined disposed:false
3917 http fetch GET 200 https://registry.npmjs.org/metro-transform-plugins 489ms (cache miss)
3918 silly packumentCache corgi:https://registry.npmjs.org/metro-transform-plugins set size:undefined disposed:false
3919 http fetch GET 200 https://registry.npmjs.org/source-map/-/source-map-0.5.6.tgz 11530ms (cache miss)
3920 http fetch GET 200 https://registry.npmjs.org/hermes-estree/-/hermes-estree-0.32.0.tgz 11530ms (cache miss)
3921 http fetch GET 200 https://registry.npmjs.org/@jest%2ftransform 555ms (cache miss)
3922 silly packumentCache corgi:https://registry.npmjs.org/@jest%2ftransform set size:undefined disposed:false
3923 http fetch GET 200 https://registry.npmjs.org/ws/-/ws-7.5.10.tgz 11525ms (cache miss)
3924 http fetch GET 200 https://registry.npmjs.org/hermes-estree/-/hermes-estree-0.33.3.tgz 11580ms (cache miss)
3925 http fetch GET 200 https://registry.npmjs.org/expo-image-picker/-/expo-image-picker-55.0.18.tgz 11710ms (cache miss)
3926 http fetch GET 200 https://registry.npmjs.org/hermes-estree/-/hermes-estree-0.33.3.tgz 11582ms (cache miss)
3927 http fetch GET 200 https://registry.npmjs.org/@expo/devtools/-/devtools-55.0.2.tgz 11643ms (cache miss)
3928 http fetch GET 200 https://registry.npmjs.org/source-map/-/source-map-0.5.7.tgz 11611ms (cache miss)
3929 http fetch GET 200 https://registry.npmjs.org/source-map/-/source-map-0.5.7.tgz 11614ms (cache miss)
3930 http fetch GET 200 https://registry.npmjs.org/jest-snapshot 645ms (cache miss)
3931 silly packumentCache corgi:https://registry.npmjs.org/jest-snapshot set size:undefined disposed:false
3932 http fetch GET 200 https://registry.npmjs.org/ajv/-/ajv-6.14.0.tgz 11723ms (cache miss)
3933 http fetch GET 200 https://registry.npmjs.org/source-map/-/source-map-0.5.7.tgz 11628ms (cache miss)
3934 http fetch GET 200 https://registry.npmjs.org/metro 657ms (cache miss)
3935 silly packumentCache corgi:https://registry.npmjs.org/metro set size:undefined disposed:false
3936 http fetch GET 200 https://registry.npmjs.org/jest-config 668ms (cache miss)
3937 silly packumentCache corgi:https://registry.npmjs.org/jest-config set size:undefined disposed:false
3938 http fetch GET 200 https://registry.npmjs.org/@expo%2fmetro-config 700ms (cache miss)
3939 silly packumentCache corgi:https://registry.npmjs.org/@expo%2fmetro-config set size:undefined disposed:false
3940 http fetch GET 200 https://registry.npmjs.org/xmlbuilder/-/xmlbuilder-11.0.1.tgz 11711ms (cache miss)
3941 http fetch GET 200 https://registry.npmjs.org/@expo/config/-/config-55.0.16.tgz 11756ms (cache miss)
3942 http fetch GET 200 https://registry.npmjs.org/signal-exit/-/signal-exit-4.1.0.tgz 11727ms (cache miss)
3943 http fetch GET 200 https://registry.npmjs.org/@babel/parser/-/parser-7.29.2.tgz 11746ms (cache miss)
3944 http fetch GET 200 https://registry.npmjs.org/promise/-/promise-7.3.1.tgz 11736ms (cache miss)
3945 http fetch GET 200 https://registry.npmjs.org/hermes-estree/-/hermes-estree-0.32.0.tgz 11754ms (cache miss)
3946 http fetch GET 200 https://registry.npmjs.org/hermes-estree/-/hermes-estree-0.32.0.tgz 11755ms (cache miss)
3947 http fetch GET 200 https://registry.npmjs.org/lru-cache/-/lru-cache-10.4.3.tgz 11813ms (cache miss)
3948 http fetch GET 200 https://registry.npmjs.org/semver/-/semver-7.6.3.tgz 11929ms (cache miss)
3949 http fetch GET 200 https://registry.npmjs.org/argparse/-/argparse-1.0.10.tgz 11930ms (cache miss)
3950 http fetch GET 200 https://registry.npmjs.org/axios/-/axios-1.15.0.tgz 12082ms (cache miss)
3951 http fetch GET 200 https://registry.npmjs.org/css-tree/-/css-tree-1.1.3.tgz 12145ms (cache miss)
3952 http fetch GET 200 https://registry.npmjs.org/@react-native%2fcodegen 1055ms (cache miss)
3953 silly packumentCache corgi:https://registry.npmjs.org/@react-native%2fcodegen set size:undefined disposed:false
3954 http fetch GET 200 https://registry.npmjs.org/type-fest/-/type-fest-0.21.3.tgz 12027ms (cache miss)
3955 http fetch GET 200 https://registry.npmjs.org/@bcoe/v8-coverage/-/v8-coverage-0.2.3.tgz 12229ms (cache miss)
3956 http fetch GET 200 https://registry.npmjs.org/@babel/generator/-/generator-7.29.1.tgz 12229ms (cache miss)
3957 http fetch GET 200 https://registry.npmjs.org/@react-navigation/native-stack/-/native-stack-7.14.11.tgz 12462ms (cache miss)
3958 http fetch GET 200 https://registry.npmjs.org/js-yaml/-/js-yaml-3.14.2.tgz 12431ms (cache miss)
3959 http fetch GET 200 https://registry.npmjs.org/@react-native%2fbabel-preset 1547ms (cache miss)
3960 silly packumentCache corgi:https://registry.npmjs.org/@react-native%2fbabel-preset set size:undefined disposed:false
3961 http fetch GET 200 https://registry.npmjs.org/type-fest/-/type-fest-2.19.0.tgz 12537ms (cache miss)
3962 http fetch GET 200 https://registry.npmjs.org/lodash/-/lodash-4.18.1.tgz 12799ms (cache miss)
3963 http fetch GET 200 https://registry.npmjs.org/@babel/traverse/-/traverse-7.29.0.tgz 12693ms (cache miss)
3964 http fetch GET 200 https://registry.npmjs.org/@gorhom/portal/-/portal-1.0.14.tgz 12819ms (cache miss)
3965 http fetch GET 200 https://registry.npmjs.org/@expo/router-server/-/router-server-55.0.14.tgz 12953ms (cache miss)
3966 http fetch GET 200 https://registry.npmjs.org/entities/-/entities-4.5.0.tgz 12912ms (cache miss)
3967 http fetch GET 200 https://registry.npmjs.org/lru-cache/-/lru-cache-11.3.5.tgz 12970ms (cache miss)
3968 http fetch GET 200 https://registry.npmjs.org/eslint-plugin-react-hooks 1994ms (cache miss)
3969 silly packumentCache corgi:https://registry.npmjs.org/eslint-plugin-react-hooks set size:undefined disposed:false
3970 http fetch GET 200 https://registry.npmjs.org/@expo/fingerprint/-/fingerprint-0.16.6.tgz 13088ms (cache miss)
3971 silly packumentCache corgi:https://registry.npmjs.org/@esbuild-kit%2fcore-utils cache-miss
3972 http fetch GET 200 https://registry.npmjs.org/expo-file-system/-/expo-file-system-55.0.17.tgz 13270ms (cache miss)
3973 http fetch GET 200 https://registry.npmjs.org/@esbuild-kit%2fcore-utils 124ms (cache miss)
3974 silly packumentCache corgi:https://registry.npmjs.org/@esbuild-kit%2fcore-utils set size:undefined disposed:false
3975 http fetch GET 200 https://registry.npmjs.org/expo-modules-autolinking/-/expo-modules-autolinking-55.0.17.tgz 13423ms (cache miss)
3976 silly packumentCache corgi:https://registry.npmjs.org/tsx cache-miss
3977 http fetch GET 200 https://registry.npmjs.org/@expo/log-box/-/log-box-55.0.10.tgz 13376ms (cache miss)
3978 http fetch GET 200 https://registry.npmjs.org/@expo/dom-webview/-/dom-webview-55.0.6.tgz 13400ms (cache miss)
3979 http fetch GET 200 https://registry.npmjs.org/@egjs/hammerjs/-/hammerjs-2.0.17.tgz 13441ms (cache miss)
3980 http fetch GET 200 https://registry.npmjs.org/tsx 107ms (cache miss)
3981 silly packumentCache corgi:https://registry.npmjs.org/tsx set size:undefined disposed:false
3982 http fetch GET 200 https://registry.npmjs.org/expo-image-manipulator/-/expo-image-manipulator-55.0.15.tgz 13563ms (cache miss)
3983 silly packumentCache corgi:https://registry.npmjs.org/minimatch cache-miss
3984 http fetch GET 200 https://registry.npmjs.org/hermes-parser/-/hermes-parser-0.32.0.tgz 13480ms (cache miss)
3985 http fetch GET 200 https://registry.npmjs.org/minimatch 126ms (cache miss)
3986 silly packumentCache corgi:https://registry.npmjs.org/minimatch set size:undefined disposed:false
3987 http fetch GET 200 https://registry.npmjs.org/hermes-parser/-/hermes-parser-0.32.0.tgz 13577ms (cache miss)
3988 http fetch GET 200 https://registry.npmjs.org/hermes-parser/-/hermes-parser-0.32.0.tgz 13580ms (cache miss)
3989 http fetch GET 200 https://registry.npmjs.org/@sentry/react/-/react-10.49.0.tgz 13696ms (cache miss)
3990 http fetch GET 200 https://registry.npmjs.org/resolve/-/resolve-1.22.12.tgz 13606ms (cache miss)
3991 http fetch GET 200 https://registry.npmjs.org/hermes-parser/-/hermes-parser-0.32.1.tgz 13616ms (cache miss)
3992 http fetch GET 200 https://registry.npmjs.org/type-fest/-/type-fest-4.41.0.tgz 13661ms (cache miss)
3993 http fetch GET 200 https://registry.npmjs.org/hermes-parser/-/hermes-parser-0.33.3.tgz 13680ms (cache miss)
3994 http fetch GET 200 https://registry.npmjs.org/hermes-parser/-/hermes-parser-0.33.3.tgz 13687ms (cache miss)
3995 http fetch GET 200 https://registry.npmjs.org/hermes-parser/-/hermes-parser-0.32.1.tgz 13681ms (cache miss)
3996 silly packumentCache corgi:https://registry.npmjs.org/@istanbuljs%2fload-nyc-config cache-miss
3997 http fetch GET 200 https://registry.npmjs.org/@expo/log-box/-/log-box-55.0.12.tgz 13737ms (cache miss)
3998 http fetch GET 200 https://registry.npmjs.org/resolve/-/resolve-1.22.12.tgz 13734ms (cache miss)
3999 http fetch GET 200 https://registry.npmjs.org/@istanbuljs%2fload-nyc-config 98ms (cache miss)
4000 silly packumentCache corgi:https://registry.npmjs.org/@istanbuljs%2fload-nyc-config set size:undefined disposed:false
4001 http fetch GET 200 https://registry.npmjs.org/@expo-google-fonts/material-symbols/-/material-symbols-0.4.38.tgz 13951ms (cache miss)
4002 silly packumentCache corgi:https://registry.npmjs.org/@eslint%2feslintrc cache-miss
4003 silly packumentCache corgi:https://registry.npmjs.org/@expo%2fxcpretty cache-miss
4004 silly packumentCache corgi:https://registry.npmjs.org/eslint cache-miss
4005 http fetch GET 200 https://registry.npmjs.org/hermes-estree/-/hermes-estree-0.32.1.tgz 13889ms (cache miss)
4006 http fetch GET 200 https://registry.npmjs.org/@react-navigation/native/-/native-7.2.2.tgz 14001ms (cache miss)
4007 http fetch GET 200 https://registry.npmjs.org/@sentry-internal/feedback/-/feedback-10.49.0.tgz 14053ms (cache miss)
4008 http fetch GET 200 https://registry.npmjs.org/hermes-estree/-/hermes-estree-0.32.1.tgz 13957ms (cache miss)
4009 http fetch GET 200 https://registry.npmjs.org/@eslint%2feslintrc 99ms (cache miss)
4010 silly packumentCache corgi:https://registry.npmjs.org/@eslint%2feslintrc set size:undefined disposed:false
4011 http fetch GET 200 https://registry.npmjs.org/@esbuild/linux-arm64/-/linux-arm64-0.25.12.tgz 14057ms (cache miss)
4012 http fetch GET 200 https://registry.npmjs.org/@expo%2fxcpretty 109ms (cache miss)
4013 silly packumentCache corgi:https://registry.npmjs.org/@expo%2fxcpretty set size:undefined disposed:false
4014 http fetch GET 200 https://registry.npmjs.org/type-fest/-/type-fest-5.5.0.tgz 14049ms (cache miss)
4015 http fetch GET 200 https://registry.npmjs.org/react-hook-form/-/react-hook-form-7.72.1.tgz 14261ms (cache miss)
4016 http fetch GET 200 https://registry.npmjs.org/@babel/core/-/core-7.29.0.tgz 14141ms (cache miss)
4017 http fetch GET 200 https://registry.npmjs.org/@react-native-community/netinfo/-/netinfo-11.5.2.tgz 14238ms (cache miss)
4018 http fetch GET 200 https://registry.npmjs.org/@expo/metro-config/-/metro-config-55.0.16.tgz 14229ms (cache miss)
4019 http fetch GET 200 https://registry.npmjs.org/eslint 308ms (cache miss)
4020 silly packumentCache corgi:https://registry.npmjs.org/eslint set size:undefined disposed:false
4021 http fetch GET 200 https://registry.npmjs.org/@esbuild/linux-arm64/-/linux-arm64-0.27.7.tgz 14248ms (cache miss)
4022 http fetch GET 200 https://registry.npmjs.org/@esbuild/linux-arm64/-/linux-arm64-0.18.20.tgz 14207ms (cache miss)
4023 silly packumentCache corgi:https://registry.npmjs.org/@expo%2fcli cache-miss
4024 silly packumentCache corgi:https://registry.npmjs.org/jsdom cache-miss
4025 http fetch GET 200 https://registry.npmjs.org/@react-navigation/bottom-tabs/-/bottom-tabs-7.15.9.tgz 14470ms (cache miss)
4026 http fetch GET 200 https://registry.npmjs.org/jsdom 170ms (cache miss)
4027 silly packumentCache corgi:https://registry.npmjs.org/jsdom set size:undefined disposed:false
4028 http fetch GET 200 https://registry.npmjs.org/@expo%2fcli 418ms (cache miss)
4029 silly packumentCache corgi:https://registry.npmjs.org/@expo%2fcli set size:undefined disposed:false
4030 silly packumentCache corgi:https://registry.npmjs.org/@react-native%2fdev-middleware cache-miss
4031 silly packumentCache corgi:https://registry.npmjs.org/react-devtools-core cache-miss
4032 silly packumentCache corgi:https://registry.npmjs.org/react-native cache-miss
4033 http fetch GET 200 https://registry.npmjs.org/metro/-/metro-0.83.5.tgz 14992ms (cache miss)
4034 http fetch GET 200 https://registry.npmjs.org/expo-dev-menu/-/expo-dev-menu-55.0.23.tgz 15005ms (cache miss)
4035 http fetch GET 200 https://registry.npmjs.org/react-devtools-core 118ms (cache miss)
4036 silly packumentCache corgi:https://registry.npmjs.org/react-devtools-core set size:undefined disposed:false
4037 http fetch GET 200 https://registry.npmjs.org/@babel/runtime/-/runtime-7.29.2.tgz 14946ms (cache miss)
4038 http fetch GET 200 https://registry.npmjs.org/@react-native/gradle-plugin/-/gradle-plugin-0.83.4.tgz 15150ms (cache miss)
4039 http fetch GET 200 https://registry.npmjs.org/@babel/types/-/types-7.29.0.tgz 15136ms (cache miss)
4040 http fetch GET 200 https://registry.npmjs.org/@react-native%2fdev-middleware 346ms (cache miss)
4041 silly packumentCache corgi:https://registry.npmjs.org/@react-native%2fdev-middleware set size:undefined disposed:false
4042 http fetch GET 200 https://registry.npmjs.org/@expo/prebuild-config/-/prebuild-config-55.0.17.tgz 15184ms (cache miss)
4043 http fetch GET 200 https://registry.npmjs.org/@react-native/codegen/-/codegen-0.83.4.tgz 15217ms (cache miss)
4044 http fetch GET 200 https://registry.npmjs.org/react-native-worklets/-/react-native-worklets-0.8.1.tgz 15416ms (cache miss)
4045 http fetch GET 200 https://registry.npmjs.org/expo/-/expo-55.0.15.tgz 15386ms (cache miss)
4046 http fetch GET 200 https://registry.npmjs.org/@img/sharp-libvips-linux-arm64/-/sharp-libvips-linux-arm64-1.2.4.tgz 15358ms (cache miss)
4047 http fetch GET 200 https://registry.npmjs.org/@img/sharp-libvips-linuxmusl-arm64/-/sharp-libvips-linuxmusl-arm64-1.2.4.tgz 15425ms (cache miss)
4048 http fetch GET 200 https://registry.npmjs.org/@react-navigation/elements/-/elements-2.9.14.tgz 15489ms (cache miss)
4049 http fetch GET 200 https://registry.npmjs.org/@sentry/cli-linux-arm64/-/cli-linux-arm64-3.4.0.tgz 15653ms (cache miss)
4050 http fetch GET 200 https://registry.npmjs.org/expo-video/-/expo-video-55.0.16.tgz 15771ms (cache miss)
4051 http fetch GET 200 https://registry.npmjs.org/eslint-plugin-react/-/eslint-plugin-react-7.37.5.tgz 15764ms (cache miss)
4052 http fetch GET 200 https://registry.npmjs.org/@babel/helpers/-/helpers-7.29.2.tgz 15715ms (cache miss)
4053 http fetch GET 200 https://registry.npmjs.org/@testing-library/react-native/-/react-native-13.3.3.tgz 15825ms (cache miss)
4054 http fetch GET 200 https://registry.npmjs.org/@expo/config-plugins/-/config-plugins-55.0.8.tgz 15861ms (cache miss)
4055 http fetch GET 200 https://registry.npmjs.org/@expo/vector-icons/-/vector-icons-15.1.1.tgz 15999ms (cache miss)
4056 http fetch GET 200 https://registry.npmjs.org/expo-camera/-/expo-camera-55.0.15.tgz 16094ms (cache miss)
4057 http fetch GET 200 https://registry.npmjs.org/@typescript-eslint/scope-manager/-/scope-manager-8.58.2.tgz 16072ms (cache miss)
4058 http fetch GET 200 https://registry.npmjs.org/react-native 1257ms (cache miss)
4059 silly packumentCache corgi:https://registry.npmjs.org/react-native set size:undefined disposed:false
4060 http fetch GET 200 https://registry.npmjs.org/@tanstack/react-query/-/react-query-5.99.2.tgz 16127ms (cache miss)
4061 http fetch GET 200 https://registry.npmjs.org/@tanstack/query-core/-/query-core-5.99.2.tgz 16137ms (cache miss)
4062 silly packumentCache corgi:https://registry.npmjs.org/http-proxy-agent cache-miss
4063 http fetch GET 200 https://registry.npmjs.org/http-proxy-agent 59ms (cache miss)
4064 silly packumentCache corgi:https://registry.npmjs.org/http-proxy-agent set size:undefined disposed:false
4065 http fetch GET 200 https://registry.npmjs.org/canvaskit-wasm/-/canvaskit-wasm-0.41.0.tgz 16262ms (cache miss)
4066 silly packumentCache corgi:https://registry.npmjs.org/@expo%2fplist cache-miss
4067 silly packumentCache corgi:https://registry.npmjs.org/plist cache-miss
4068 http fetch GET 200 https://registry.npmjs.org/eslint/-/eslint-8.57.1.tgz 16309ms (cache miss)
4069 warn deprecated eslint@8.57.1: This version is no longer supported. Please see https://eslint.org/version-support for other options.
4070 http fetch GET 200 https://registry.npmjs.org/fta-cli/-/fta-cli-3.0.0.tgz 16433ms (cache miss)
4071 http fetch GET 200 https://registry.npmjs.org/@expo%2fplist 112ms (cache miss)
4072 silly packumentCache corgi:https://registry.npmjs.org/@expo%2fplist set size:undefined disposed:false
4073 http fetch GET 200 https://registry.npmjs.org/playwright-core/-/playwright-core-1.59.1.tgz 16554ms (cache miss)
4074 http fetch GET 200 https://registry.npmjs.org/plist 254ms (cache miss)
4075 silly packumentCache corgi:https://registry.npmjs.org/plist set size:undefined disposed:false
4076 silly packumentCache corgi:https://registry.npmjs.org/wait-on cache-miss
4077 http fetch GET 200 https://registry.npmjs.org/wait-on 52ms (cache miss)
4078 silly packumentCache corgi:https://registry.npmjs.org/wait-on set size:undefined disposed:false
4079 silly packumentCache corgi:https://registry.npmjs.org/@types%2fsharp cache-miss
4080 http fetch GET 200 https://registry.npmjs.org/@shopify/flash-list/-/flash-list-2.0.2.tgz 16718ms (cache miss)
4081 http fetch GET 200 https://registry.npmjs.org/@types%2fsharp 55ms (cache miss)
4082 silly packumentCache corgi:https://registry.npmjs.org/@types%2fsharp set size:undefined disposed:false
4083 silly packumentCache corgi:https://registry.npmjs.org/patch-package cache-miss
4084 http fetch GET 200 https://registry.npmjs.org/@react-navigation/core/-/core-7.17.2.tgz 16840ms (cache miss)
4085 http fetch GET 200 https://registry.npmjs.org/patch-package 70ms (cache miss)
4086 silly packumentCache corgi:https://registry.npmjs.org/patch-package set size:undefined disposed:false
4087 silly packumentCache corgi:https://registry.npmjs.org/@sentry%2fcli cache-miss
4088 http fetch GET 200 https://registry.npmjs.org/hermes-compiler/-/hermes-compiler-0.14.1.tgz 17105ms (cache miss)
4089 http fetch GET 200 https://registry.npmjs.org/@sentry-internal/replay/-/replay-10.49.0.tgz 17019ms (cache miss)
4090 http fetch GET 200 https://registry.npmjs.org/@sentry%2fcli 153ms (cache miss)
4091 silly packumentCache corgi:https://registry.npmjs.org/@sentry%2fcli set size:undefined disposed:false
4092 silly packumentCache corgi:https://registry.npmjs.org/xcode cache-miss
4093 http fetch GET 200 https://registry.npmjs.org/html2canvas/-/html2canvas-1.4.1.tgz 17290ms (cache miss)
4094 http fetch GET 200 https://registry.npmjs.org/@expo/metro/-/metro-55.0.0.tgz 17175ms (cache miss)
4095 http fetch GET 200 https://registry.npmjs.org/expo-dev-launcher/-/expo-dev-launcher-55.0.28.tgz 17499ms (cache miss)
4096 http fetch GET 200 https://registry.npmjs.org/@quidone/react-native-wheel-picker/-/react-native-wheel-picker-1.6.4.tgz 17445ms (cache miss)
4097 http fetch GET 200 https://registry.npmjs.org/xcode 361ms (cache miss)
4098 silly packumentCache corgi:https://registry.npmjs.org/xcode set size:undefined disposed:false
4099 silly packumentCache corgi:https://registry.npmjs.org/@esbuild-kit%2fesm-loader cache-miss
4100 http fetch GET 200 https://registry.npmjs.org/@typescript-eslint/eslint-plugin/-/eslint-plugin-8.58.2.tgz 17659ms (cache miss)
4101 http fetch GET 200 https://registry.npmjs.org/zod/-/zod-4.4.3.tgz 17857ms (cache miss)
4102 http fetch GET 200 https://registry.npmjs.org/expo-notifications/-/expo-notifications-55.0.19.tgz 17836ms (cache miss)
4103 http fetch GET 200 https://registry.npmjs.org/@esbuild-kit%2fesm-loader 267ms (cache miss)
4104 silly packumentCache corgi:https://registry.npmjs.org/@esbuild-kit%2fesm-loader set size:undefined disposed:false
4105 http fetch GET 200 https://registry.npmjs.org/@sentry-internal/browser-utils/-/browser-utils-10.49.0.tgz 17857ms (cache miss)
4106 silly packumentCache corgi:https://registry.npmjs.org/@humanwhocodes%2fconfig-array cache-miss
4107 silly packumentCache corgi:https://registry.npmjs.org/glob cache-miss
4108 silly packumentCache corgi:https://registry.npmjs.org/eslint-plugin-react cache-miss
4109 silly packumentCache corgi:https://registry.npmjs.org/serve-handler cache-miss
4110 silly packumentCache corgi:https://registry.npmjs.org/test-exclude cache-miss
4111 http fetch GET 200 https://registry.npmjs.org/test-exclude 69ms (cache miss)
4112 silly packumentCache corgi:https://registry.npmjs.org/test-exclude set size:undefined disposed:false
4113 http fetch GET 200 https://registry.npmjs.org/serve-handler 76ms (cache miss)
4114 silly packumentCache corgi:https://registry.npmjs.org/serve-handler set size:undefined disposed:false
4115 http fetch GET 200 https://registry.npmjs.org/glob 84ms (cache miss)
4116 silly packumentCache corgi:https://registry.npmjs.org/glob set size:undefined disposed:false
4117 http fetch GET 200 https://registry.npmjs.org/@humanwhocodes%2fconfig-array 113ms (cache miss)
4118 silly packumentCache corgi:https://registry.npmjs.org/@humanwhocodes%2fconfig-array set size:undefined disposed:false
4119 http fetch GET 200 https://registry.npmjs.org/eslint-plugin-react 130ms (cache miss)
4120 silly packumentCache corgi:https://registry.npmjs.org/eslint-plugin-react set size:undefined disposed:false
4121 silly packumentCache corgi:https://registry.npmjs.org/expo cache-miss
4122 http fetch GET 200 https://registry.npmjs.org/expo 377ms (cache miss)
4123 silly packumentCache corgi:https://registry.npmjs.org/expo set size:undefined disposed:false
4124 silly packumentCache corgi:https://registry.npmjs.org/@expo%2fconfig-plugins cache-miss
4125 http fetch GET 200 https://registry.npmjs.org/jsdom/-/jsdom-20.0.3.tgz 18664ms (cache miss)
4126 http fetch GET 200 https://registry.npmjs.org/@expo%2fconfig-plugins 121ms (cache miss)
4127 silly packumentCache corgi:https://registry.npmjs.org/@expo%2fconfig-plugins set size:undefined disposed:false
4128 silly packumentCache corgi:https://registry.npmjs.org/drizzle-kit cache-miss
4129 http fetch GET 200 https://registry.npmjs.org/drizzle-kit 254ms (cache miss)
4130 silly packumentCache corgi:https://registry.npmjs.org/drizzle-kit set size:undefined disposed:false
4131 silly packumentCache corgi:https://registry.npmjs.org/babel-plugin-istanbul cache-miss
4132 http fetch GET 200 https://registry.npmjs.org/ajv/-/ajv-8.18.0.tgz 18903ms (cache miss)
4133 http fetch GET 200 https://registry.npmjs.org/babel-plugin-istanbul 60ms (cache miss)
4134 silly packumentCache corgi:https://registry.npmjs.org/babel-plugin-istanbul set size:undefined disposed:false
4135 silly packumentCache corgi:https://registry.npmjs.org/serve cache-miss
4136 http fetch GET 200 https://registry.npmjs.org/serve 61ms (cache miss)
4137 silly packumentCache corgi:https://registry.npmjs.org/serve set size:undefined disposed:false
4138 silly packumentCache corgi:https://registry.npmjs.org/@jest%2freporters cache-miss
4139 silly packumentCache corgi:https://registry.npmjs.org/jest-runtime cache-miss
4140 silly packumentCache corgi:https://registry.npmjs.org/rimraf cache-miss
4141 http fetch GET 200 https://registry.npmjs.org/rimraf 163ms (cache miss)
4142 silly packumentCache corgi:https://registry.npmjs.org/rimraf set size:undefined disposed:false
4143 http fetch GET 200 https://registry.npmjs.org/@jest%2freporters 199ms (cache miss)
4144 silly packumentCache corgi:https://registry.npmjs.org/@jest%2freporters set size:undefined disposed:false
4145 http fetch GET 200 https://registry.npmjs.org/jest-runtime 219ms (cache miss)
4146 silly packumentCache corgi:https://registry.npmjs.org/jest-runtime set size:undefined disposed:false
4147 silly packumentCache corgi:https://registry.npmjs.org/@expo%2fconfig cache-miss
4148 silly packumentCache corgi:https://registry.npmjs.org/@expo%2fprebuild-config cache-miss
4149 silly packumentCache corgi:https://registry.npmjs.org/expo-sharing cache-miss
4150 http fetch GET 200 https://registry.npmjs.org/expo-sharing 120ms (cache miss)
4151 silly packumentCache corgi:https://registry.npmjs.org/expo-sharing set size:undefined disposed:false
4152 http fetch GET 200 https://registry.npmjs.org/@expo%2fprebuild-config 169ms (cache miss)
4153 silly packumentCache corgi:https://registry.npmjs.org/@expo%2fprebuild-config set size:undefined disposed:false
4154 http fetch GET 200 https://registry.npmjs.org/@expo%2fconfig 189ms (cache miss)
4155 silly packumentCache corgi:https://registry.npmjs.org/@expo%2fconfig set size:undefined disposed:false
4156 silly packumentCache corgi:https://registry.npmjs.org/babel-jest cache-miss
4157 http fetch GET 200 https://registry.npmjs.org/babel-jest 112ms (cache miss)
4158 silly packumentCache corgi:https://registry.npmjs.org/babel-jest set size:undefined disposed:false
4159 silly packumentCache corgi:https://registry.npmjs.org/@react-native%2fbabel-plugin-codegen cache-miss
4160 http fetch GET 200 https://registry.npmjs.org/@react-native%2fbabel-plugin-codegen 458ms (cache miss)
4161 silly packumentCache corgi:https://registry.npmjs.org/@react-native%2fbabel-plugin-codegen set size:undefined disposed:false
4162 silly packumentCache corgi:https://registry.npmjs.org/@jest%2fcore cache-miss
4163 silly packumentCache corgi:https://registry.npmjs.org/create-jest cache-miss
4164 silly packumentCache corgi:https://registry.npmjs.org/jest-cli cache-miss
4165 http fetch GET 200 https://registry.npmjs.org/create-jest 46ms (cache miss)
4166 silly packumentCache corgi:https://registry.npmjs.org/create-jest set size:undefined disposed:false
4167 http fetch GET 200 https://registry.npmjs.org/jest-cli 113ms (cache miss)
4168 silly packumentCache corgi:https://registry.npmjs.org/jest-cli set size:undefined disposed:false
4169 http fetch GET 200 https://registry.npmjs.org/@jest%2fcore 202ms (cache miss)
4170 silly packumentCache corgi:https://registry.npmjs.org/@jest%2fcore set size:undefined disposed:false
4171 silly packumentCache corgi:https://registry.npmjs.org/chromium-edge-launcher cache-miss
4172 silly packumentCache corgi:https://registry.npmjs.org/flat-cache cache-miss
4173 http fetch GET 200 https://registry.npmjs.org/chromium-edge-launcher 54ms (cache miss)
4174 silly packumentCache corgi:https://registry.npmjs.org/chromium-edge-launcher set size:undefined disposed:false
4175 http fetch GET 200 https://registry.npmjs.org/flat-cache 59ms (cache miss)
4176 silly packumentCache corgi:https://registry.npmjs.org/flat-cache set size:undefined disposed:false
4177 http fetch GET 200 https://registry.npmjs.org/zod/-/zod-3.25.76.tgz 20601ms (cache miss)
4178 silly packumentCache corgi:https://registry.npmjs.org/jest-circus cache-miss
4179 silly packumentCache corgi:https://registry.npmjs.org/jest-runner cache-miss
4180 http fetch GET 200 https://registry.npmjs.org/caniuse-lite/-/caniuse-lite-1.0.30001788.tgz 20811ms (cache miss)
4181 http fetch GET 200 https://registry.npmjs.org/jest-runner 151ms (cache miss)
4182 silly packumentCache corgi:https://registry.npmjs.org/jest-runner set size:undefined disposed:false
4183 http fetch GET 200 https://registry.npmjs.org/jest-circus 173ms (cache miss)
4184 silly packumentCache corgi:https://registry.npmjs.org/jest-circus set size:undefined disposed:false
4185 silly packumentCache corgi:https://registry.npmjs.org/expo-splash-screen cache-miss
4186 http fetch GET 200 https://registry.npmjs.org/expo-splash-screen 104ms (cache miss)
4187 silly packumentCache corgi:https://registry.npmjs.org/expo-splash-screen set size:undefined disposed:false
4188 silly packumentCache corgi:https://registry.npmjs.org/@expo%2flocal-build-cache-provider cache-miss
4189 silly packumentCache corgi:https://registry.npmjs.org/expo-constants cache-miss
4190 silly packumentCache corgi:https://registry.npmjs.org/expo-manifests cache-miss
4191 silly packumentCache corgi:https://registry.npmjs.org/jest-expo cache-miss
4192 http fetch GET 200 https://registry.npmjs.org/@expo%2flocal-build-cache-provider 134ms (cache miss)
4193 silly packumentCache corgi:https://registry.npmjs.org/@expo%2flocal-build-cache-provider set size:undefined disposed:false
4194 http fetch GET 200 https://registry.npmjs.org/expo-manifests 140ms (cache miss)
4195 silly packumentCache corgi:https://registry.npmjs.org/expo-manifests set size:undefined disposed:false
4196 http fetch GET 200 https://registry.npmjs.org/expo-constants 165ms (cache miss)
4197 silly packumentCache corgi:https://registry.npmjs.org/expo-constants set size:undefined disposed:false
4198 http fetch GET 200 https://registry.npmjs.org/jest-expo 201ms (cache miss)
4199 silly packumentCache corgi:https://registry.npmjs.org/jest-expo set size:undefined disposed:false
4200 silly packumentCache corgi:https://registry.npmjs.org/jest cache-miss
4201 http fetch GET 200 https://registry.npmjs.org/jest 130ms (cache miss)
4202 silly packumentCache corgi:https://registry.npmjs.org/jest set size:undefined disposed:false
4203 silly packumentCache corgi:https://registry.npmjs.org/file-entry-cache cache-miss
4204 http fetch GET 200 https://registry.npmjs.org/file-entry-cache 49ms (cache miss)
4205 silly packumentCache corgi:https://registry.npmjs.org/file-entry-cache set size:undefined disposed:false
4206 http fetch GET 200 https://registry.npmjs.org/react-native-skia-apple-macos/-/react-native-skia-apple-macos-147.1.0.tgz 22465ms (cache miss)
4207 silly packumentCache corgi:https://registry.npmjs.org/expo-dev-client cache-miss
4208 silly packumentCache corgi:https://registry.npmjs.org/expo-dev-launcher cache-miss
4209 http fetch GET 200 https://registry.npmjs.org/expo-dev-client 105ms (cache miss)
4210 silly packumentCache corgi:https://registry.npmjs.org/expo-dev-client set size:undefined disposed:false
4211 http fetch GET 200 https://registry.npmjs.org/expo-dev-launcher 149ms (cache miss)
4212 silly packumentCache corgi:https://registry.npmjs.org/expo-dev-launcher set size:undefined disposed:false
4213 silly packumentCache corgi:https://registry.npmjs.org/expo-asset cache-miss
4214 silly packumentCache corgi:https://registry.npmjs.org/expo-linking cache-miss
4215 silly packumentCache corgi:https://registry.npmjs.org/expo-notifications cache-miss
4216 http fetch GET 200 https://registry.npmjs.org/expo-asset 121ms (cache miss)
4217 silly packumentCache corgi:https://registry.npmjs.org/expo-asset set size:undefined disposed:false
4218 http fetch GET 200 https://registry.npmjs.org/expo-notifications 153ms (cache miss)
4219 silly packumentCache corgi:https://registry.npmjs.org/expo-notifications set size:undefined disposed:false
4220 http fetch GET 200 https://registry.npmjs.org/expo-linking 172ms (cache miss)
4221 silly packumentCache corgi:https://registry.npmjs.org/expo-linking set size:undefined disposed:false
4222 silly packumentCache corgi:https://registry.npmjs.org/@jest%2fexpect cache-miss
4223 silly packumentCache corgi:https://registry.npmjs.org/jest-resolve-dependencies cache-miss
4224 http fetch GET 200 https://registry.npmjs.org/@jest%2fexpect 104ms (cache miss)
4225 silly packumentCache corgi:https://registry.npmjs.org/@jest%2fexpect set size:undefined disposed:false
4226 http fetch GET 200 https://registry.npmjs.org/jest-resolve-dependencies 114ms (cache miss)
4227 silly packumentCache corgi:https://registry.npmjs.org/jest-resolve-dependencies set size:undefined disposed:false
4228 silly packumentCache corgi:https://registry.npmjs.org/babel-preset-expo cache-miss
4229 http fetch GET 200 https://registry.npmjs.org/react-native-web/-/react-native-web-0.21.2.tgz 23143ms (cache miss)
4230 http fetch GET 200 https://registry.npmjs.org/babel-preset-expo 164ms (cache miss)
4231 silly packumentCache corgi:https://registry.npmjs.org/babel-preset-expo set size:undefined disposed:false
4232 silly packumentCache corgi:https://registry.npmjs.org/@react-native%2fcommunity-cli-plugin cache-miss
4233 http fetch GET 200 https://registry.npmjs.org/@react-native%2fcommunity-cli-plugin 249ms (cache miss)
4234 silly packumentCache corgi:https://registry.npmjs.org/@react-native%2fcommunity-cli-plugin set size:undefined disposed:false
4235 silly packumentCache corgi:https://registry.npmjs.org/@jest%2fglobals cache-miss
4236 http fetch GET 200 https://registry.npmjs.org/@jest%2fglobals 106ms (cache miss)
4237 silly packumentCache corgi:https://registry.npmjs.org/@jest%2fglobals set size:undefined disposed:false
4238 http fetch GET 200 https://registry.npmjs.org/expo-router/-/expo-router-55.0.16.tgz 25104ms (cache miss)
4239 http fetch GET 200 https://registry.npmjs.org/expo-sqlite/-/expo-sqlite-55.0.15.tgz 25440ms (cache miss)
4240 http fetch GET 200 https://registry.npmjs.org/@gorhom/bottom-sheet/-/bottom-sheet-5.2.9.tgz 25795ms (cache miss)
4241 http fetch GET 200 https://registry.npmjs.org/@sentry/browser/-/browser-10.49.0.tgz 26353ms (cache miss)
4242 http fetch GET 200 https://registry.npmjs.org/es-abstract/-/es-abstract-1.24.2.tgz 27361ms (cache miss)
4243 http fetch GET 200 https://registry.npmjs.org/@sentry/react-native/-/react-native-8.9.2.tgz 27380ms (cache miss)
4244 http fetch GET 200 https://registry.npmjs.org/@expo/cli/-/cli-55.0.24.tgz 27687ms (cache miss)
4245 http fetch GET 200 https://registry.npmjs.org/react-native-gesture-handler/-/react-native-gesture-handler-2.31.1.tgz 28140ms (cache miss)
4246 http fetch GET 200 https://registry.npmjs.org/react-native-svg/-/react-native-svg-15.15.5.tgz 29496ms (cache miss)
4247 http fetch GET 200 https://registry.npmjs.org/react-native-screens/-/react-native-screens-4.24.0.tgz 29529ms (cache miss)
4248 http fetch GET 200 https://registry.npmjs.org/expo-modules-core/-/expo-modules-core-55.0.22.tgz 29604ms (cache miss)
4249 http fetch GET 200 https://registry.npmjs.org/@sinclair/typebox/-/typebox-0.34.49.tgz 29658ms (cache miss)
4250 http fetch GET 200 https://registry.npmjs.org/@react-native/debugger-frontend/-/debugger-frontend-0.83.4.tgz 29961ms (cache miss)
4251 http fetch GET 200 https://registry.npmjs.org/drizzle-orm/-/drizzle-orm-0.45.2.tgz 30723ms (cache miss)
4252 http fetch GET 200 https://registry.npmjs.org/@sentry/core/-/core-10.49.0.tgz 31457ms (cache miss)
4253 http fetch GET 200 https://registry.npmjs.org/react-native-reanimated/-/react-native-reanimated-4.3.0.tgz 33064ms (cache miss)
4254 http fetch GET 200 https://registry.npmjs.org/react-native-skia-apple-ios/-/react-native-skia-apple-ios-147.1.0.tgz 33239ms (cache miss)
4255 http fetch GET 200 https://registry.npmjs.org/react-native-skia-apple-tvos/-/react-native-skia-apple-tvos-147.1.0.tgz 33246ms (cache miss)
4256 http fetch GET 200 https://registry.npmjs.org/react-native-skia-android/-/react-native-skia-android-147.1.0.tgz 33619ms (cache miss)
4257 http fetch GET 200 https://registry.npmjs.org/rxjs/-/rxjs-7.8.2.tgz 33673ms (cache miss)
4258 http fetch GET 200 https://registry.npmjs.org/expo-image/-/expo-image-55.0.11.tgz 33753ms (cache miss)
4259 http fetch GET 200 https://registry.npmjs.org/date-fns/-/date-fns-4.1.0.tgz 34598ms (cache miss)
4260 http fetch GET 200 https://registry.npmjs.org/@shopify/react-native-skia/-/react-native-skia-2.6.2.tgz 36499ms (cache miss)
4261 http fetch GET 200 https://registry.npmjs.org/react-native/-/react-native-0.83.4.tgz 37044ms (cache miss)
4262 http fetch GET 200 https://registry.npmjs.org/lucide-react-native/-/lucide-react-native-1.22.0.tgz 37305ms (cache miss)
4263 info run sharp@0.34.5 install node_modules/sharp node install/check.js || npm run build
4264 info run sharp@0.34.5 install { code: 0, signal: null }
4265 info run @sentry/cli@3.4.0 postinstall node_modules/@sentry/cli node ./scripts/install.js
4266 info run @sentry/cli@3.4.0 postinstall { code: 0, signal: null }
4267 info run @shopify/react-native-skia@2.6.2 postinstall node_modules/@shopify/react-native-skia node scripts/install-libs.js
4268 info run @shopify/react-native-skia@2.6.2 postinstall { code: 1, signal: null }
4269 verbose reify failed optional dependency /projects/cablesnap/.paperclip/worktrees/qd-verify-pr911/node_modules/@shopify/react-native-skia
4270 silly reify mark deleted [
4270 silly reify   '/projects/cablesnap/.paperclip/worktrees/qd-verify-pr911/node_modules/@shopify/react-native-skia',
4270 silly reify   '/projects/cablesnap/.paperclip/worktrees/qd-verify-pr911/node_modules/.bin/install-skia',
4270 silly reify   '/projects/cablesnap/.paperclip/worktrees/qd-verify-pr911/node_modules/.bin/setup-skia-web'
4270 silly reify ]
4271 verbose reify failed optional dependency /projects/cablesnap/.paperclip/worktrees/qd-verify-pr911/node_modules/canvaskit-wasm
4272 silly reify mark deleted [
4272 silly reify   '/projects/cablesnap/.paperclip/worktrees/qd-verify-pr911/node_modules/canvaskit-wasm'
4272 silly reify ]
4273 verbose reify failed optional dependency /projects/cablesnap/.paperclip/worktrees/qd-verify-pr911/node_modules/react-native-skia-android
4274 silly reify mark deleted [
4274 silly reify   '/projects/cablesnap/.paperclip/worktrees/qd-verify-pr911/node_modules/react-native-skia-android'
4274 silly reify ]
4275 verbose reify failed optional dependency /projects/cablesnap/.paperclip/worktrees/qd-verify-pr911/node_modules/react-native-skia-apple-ios
4276 silly reify mark deleted [
4276 silly reify   '/projects/cablesnap/.paperclip/worktrees/qd-verify-pr911/node_modules/react-native-skia-apple-ios'
4276 silly reify ]
4277 verbose reify failed optional dependency /projects/cablesnap/.paperclip/worktrees/qd-verify-pr911/node_modules/react-native-skia-apple-macos
4278 silly reify mark deleted [
4278 silly reify   '/projects/cablesnap/.paperclip/worktrees/qd-verify-pr911/node_modules/react-native-skia-apple-macos'
4278 silly reify ]
4279 verbose reify failed optional dependency /projects/cablesnap/.paperclip/worktrees/qd-verify-pr911/node_modules/react-native-skia-apple-tvos
4280 silly reify mark deleted [
4280 silly reify   '/projects/cablesnap/.paperclip/worktrees/qd-verify-pr911/node_modules/react-native-skia-apple-tvos'
4280 silly reify ]
4281 verbose reify failed optional dependency /projects/cablesnap/.paperclip/worktrees/qd-verify-pr911/node_modules/react-reconciler
4282 silly reify mark deleted [
4282 silly reify   '/projects/cablesnap/.paperclip/worktrees/qd-verify-pr911/node_modules/react-reconciler'
4282 silly reify ]
4283 verbose reify failed optional dependency /projects/cablesnap/.paperclip/worktrees/qd-verify-pr911/node_modules/@webgpu/types
4284 silly reify mark deleted [
4284 silly reify   '/projects/cablesnap/.paperclip/worktrees/qd-verify-pr911/node_modules/@webgpu/types'
4284 silly reify ]
4285 verbose reify failed optional dependency /projects/cablesnap/.paperclip/worktrees/qd-verify-pr911/node_modules/react-reconciler/node_modules/scheduler
4286 silly reify mark deleted [
4286 silly reify   '/projects/cablesnap/.paperclip/worktrees/qd-verify-pr911/node_modules/react-reconciler/node_modules/scheduler'
4286 silly reify ]
4287 info run esbuild@0.25.12 postinstall node_modules/esbuild node install.js
4288 info run esbuild@0.25.12 postinstall { code: 0, signal: null }
4289 info run esbuild@0.18.20 postinstall node_modules/@esbuild-kit/core-utils/node_modules/esbuild node install.js
4290 info run esbuild@0.18.20 postinstall { code: 0, signal: null }
4291 info run esbuild@0.27.7 postinstall node_modules/tsx/node_modules/esbuild node install.js
4292 info run esbuild@0.27.7 postinstall { code: 0, signal: null }
4293 warn cleanup Failed to remove some directories [
4293 warn cleanup   [
4293 warn cleanup     '/projects/cablesnap/.paperclip/worktrees/qd-verify-pr911/node_modules/@shopify/react-native-skia',
4293 warn cleanup     [Error: ENOTEMPTY: directory not empty, rmdir '/projects/cablesnap/.paperclip/worktrees/qd-verify-pr911/node_modules/@shopify/react-native-skia/libs/ios/libskia.xcframework/ios-arm64_arm64e'] {
4293 warn cleanup       errno: -39,
4293 warn cleanup       code: 'ENOTEMPTY',
4293 warn cleanup       syscall: 'rmdir',
4293 warn cleanup       path: '/projects/cablesnap/.paperclip/worktrees/qd-verify-pr911/node_modules/@shopify/react-native-skia/libs/ios/libskia.xcframework/ios-arm64_arm64e'
4293 warn cleanup     }
4293 warn cleanup   ]
4293 warn cleanup ]
4294 silly ADD node_modules/zxing-wasm
4295 silly ADD node_modules/zxing-wasm/node_modules/type-fest
4296 silly ADD node_modules/zod-validation-error
4297 silly ADD node_modules/zod
4298 silly ADD node_modules/yocto-queue
4299 silly ADD node_modules/yargs-parser
4300 silly ADD node_modules/yargs
4301 silly ADD node_modules/yargs/node_modules/string-width
4302 silly ADD node_modules/yargs/node_modules/is-fullwidth-code-point
4303 silly ADD node_modules/yaml
4304 silly ADD node_modules/yallist
4305 silly ADD node_modules/y18n
4306 silly ADD node_modules/xmlchars
4307 silly ADD node_modules/xmlbuilder
4308 silly ADD node_modules/xml2js
4309 silly ADD node_modules/xml2js/node_modules/xmlbuilder
4310 silly ADD node_modules/xml-name-validator
4311 silly ADD node_modules/xcode
4312 silly ADD node_modules/ws
4313 silly ADD node_modules/write-file-atomic
4314 silly ADD node_modules/wrappy
4315 silly ADD node_modules/wrap-ansi
4316 silly ADD node_modules/wrap-ansi/node_modules/string-width
4317 silly ADD node_modules/wrap-ansi/node_modules/is-fullwidth-code-point
4318 silly ADD node_modules/wordwrap
4319 silly ADD node_modules/word-wrap
4320 silly ADD node_modules/widest-line
4321 silly ADD node_modules/widest-line/node_modules/strip-ansi
4322 silly ADD node_modules/widest-line/node_modules/string-width
4323 silly ADD node_modules/widest-line/node_modules/emoji-regex
4324 silly ADD node_modules/widest-line/node_modules/ansi-regex
4325 silly ADD node_modules/which-typed-array
4326 silly ADD node_modules/which-collection
4327 silly ADD node_modules/which-builtin-type
4328 silly ADD node_modules/which-boxed-primitive
4329 silly ADD node_modules/which
4330 silly ADD node_modules/whatwg-url-minimum
4331 silly ADD node_modules/whatwg-url
4332 silly ADD node_modules/whatwg-mimetype
4333 silly ADD node_modules/whatwg-fetch
4334 silly ADD node_modules/whatwg-encoding
4335 silly ADD node_modules/webidl-conversions
4336 silly ADD node_modules/wcwidth
4337 silly ADD node_modules/warn-once
4338 silly ADD node_modules/walker
4339 silly ADD node_modules/wait-on
4340 silly ADD node_modules/w3c-xmlserializer
4341 silly ADD node_modules/vlq
4342 silly ADD node_modules/victory-native
4343 silly ADD node_modules/vaul
4344 silly ADD node_modules/vary
4345 silly ADD node_modules/validate-npm-package-name
4346 silly ADD node_modules/v8-to-istanbul
4347 silly ADD node_modules/uuid
4348 silly ADD node_modules/utrie
4349 silly ADD node_modules/utils-merge
4350 silly ADD node_modules/use-sync-external-store
4351 silly ADD node_modules/use-sidecar
4352 silly ADD node_modules/use-latest-callback
4353 silly ADD node_modules/use-callback-ref
4354 silly ADD node_modules/url-parse
4355 silly ADD node_modules/uri-js
4356 silly ADD node_modules/update-check
4357 silly ADD node_modules/update-browserslist-db
4358 silly ADD node_modules/unpipe
4359 silly ADD node_modules/universalify
4360 silly ADD node_modules/unicode-property-aliases-ecmascript
4361 silly ADD node_modules/unicode-match-property-value-ecmascript
4362 silly ADD node_modules/unicode-match-property-ecmascript
4363 silly ADD node_modules/unicode-canonical-property-names-ecmascript
4364 silly ADD node_modules/undici-types
4365 silly ADD node_modules/undici
4366 silly ADD node_modules/unbox-primitive
4367 silly ADD node_modules/uglify-js
4368 silly ADD node_modules/ua-parser-js
4369 silly ADD node_modules/typescript
4370 silly ADD node_modules/typed-array-length
4371 silly ADD node_modules/typed-array-byte-offset
4372 silly ADD node_modules/typed-array-byte-length
4373 silly ADD node_modules/typed-array-buffer
4374 silly ADD node_modules/type-fest
4375 silly ADD node_modules/type-detect
4376 silly ADD node_modules/type-check
4377 silly ADD node_modules/tsx
4378 silly ADD node_modules/tsx/node_modules/esbuild
4379 silly ADD node_modules/tsx/node_modules/@esbuild/linux-arm64
4380 silly ADD node_modules/tslib
4381 silly ADD node_modules/ts-jest
4382 silly ADD node_modules/ts-jest/node_modules/type-fest
4383 silly ADD node_modules/ts-api-utils
4384 silly ADD node_modules/tr46
4385 silly ADD node_modules/tough-cookie
4386 silly ADD node_modules/toqr
4387 silly ADD node_modules/toidentifier
4388 silly ADD node_modules/to-regex-range
4389 silly ADD node_modules/tmpl
4390 silly ADD node_modules/tmp
4391 silly ADD node_modules/tinyglobby
4392 silly ADD node_modules/tinyexec
4393 silly ADD node_modules/throat
4394 silly ADD node_modules/text-table
4395 silly ADD node_modules/text-segmentation
4396 silly ADD node_modules/test-exclude
4397 silly ADD node_modules/test-exclude/node_modules/minimatch
4398 silly ADD node_modules/test-exclude/node_modules/glob
4399 silly ADD node_modules/test-exclude/node_modules/brace-expansion
4400 silly ADD node_modules/test-exclude/node_modules/balanced-match
4401 silly ADD node_modules/terser
4402 silly ADD node_modules/terser/node_modules/commander
4403 silly ADD node_modules/terminal-link
4404 silly ADD node_modules/tagged-tag
4405 silly ADD node_modules/symbol-tree
4406 silly ADD node_modules/supports-preserve-symlinks-flag
4407 silly ADD node_modules/supports-hyperlinks
4408 silly ADD node_modules/supports-color
4409 silly ADD node_modules/styleq
4410 silly ADD node_modules/structured-headers
4411 silly ADD node_modules/strip-json-comments
4412 silly ADD node_modules/strip-indent
4413 silly ADD node_modules/strip-final-newline
4414 silly ADD node_modules/strip-bom
4415 silly ADD node_modules/strip-ansi
4416 silly ADD node_modules/string.prototype.trimstart
4417 silly ADD node_modules/string.prototype.trimend
4418 silly ADD node_modules/string.prototype.trim
4419 silly ADD node_modules/string.prototype.repeat
4420 silly ADD node_modules/string.prototype.matchall
4421 silly ADD node_modules/string-width
4422 silly ADD node_modules/string-width/node_modules/strip-ansi
4423 silly ADD node_modules/string-width/node_modules/ansi-regex
4424 silly ADD node_modules/string-length
4425 silly ADD node_modules/string-argv
4426 silly ADD node_modules/strict-uri-encode
4427 silly ADD node_modules/stream-buffers
4428 silly ADD node_modules/stop-iteration-iterator
4429 silly ADD node_modules/statuses
4430 silly ADD node_modules/stacktrace-parser
4431 silly ADD node_modules/stacktrace-parser/node_modules/type-fest
4432 silly ADD node_modules/stacktrace-js
4433 silly ADD node_modules/stacktrace-gps
4434 silly ADD node_modules/stacktrace-gps/node_modules/source-map
4435 silly ADD node_modules/stackframe
4436 silly ADD node_modules/stack-utils
4437 silly ADD node_modules/stack-utils/node_modules/escape-string-regexp
4438 silly ADD node_modules/stack-generator
4439 silly ADD node_modules/sprintf-js
4440 silly ADD node_modules/split-on-first
4441 silly ADD node_modules/source-map-support
4442 silly ADD node_modules/source-map-js
4443 silly ADD node_modules/source-map
4444 silly ADD node_modules/slugify
4445 silly ADD node_modules/slice-ansi
4446 silly ADD node_modules/slice-ansi/node_modules/ansi-styles
4447 silly ADD node_modules/slash
4448 silly ADD node_modules/sisteransi
4449 silly ADD node_modules/simple-swizzle
4450 silly ADD node_modules/simple-swizzle/node_modules/is-arrayish
4451 silly ADD node_modules/simple-plist
4452 silly ADD node_modules/simple-plist/node_modules/bplist-parser
4453 silly ADD node_modules/signal-exit
4454 silly ADD node_modules/side-channel-weakmap
4455 silly ADD node_modules/side-channel-map
4456 silly ADD node_modules/side-channel-list
4457 silly ADD node_modules/side-channel
4458 silly ADD node_modules/shell-quote
4459 silly ADD node_modules/shebang-regex
4460 silly ADD node_modules/shebang-command
4461 silly ADD node_modules/sharp
4462 silly ADD node_modules/shallowequal
4463 silly ADD node_modules/sf-symbols-typescript
4464 silly ADD node_modules/setprototypeof
4465 silly ADD node_modules/setimmediate
4466 silly ADD node_modules/set-proto
4467 silly ADD node_modules/set-function-name
4468 silly ADD node_modules/set-function-length
4469 silly ADD node_modules/server-only
4470 silly ADD node_modules/serve-static
4471 silly ADD node_modules/serve-static/node_modules/encodeurl
4472 silly ADD node_modules/serve-handler
4473 silly ADD node_modules/serve-handler/node_modules/range-parser
4474 silly ADD node_modules/serve-handler/node_modules/minimatch
4475 silly ADD node_modules/serve-handler/node_modules/mime-types
4476 silly ADD node_modules/serve-handler/node_modules/mime-db
4477 silly ADD node_modules/serve-handler/node_modules/bytes
4478 silly ADD node_modules/serve-handler/node_modules/brace-expansion
4479 silly ADD node_modules/serve-handler/node_modules/balanced-match
4480 silly ADD node_modules/serve
4481 silly ADD node_modules/serve/node_modules/json-schema-traverse
4482 silly ADD node_modules/serve/node_modules/chalk
4483 silly ADD node_modules/serve/node_modules/ajv
4484 silly ADD node_modules/serialize-error
4485 silly ADD node_modules/send
4486 silly ADD node_modules/send/node_modules/statuses
4487 silly ADD node_modules/send/node_modules/on-finished
4488 silly ADD node_modules/send/node_modules/encodeurl
4489 silly ADD node_modules/send/node_modules/debug
4490 silly ADD node_modules/send/node_modules/debug/node_modules/ms
4491 silly ADD node_modules/semver
4492 silly ADD node_modules/scheduler
4493 silly ADD node_modules/saxes
4494 silly ADD node_modules/sax
4495 silly ADD node_modules/safer-buffer
4496 silly ADD node_modules/safe-regex-test
4497 silly ADD node_modules/safe-push-apply
4498 silly ADD node_modules/safe-buffer
4499 silly ADD node_modules/safe-array-concat
4500 silly ADD node_modules/rxjs
4501 silly ADD node_modules/run-parallel
4502 silly ADD node_modules/rtl-detect
4503 silly ADD node_modules/rimraf
4504 silly ADD node_modules/rimraf/node_modules/minimatch
4505 silly ADD node_modules/rimraf/node_modules/glob
4506 silly ADD node_modules/rimraf/node_modules/brace-expansion
4507 silly ADD node_modules/rimraf/node_modules/balanced-match
4508 silly ADD node_modules/rfdc
4509 silly ADD node_modules/reusify
4510 silly ADD node_modules/restore-cursor
4511 silly ADD node_modules/restore-cursor/node_modules/signal-exit
4512 silly ADD node_modules/restore-cursor/node_modules/onetime
4513 silly ADD node_modules/resolve.exports
4514 silly ADD node_modules/resolve-workspace-root
4515 silly ADD node_modules/resolve-pkg-maps
4516 silly ADD node_modules/resolve-from
4517 silly ADD node_modules/resolve-cwd
4518 silly ADD node_modules/resolve
4519 silly ADD node_modules/requires-port
4520 silly ADD node_modules/require-from-string
4521 silly ADD node_modules/require-directory
4522 silly ADD node_modules/regjsparser
4523 silly ADD node_modules/regjsgen
4524 silly ADD node_modules/registry-url
4525 silly ADD node_modules/registry-auth-token
4526 silly ADD node_modules/regexpu-core
4527 silly ADD node_modules/regexp.prototype.flags
4528 silly ADD node_modules/regenerator-runtime
4529 silly ADD node_modules/regenerate-unicode-properties
4530 silly ADD node_modules/regenerate
4531 silly ADD node_modules/reflect.getprototypeof
4532 silly ADD node_modules/redent
4533 silly ADD node_modules/react-test-renderer
4534 silly ADD node_modules/react-style-singleton
4535 silly ADD node_modules/react-remove-scroll-bar
4536 silly ADD node_modules/react-remove-scroll
4537 silly ADD node_modules/react-refresh
4538 silly ADD
4539 silly ADD node_modules/scheduler
4540 silly ADD node_modules/react-native-worklets
4541 silly ADD node_modules/react-native-web
4542 silly ADD node_modules/react-native-web/node_modules/memoize-one
4543 silly ADD node_modules/react-native-web/node_modules/@react-native/normalize-colors
4544 silly ADD node_modules/react-native-view-shot
4545 silly ADD node_modules/react-native-svg
4546 silly ADD
4547 silly ADD
4548 silly ADD
4549 silly ADD
4550 silly ADD node_modules/react-native-screens
4551 silly ADD node_modules/react-native-safe-area-context
4552 silly ADD node_modules/react-native-reanimated
4553 silly ADD node_modules/react-native-is-edge-to-edge
4554 silly ADD node_modules/react-native-gesture-handler
4555 silly ADD node_modules/react-native-body-highlighter
4556 silly ADD node_modules/react-native
4557 silly ADD node_modules/react-native/node_modules/ws
4558 silly ADD node_modules/react-native/node_modules/minimatch
4559 silly ADD node_modules/react-native/node_modules/hermes-parser
4560 silly ADD node_modules/react-native/node_modules/hermes-estree
4561 silly ADD node_modules/react-native/node_modules/glob
4562 silly ADD node_modules/react-native/node_modules/commander
4563 silly ADD node_modules/react-native/node_modules/brace-expansion
4564 silly ADD node_modules/react-native/node_modules/balanced-match
4565 silly ADD node_modules/react-native/node_modules/babel-plugin-syntax-hermes-parser
4566 silly ADD node_modules/react-is
4567 silly ADD node_modules/react-hook-form
4568 silly ADD node_modules/react-freeze
4569 silly ADD node_modules/react-fast-compare
4570 silly ADD node_modules/react-dom
4571 silly ADD node_modules/react-devtools-core
4572 silly ADD node_modules/react-devtools-core/node_modules/ws
4573 silly ADD node_modules/react
4574 silly ADD node_modules/rc
4575 silly ADD node_modules/rc/node_modules/strip-json-comments
4576 silly ADD node_modules/range-parser
4577 silly ADD node_modules/queue-microtask
4578 silly ADD node_modules/queue
4579 silly ADD node_modules/querystringify
4580 silly ADD node_modules/query-string
4581 silly ADD node_modules/pure-rand
4582 silly ADD node_modules/punycode
4583 silly ADD node_modules/psl
4584 silly ADD node_modules/proxy-from-env
4585 silly ADD node_modules/prop-types
4586 silly ADD node_modules/prop-types/node_modules/react-is
4587 silly ADD node_modules/prompts
4588 silly ADD node_modules/promise
4589 silly ADD node_modules/progress
4590 silly ADD node_modules/proc-log
4591 silly ADD node_modules/pretty-format
4592 silly ADD node_modules/pretty-format/node_modules/react-is
4593 silly ADD node_modules/pretty-format/node_modules/ansi-styles
4594 silly ADD node_modules/prelude-ls
4595 silly ADD node_modules/postcss-value-parser
4596 silly ADD node_modules/postcss
4597 silly ADD node_modules/possible-typed-array-names
4598 silly ADD node_modules/pngjs
4599 silly ADD node_modules/plist
4600 silly ADD node_modules/playwright-core
4601 silly ADD node_modules/playwright
4602 silly ADD node_modules/pkg-dir
4603 silly ADD node_modules/pkg-dir/node_modules/p-locate
4604 silly ADD node_modules/pkg-dir/node_modules/p-limit
4605 silly ADD node_modules/pkg-dir/node_modules/locate-path
4606 silly ADD node_modules/pkg-dir/node_modules/find-up
4607 silly ADD node_modules/pirates
4608 silly ADD node_modules/picomatch
4609 silly ADD node_modules/picocolors
4610 silly ADD node_modules/path-to-regexp
4611 silly ADD node_modules/path-scurry
4612 silly ADD node_modules/path-scurry/node_modules/lru-cache
4613 silly ADD node_modules/path-parse
4614 silly ADD node_modules/path-key
4615 silly ADD node_modules/path-is-inside
4616 silly ADD node_modules/path-is-absolute
4617 silly ADD node_modules/path-exists
4618 silly ADD node_modules/patch-package
4619 silly ADD node_modules/patch-package/node_modules/slash
4620 silly ADD node_modules/parseurl
4621 silly ADD node_modules/parse5
4622 silly ADD node_modules/parse-png
4623 silly ADD node_modules/parse-json
4624 silly ADD node_modules/parent-module
4625 silly ADD node_modules/papaparse
4626 silly ADD node_modules/p-try
4627 silly ADD node_modules/p-locate
4628 silly ADD node_modules/p-limit
4629 silly ADD node_modules/own-keys
4630 silly ADD node_modules/ora
4631 silly ADD node_modules/ora/node_modules/supports-color
4632 silly ADD node_modules/ora/node_modules/strip-ansi
4633 silly ADD node_modules/ora/node_modules/restore-cursor
4634 silly ADD node_modules/ora/node_modules/onetime
4635 silly ADD node_modules/ora/node_modules/mimic-fn
4636 silly ADD node_modules/ora/node_modules/has-flag
4637 silly ADD node_modules/ora/node_modules/escape-string-regexp
4638 silly ADD node_modules/ora/node_modules/color-name
4639 silly ADD node_modules/ora/node_modules/color-convert
4640 silly ADD node_modules/ora/node_modules/cli-cursor
4641 silly ADD node_modules/ora/node_modules/chalk
4642 silly ADD node_modules/ora/node_modules/ansi-styles
4643 silly ADD node_modules/ora/node_modules/ansi-regex
4644 silly ADD node_modules/optionator
4645 silly ADD node_modules/open
4646 silly ADD node_modules/onetime
4647 silly ADD node_modules/once
4648 silly ADD node_modules/on-headers
4649 silly ADD node_modules/on-finished
4650 silly ADD node_modules/object.values
4651 silly ADD node_modules/object.fromentries
4652 silly ADD node_modules/object.entries
4653 silly ADD node_modules/object.assign
4654 silly ADD node_modules/object-keys
4655 silly ADD node_modules/object-inspect
4656 silly ADD node_modules/object-assign
4657 silly ADD node_modules/ob1
4658 silly ADD node_modules/nwsapi
4659 silly ADD node_modules/nullthrows
4660 silly ADD node_modules/nth-check
4661 silly ADD node_modules/npm-run-path
4662 silly ADD node_modules/npm-package-arg
4663 silly ADD node_modules/normalize-path
4664 silly ADD node_modules/node-releases
4665 silly ADD node_modules/node-int64
4666 silly ADD node_modules/node-forge
4667 silly ADD node_modules/node-fetch
4668 silly ADD node_modules/node-fetch/node_modules/whatwg-url
4669 silly ADD node_modules/node-fetch/node_modules/webidl-conversions
4670 silly ADD node_modules/node-fetch/node_modules/tr46
4671 silly ADD node_modules/node-exports-info
4672 silly ADD node_modules/node-exports-info/node_modules/semver
4673 silly ADD node_modules/neo-async
4674 silly ADD node_modules/negotiator
4675 silly ADD node_modules/natural-compare
4676 silly ADD node_modules/nanoid
4677 silly ADD node_modules/multitars
4678 silly ADD node_modules/ms
4679 silly ADD node_modules/mkdirp
4680 silly ADD node_modules/minipass
4681 silly ADD node_modules/minimist
4682 silly ADD node_modules/minimatch
4683 silly ADD node_modules/min-indent
4684 silly ADD node_modules/mimic-function
4685 silly ADD node_modules/mimic-fn
4686 silly ADD node_modules/mime-types
4687 silly ADD node_modules/mime-types/node_modules/mime-db
4688 silly ADD node_modules/mime-db
4689 silly ADD node_modules/mime
4690 silly ADD node_modules/micromatch
4691 silly ADD node_modules/micromatch/node_modules/picomatch
4692 silly ADD node_modules/metro-transform-worker
4693 silly ADD node_modules/metro-transform-plugins
4694 silly ADD node_modules/metro-symbolicate
4695 silly ADD node_modules/metro-symbolicate/node_modules/source-map
4696 silly ADD node_modules/metro-source-map
4697 silly ADD node_modules/metro-source-map/node_modules/source-map
4698 silly ADD node_modules/metro-runtime
4699 silly ADD node_modules/metro-resolver
4700 silly ADD node_modules/metro-minify-terser
4701 silly ADD node_modules/metro-file-map
4702 silly ADD node_modules/metro-core
4703 silly ADD node_modules/metro-config
4704 silly ADD node_modules/metro-cache-key
4705 silly ADD node_modules/metro-cache
4706 silly ADD node_modules/metro-cache/node_modules/https-proxy-agent
4707 silly ADD node_modules/metro-cache/node_modules/agent-base
4708 silly ADD node_modules/metro-babel-transformer
4709 silly ADD node_modules/metro-babel-transformer/node_modules/hermes-parser
4710 silly ADD node_modules/metro-babel-transformer/node_modules/hermes-estree
4711 silly ADD node_modules/metro
4712 silly ADD node_modules/metro/node_modules/ws
4713 silly ADD node_modules/metro/node_modules/source-map
4714 silly ADD node_modules/metro/node_modules/negotiator
4715 silly ADD node_modules/metro/node_modules/mime-types
4716 silly ADD node_modules/metro/node_modules/hermes-parser
4717 silly ADD node_modules/metro/node_modules/hermes-estree
4718 silly ADD node_modules/metro/node_modules/ci-info
4719 silly ADD node_modules/metro/node_modules/accepts
4720 silly ADD node_modules/merge-stream
4721 silly ADD node_modules/memoize-one
4722 silly ADD node_modules/mdn-data
4723 silly ADD node_modules/math-intrinsics
4724 silly ADD node_modules/marky
4725 silly ADD node_modules/makeerror
4726 silly ADD node_modules/make-error
4727 silly ADD node_modules/make-dir
4728 silly ADD node_modules/lucide-react-native
4729 silly ADD node_modules/lru-cache
4730 silly ADD node_modules/loose-envify
4731 silly ADD node_modules/log-update
4732 silly ADD node_modules/log-update/node_modules/wrap-ansi
4733 silly ADD node_modules/log-update/node_modules/strip-ansi
4734 silly ADD node_modules/log-update/node_modules/string-width
4735 silly ADD node_modules/log-update/node_modules/slice-ansi
4736 silly ADD node_modules/log-update/node_modules/emoji-regex
4737 silly ADD node_modules/log-update/node_modules/ansi-styles
4738 silly ADD node_modules/log-update/node_modules/ansi-regex
4739 silly ADD node_modules/log-update/node_modules/ansi-escapes
4740 silly ADD node_modules/log-symbols
4741 silly ADD node_modules/log-symbols/node_modules/supports-color
4742 silly ADD node_modules/log-symbols/node_modules/has-flag
4743 silly ADD node_modules/log-symbols/node_modules/escape-string-regexp
4744 silly ADD node_modules/log-symbols/node_modules/color-name
4745 silly ADD node_modules/log-symbols/node_modules/color-convert
4746 silly ADD node_modules/log-symbols/node_modules/chalk
4747 silly ADD node_modules/log-symbols/node_modules/ansi-styles
4748 silly ADD node_modules/lodash.throttle
4749 silly ADD node_modules/lodash.merge
4750 silly ADD node_modules/lodash.memoize
4751 silly ADD node_modules/lodash.debounce
4752 silly ADD node_modules/lodash
4753 silly ADD node_modules/locate-path
4754 silly ADD node_modules/listr2
4755 silly ADD node_modules/listr2/node_modules/wrap-ansi
4756 silly ADD node_modules/listr2/node_modules/strip-ansi
4757 silly ADD node_modules/listr2/node_modules/string-width
4758 silly ADD node_modules/listr2/node_modules/emoji-regex
4759 silly ADD node_modules/listr2/node_modules/ansi-styles
4760 silly ADD node_modules/listr2/node_modules/ansi-regex
4761 silly ADD node_modules/lint-staged
4762 silly ADD node_modules/lint-staged/node_modules/commander
4763 silly ADD node_modules/lines-and-columns
4764 silly ADD node_modules/lightningcss-linux-arm64-musl
4765 silly ADD node_modules/lightningcss-linux-arm64-gnu
4766 silly ADD node_modules/lightningcss
4767 silly ADD node_modules/lighthouse-logger
4768 silly ADD node_modules/lighthouse-logger/node_modules/ms
4769 silly ADD node_modules/lighthouse-logger/node_modules/debug
4770 silly ADD node_modules/levn
4771 silly ADD node_modules/leven
4772 silly ADD node_modules/lan-network
4773 silly ADD node_modules/kleur
4774 silly ADD node_modules/klaw-sync
4775 silly ADD node_modules/keyv
4776 silly ADD node_modules/jsx-ast-utils
4777 silly ADD node_modules/jsonify
4778 silly ADD node_modules/jsonfile
4779 silly ADD node_modules/jsonfile/node_modules/universalify
4780 silly ADD node_modules/json5
4781 silly ADD node_modules/json-stable-stringify-without-jsonify
4782 silly ADD node_modules/json-stable-stringify
4783 silly ADD node_modules/json-schema-traverse
4784 silly ADD node_modules/json-parse-even-better-errors
4785 silly ADD node_modules/json-buffer
4786 silly ADD node_modules/jsesc
4787 silly ADD node_modules/jsdom
4788 silly ADD node_modules/jsc-safe-url
4789 silly ADD node_modules/js-yaml
4790 silly ADD node_modules/js-tokens
4791 silly ADD node_modules/joi
4792 silly ADD node_modules/jimp-compact
4793 silly ADD node_modules/jest-worker
4794 silly ADD node_modules/jest-worker/node_modules/supports-color
4795 silly ADD node_modules/jest-watcher
4796 silly ADD node_modules/jest-watch-typeahead
4797 silly ADD node_modules/jest-watch-typeahead/node_modules/strip-ansi
4798 silly ADD node_modules/jest-watch-typeahead/node_modules/string-length
4799 silly ADD node_modules/jest-watch-typeahead/node_modules/slash
4800 silly ADD node_modules/jest-watch-typeahead/node_modules/char-regex
4801 silly ADD node_modules/jest-watch-typeahead/node_modules/ansi-regex
4802 silly ADD node_modules/jest-watch-typeahead/node_modules/ansi-escapes
4803 silly ADD node_modules/jest-watch-select-projects
4804 silly ADD node_modules/jest-watch-select-projects/node_modules/chalk
4805 silly ADD node_modules/jest-validate
4806 silly ADD node_modules/jest-validate/node_modules/camelcase
4807 silly ADD node_modules/jest-util
4808 silly ADD node_modules/jest-util/node_modules/picomatch
4809 silly ADD node_modules/jest-snapshot
4810 silly ADD node_modules/jest-runtime
4811 silly ADD node_modules/jest-runtime/node_modules/minimatch
4812 silly ADD node_modules/jest-runtime/node_modules/glob
4813 silly ADD node_modules/jest-runtime/node_modules/brace-expansion
4814 silly ADD node_modules/jest-runtime/node_modules/balanced-match
4815 silly ADD node_modules/jest-runner
4816 silly ADD node_modules/jest-runner/node_modules/source-map-support
4817 silly ADD node_modules/jest-resolve-dependencies
4818 silly ADD node_modules/jest-resolve
4819 silly ADD node_modules/jest-resolve/node_modules/resolve
4820 silly ADD node_modules/jest-regex-util
4821 silly ADD node_modules/jest-pnp-resolver
4822 silly ADD node_modules/jest-mock
4823 silly ADD node_modules/jest-message-util
4824 silly ADD node_modules/jest-matcher-utils
4825 silly ADD node_modules/jest-leak-detector
4826 silly ADD node_modules/jest-haste-map
4827 silly ADD node_modules/jest-get-type
4828 silly ADD node_modules/jest-expo
4829 silly ADD node_modules/jest-environment-node
4830 silly ADD node_modules/jest-environment-jsdom
4831 silly ADD node_modules/jest-each
4832 silly ADD node_modules/jest-docblock
4833 silly ADD node_modules/jest-diff
4834 silly ADD node_modules/jest-config
4835 silly ADD node_modules/jest-config/node_modules/minimatch
4836 silly ADD node_modules/jest-config/node_modules/glob
4837 silly ADD node_modules/jest-config/node_modules/brace-expansion
4838 silly ADD node_modules/jest-config/node_modules/balanced-match
4839 silly ADD node_modules/jest-cli
4840 silly ADD node_modules/jest-circus
4841 silly ADD node_modules/jest-changed-files
4842 silly ADD node_modules/jest
4843 silly ADD node_modules/its-fine
4844 silly ADD node_modules/iterator.prototype
4845 silly ADD node_modules/istanbul-reports
4846 silly ADD node_modules/istanbul-lib-source-maps
4847 silly ADD node_modules/istanbul-lib-report
4848 silly ADD node_modules/istanbul-lib-instrument
4849 silly ADD node_modules/istanbul-lib-coverage
4850 silly ADD node_modules/isexe
4851 silly ADD node_modules/isarray
4852 silly ADD node_modules/is-wsl
4853 silly ADD node_modules/is-weakset
4854 silly ADD node_modules/is-weakref
4855 silly ADD node_modules/is-weakmap
4856 silly ADD node_modules/is-typed-array
4857 silly ADD node_modules/is-symbol
4858 silly ADD node_modules/is-string
4859 silly ADD node_modules/is-stream
4860 silly ADD node_modules/is-shared-array-buffer
4861 silly ADD node_modules/is-set
4862 silly ADD node_modules/is-regex
4863 silly ADD node_modules/is-potential-custom-element-name
4864 silly ADD node_modules/is-port-reachable
4865 silly ADD node_modules/is-path-inside
4866 silly ADD node_modules/is-number-object
4867 silly ADD node_modules/is-number
4868 silly ADD node_modules/is-negative-zero
4869 silly ADD node_modules/is-map
4870 silly ADD node_modules/is-glob
4871 silly ADD node_modules/is-generator-function
4872 silly ADD node_modules/is-generator-fn
4873 silly ADD node_modules/is-fullwidth-code-point
4874 silly ADD node_modules/is-finalizationregistry
4875 silly ADD node_modules/is-extglob
4876 silly ADD node_modules/is-docker
4877 silly ADD node_modules/is-date-object
4878 silly ADD node_modules/is-data-view
4879 silly ADD node_modules/is-core-module
4880 silly ADD node_modules/is-callable
4881 silly ADD node_modules/is-boolean-object
4882 silly ADD node_modules/is-bigint
4883 silly ADD node_modules/is-async-function
4884 silly ADD node_modules/is-arrayish
4885 silly ADD node_modules/is-array-buffer
4886 silly ADD node_modules/invariant
4887 silly ADD node_modules/internmap
4888 silly ADD node_modules/internal-slot
4889 silly ADD node_modules/inline-style-prefixer
4890 silly ADD node_modules/ini
4891 silly ADD node_modules/inherits
4892 silly ADD node_modules/inflight
4893 silly ADD node_modules/indent-string
4894 silly ADD node_modules/imurmurhash
4895 silly ADD node_modules/import-local
4896 silly ADD node_modules/import-fresh
4897 silly ADD node_modules/import-fresh/node_modules/resolve-from
4898 silly ADD node_modules/image-size
4899 silly ADD node_modules/ignore
4900 silly ADD node_modules/iconv-lite
4901 silly ADD node_modules/hyphenate-style-name
4902 silly ADD node_modules/husky
4903 silly ADD node_modules/human-signals
4904 silly ADD node_modules/https-proxy-agent
4905 silly ADD node_modules/http-proxy-agent
4906 silly ADD node_modules/http-errors
4907 silly ADD node_modules/http-errors/node_modules/statuses
4908 silly ADD node_modules/html2canvas
4909 silly ADD node_modules/html-escaper
4910 silly ADD node_modules/html-encoding-sniffer
4911 silly ADD node_modules/hosted-git-info
4912 silly ADD node_modules/hosted-git-info/node_modules/lru-cache
4913 silly ADD node_modules/hoist-non-react-statics
4914 silly ADD node_modules/hoist-non-react-statics/node_modules/react-is
4915 silly ADD node_modules/hermes-parser
4916 silly ADD node_modules/hermes-estree
4917 silly ADD node_modules/hermes-compiler
4918 silly ADD node_modules/hasown
4919 silly ADD node_modules/has-tostringtag
4920 silly ADD node_modules/has-symbols
4921 silly ADD node_modules/has-proto
4922 silly ADD node_modules/has-property-descriptors
4923 silly ADD node_modules/has-flag
4924 silly ADD node_modules/has-bigints
4925 silly ADD node_modules/handlebars
4926 silly ADD node_modules/graphemer
4927 silly ADD node_modules/graceful-fs
4928 silly ADD node_modules/gopd
4929 silly ADD node_modules/globalthis
4930 silly ADD node_modules/globals
4931 silly ADD node_modules/glob-parent
4932 silly ADD node_modules/glob
4933 silly ADD node_modules/getenv
4934 silly ADD node_modules/get-tsconfig
4935 silly ADD node_modules/get-symbol-description
4936 silly ADD node_modules/get-stream
4937 silly ADD node_modules/get-proto
4938 silly ADD node_modules/get-package-type
4939 silly ADD node_modules/get-nonce
4940 silly ADD node_modules/get-intrinsic
4941 silly ADD node_modules/get-east-asian-width
4942 silly ADD node_modules/get-caller-file
4943 silly ADD node_modules/gensync
4944 silly ADD node_modules/generator-function
4945 silly ADD node_modules/functions-have-names
4946 silly ADD node_modules/function.prototype.name
4947 silly ADD node_modules/function-bind
4948 silly ADD node_modules/fta-cli
4949 silly ADD node_modules/fs.realpath
4950 silly ADD node_modules/fs-extra
4951 silly ADD node_modules/fs-extra/node_modules/universalify
4952 silly ADD node_modules/fresh
4953 silly ADD node_modules/form-data
4954 silly ADD node_modules/for-each
4955 silly ADD node_modules/fontfaceobserver
4956 silly ADD node_modules/follow-redirects
4957 silly ADD node_modules/flow-enums-runtime
4958 silly ADD node_modules/flatted
4959 silly ADD node_modules/flat-cache
4960 silly ADD node_modules/find-yarn-workspace-root
4961 silly ADD node_modules/find-up
4962 silly ADD node_modules/finalhandler
4963 silly ADD node_modules/finalhandler/node_modules/ms
4964 silly ADD node_modules/finalhandler/node_modules/debug
4965 silly ADD node_modules/filter-obj
4966 silly ADD node_modules/fill-range
4967 silly ADD node_modules/file-entry-cache
4968 silly ADD node_modules/fetch-nodeshim
4969 silly ADD node_modules/fdir
4970 silly ADD node_modules/fbjs-css-vars
4971 silly ADD node_modules/fbjs
4972 silly ADD node_modules/fbjs/node_modules/promise
4973 silly ADD node_modules/fb-watchman
4974 silly ADD node_modules/fb-dotslash
4975 silly ADD node_modules/fastq
4976 silly ADD node_modules/fast-uri
4977 silly ADD node_modules/fast-levenshtein
4978 silly ADD node_modules/fast-json-stable-stringify
4979 silly ADD node_modules/fast-deep-equal
4980 silly ADD node_modules/exponential-backoff
4981 silly ADD node_modules/expo-web-browser
4982 silly ADD node_modules/expo-video-thumbnails
4983 silly ADD node_modules/expo-video
4984 silly ADD node_modules/expo-updates-interface
4985 silly ADD node_modules/expo-system-ui
4986 silly ADD node_modules/expo-system-ui/node_modules/@react-native/normalize-colors
4987 silly ADD node_modules/expo-symbols
4988 silly ADD node_modules/expo-status-bar
4989 silly ADD node_modules/expo-sqlite
4990 silly ADD node_modules/expo-splash-screen
4991 silly ADD node_modules/expo-sharing
4992 silly ADD node_modules/expo-server
4993 silly ADD node_modules/expo-secure-store
4994 silly ADD node_modules/expo-router
4995 silly ADD node_modules/expo-router/node_modules/semver
4996 silly ADD node_modules/expo-notifications
4997 silly ADD node_modules/expo-modules-core
4998 silly ADD node_modules/expo-modules-autolinking
4999 silly ADD node_modules/expo-manifests
5000 silly ADD node_modules/expo-localization
5001 silly ADD node_modules/expo-local-authentication
5002 silly ADD node_modules/expo-linking
5003 silly ADD node_modules/expo-keep-awake
5004 silly ADD node_modules/expo-json-utils
5005 silly ADD node_modules/expo-image-picker
5006 silly ADD node_modules/expo-image-manipulator
5007 silly ADD node_modules/expo-image-loader
5008 silly ADD node_modules/expo-image
5009 silly ADD node_modules/expo-haptics
5010 silly ADD node_modules/expo-glass-effect
5011 silly ADD node_modules/expo-font
5012 silly ADD node_modules/expo-file-system
5013 silly ADD node_modules/expo-document-picker
5014 silly ADD node_modules/expo-device
5015 silly ADD node_modules/expo-device/node_modules/ua-parser-js
5016 silly ADD node_modules/expo-dev-menu-interface
5017 silly ADD node_modules/expo-dev-menu
5018 silly ADD node_modules/expo-dev-launcher
5019 silly ADD node_modules/expo-dev-client
5020 silly ADD node_modules/expo-crypto
5021 silly ADD node_modules/expo-constants
5022 silly ADD node_modules/expo-camera
5023 silly ADD node_modules/expo-build-properties
5024 silly ADD node_modules/expo-blur
5025 silly ADD node_modules/expo-audio
5026 silly ADD node_modules/expo-asset
5027 silly ADD node_modules/expo-application
5028 silly ADD node_modules/expo
5029 silly ADD node_modules/expect
5030 silly ADD node_modules/exit
5031 silly ADD node_modules/execa
5032 silly ADD node_modules/eventemitter3
5033 silly ADD node_modules/event-target-shim
5034 silly ADD node_modules/etag
5035 silly ADD node_modules/esutils
5036 silly ADD node_modules/estraverse
5037 silly ADD node_modules/esrecurse
5038 silly ADD node_modules/esquery
5039 silly ADD node_modules/esprima
5040 silly ADD node_modules/espree
5041 silly ADD node_modules/eslint-visitor-keys
5042 silly ADD node_modules/eslint-scope
5043 silly ADD node_modules/eslint-plugin-react-native-globals
5044 silly ADD node_modules/eslint-plugin-react-native
5045 silly ADD node_modules/eslint-plugin-react-hooks
5046 silly ADD node_modules/eslint-plugin-react
5047 silly ADD node_modules/eslint-plugin-react/node_modules/semver
5048 silly ADD node_modules/eslint-plugin-react/node_modules/minimatch
5049 silly ADD node_modules/eslint-plugin-react/node_modules/doctrine
5050 silly ADD node_modules/eslint-plugin-react/node_modules/brace-expansion
5051 silly ADD node_modules/eslint-plugin-react/node_modules/balanced-match
5052 silly ADD node_modules/eslint
5053 silly ADD node_modules/eslint/node_modules/minimatch
5054 silly ADD node_modules/eslint/node_modules/ignore
5055 silly ADD node_modules/eslint/node_modules/brace-expansion
5056 silly ADD node_modules/eslint/node_modules/balanced-match
5057 silly ADD node_modules/escodegen
5058 silly ADD node_modules/escape-string-regexp
5059 silly ADD node_modules/escape-html
5060 silly ADD node_modules/escalade
5061 silly ADD node_modules/esbuild
5062 silly ADD node_modules/es-to-primitive
5063 silly ADD node_modules/es-shim-unscopables
5064 silly ADD node_modules/es-set-tostringtag
5065 silly ADD node_modules/es-object-atoms
5066 silly ADD node_modules/es-iterator-helpers
5067 silly ADD node_modules/es-errors
5068 silly ADD node_modules/es-define-property
5069 silly ADD node_modules/es-abstract
5070 silly ADD node_modules/error-stack-parser
5071 silly ADD node_modules/error-ex
5072 silly ADD node_modules/environment
5073 silly ADD node_modules/entities
5074 silly ADD node_modules/encodeurl
5075 silly ADD node_modules/emoji-regex
5076 silly ADD node_modules/emittery
5077 silly ADD node_modules/electron-to-chromium
5078 silly ADD node_modules/ee-first
5079 silly ADD node_modules/eastasianwidth
5080 silly ADD node_modules/dunder-proto
5081 silly ADD node_modules/drizzle-orm
5082 silly ADD node_modules/drizzle-kit
5083 silly ADD node_modules/domutils
5084 silly ADD node_modules/domhandler
5085 silly ADD node_modules/domexception
5086 silly ADD node_modules/domelementtype
5087 silly ADD node_modules/dom-serializer
5088 silly ADD node_modules/dom-serializer/node_modules/entities
5089 silly ADD node_modules/doctrine
5090 silly ADD node_modules/dnssd-advertise
5091 silly ADD node_modules/diff-sequences
5092 silly ADD node_modules/detect-node-es
5093 silly ADD node_modules/detect-newline
5094 silly ADD node_modules/detect-libc
5095 silly ADD node_modules/destroy
5096 silly ADD node_modules/depd
5097 silly ADD node_modules/delayed-stream
5098 silly ADD node_modules/define-properties
5099 silly ADD node_modules/define-lazy-prop
5100 silly ADD node_modules/define-data-property
5101 silly ADD node_modules/defaults
5102 silly ADD node_modules/default-values
5103 silly ADD node_modules/deepmerge
5104 silly ADD node_modules/deep-is
5105 silly ADD node_modules/deep-extend
5106 silly ADD node_modules/dedent
5107 silly ADD node_modules/decode-uri-component
5108 silly ADD node_modules/decimal.js
5109 silly ADD node_modules/debug
5110 silly ADD node_modules/date-fns
5111 silly ADD node_modules/data-view-byte-offset
5112 silly ADD node_modules/data-view-byte-length
5113 silly ADD node_modules/data-view-buffer
5114 silly ADD node_modules/data-urls
5115 silly ADD node_modules/d3-zoom
5116 silly ADD node_modules/d3-transition
5117 silly ADD node_modules/d3-timer
5118 silly ADD node_modules/d3-time-format
5119 silly ADD node_modules/d3-time
5120 silly ADD node_modules/d3-shape
5121 silly ADD node_modules/d3-selection
5122 silly ADD node_modules/d3-scale
5123 silly ADD node_modules/d3-path
5124 silly ADD node_modules/d3-interpolate
5125 silly ADD node_modules/d3-format
5126 silly ADD node_modules/d3-ease
5127 silly ADD node_modules/d3-drag
5128 silly ADD node_modules/d3-dispatch
5129 silly ADD node_modules/d3-color
5130 silly ADD node_modules/d3-array
5131 silly ADD node_modules/csstype
5132 silly ADD node_modules/cssstyle
5133 silly ADD node_modules/cssstyle/node_modules/cssom
5134 silly ADD node_modules/cssom
5135 silly ADD node_modules/css-what
5136 silly ADD node_modules/css-tree
5137 silly ADD node_modules/css-select
5138 silly ADD node_modules/css-line-break
5139 silly ADD node_modules/css-in-js-utils
5140 silly ADD node_modules/cross-spawn
5141 silly ADD node_modules/cross-fetch
5142 silly ADD node_modules/cross-env
5143 silly ADD node_modules/create-jest
5144 silly ADD node_modules/core-js-compat
5145 silly ADD node_modules/convert-source-map
5146 silly ADD node_modules/content-disposition
5147 silly ADD node_modules/connect
5148 silly ADD node_modules/connect/node_modules/ms
5149 silly ADD node_modules/connect/node_modules/debug
5150 silly ADD node_modules/concat-map
5151 silly ADD node_modules/compression
5152 silly ADD node_modules/compression/node_modules/negotiator
5153 silly ADD node_modules/compression/node_modules/ms
5154 silly ADD node_modules/compression/node_modules/debug
5155 silly ADD node_modules/compressible
5156 silly ADD node_modules/commander
5157 silly ADD node_modules/combined-stream
5158 silly ADD node_modules/colorette
5159 silly ADD node_modules/color-string
5160 silly ADD node_modules/color-name
5161 silly ADD node_modules/color-convert
5162 silly ADD node_modules/color
5163 silly ADD node_modules/collect-v8-coverage
5164 silly ADD node_modules/co
5165 silly ADD node_modules/clone
5166 silly ADD node_modules/cliui
5167 silly ADD node_modules/cliui/node_modules/string-width
5168 silly ADD node_modules/cliui/node_modules/is-fullwidth-code-point
5169 silly ADD node_modules/clipboardy
5170 silly ADD node_modules/client-only
5171 silly ADD node_modules/cli-truncate
5172 silly ADD node_modules/cli-spinners
5173 silly ADD node_modules/cli-cursor
5174 silly ADD node_modules/cli-boxes
5175 silly ADD node_modules/cjs-module-lexer
5176 silly ADD node_modules/ci-info
5177 silly ADD node_modules/chromium-edge-launcher
5178 silly ADD node_modules/chrome-launcher
5179 silly ADD node_modules/char-regex
5180 silly ADD node_modules/chalk-template
5181 silly ADD node_modules/chalk
5182 silly ADD
5183 silly ADD node_modules/caniuse-lite
5184 silly ADD node_modules/camelcase
5185 silly ADD node_modules/callsites
5186 silly ADD node_modules/call-bound
5187 silly ADD node_modules/call-bind-apply-helpers
5188 silly ADD node_modules/call-bind
5189 silly ADD node_modules/bytes
5190 silly ADD node_modules/buffer-from
5191 silly ADD node_modules/bser
5192 silly ADD node_modules/bs-logger
5193 silly ADD node_modules/browserslist
5194 silly ADD node_modules/braces
5195 silly ADD node_modules/brace-expansion
5196 silly ADD node_modules/bplist-parser
5197 silly ADD node_modules/bplist-creator
5198 silly ADD node_modules/boxen
5199 silly ADD node_modules/boxen/node_modules/wrap-ansi
5200 silly ADD node_modules/boxen/node_modules/type-fest
5201 silly ADD node_modules/boxen/node_modules/strip-ansi
5202 silly ADD node_modules/boxen/node_modules/string-width
5203 silly ADD node_modules/boxen/node_modules/emoji-regex
5204 silly ADD node_modules/boxen/node_modules/chalk
5205 silly ADD node_modules/boxen/node_modules/camelcase
5206 silly ADD node_modules/boxen/node_modules/ansi-styles
5207 silly ADD node_modules/boxen/node_modules/ansi-regex
5208 silly ADD node_modules/boolbase
5209 silly ADD node_modules/big-integer
5210 silly ADD node_modules/better-opn
5211 silly ADD node_modules/better-opn/node_modules/open
5212 silly ADD node_modules/baseline-browser-mapping
5213 silly ADD node_modules/base64-js
5214 silly ADD node_modules/base64-arraybuffer
5215 silly ADD node_modules/barcode-detector
5216 silly ADD node_modules/balanced-match
5217 silly ADD node_modules/badgin
5218 silly ADD node_modules/babel-preset-jest
5219 silly ADD node_modules/babel-preset-expo
5220 silly ADD node_modules/babel-preset-current-node-syntax
5221 silly ADD node_modules/babel-plugin-transform-flow-enums
5222 silly ADD node_modules/babel-plugin-syntax-hermes-parser
5223 silly ADD node_modules/babel-plugin-syntax-hermes-parser/node_modules/hermes-parser
5224 silly ADD node_modules/babel-plugin-syntax-hermes-parser/node_modules/hermes-estree
5225 silly ADD node_modules/babel-plugin-react-native-web
5226 silly ADD node_modules/babel-plugin-react-compiler
5227 silly ADD node_modules/babel-plugin-polyfill-regenerator
5228 silly ADD node_modules/babel-plugin-polyfill-corejs3
5229 silly ADD node_modules/babel-plugin-polyfill-corejs2
5230 silly ADD node_modules/babel-plugin-polyfill-corejs2/node_modules/semver
5231 silly ADD node_modules/babel-plugin-jest-hoist
5232 silly ADD node_modules/babel-plugin-istanbul
5233 silly ADD node_modules/babel-plugin-istanbul/node_modules/semver
5234 silly ADD node_modules/babel-plugin-istanbul/node_modules/istanbul-lib-instrument
5235 silly ADD node_modules/babel-jest
5236 silly ADD node_modules/axios
5237 silly ADD node_modules/axe-core
5238 silly ADD node_modules/await-lock
5239 silly ADD node_modules/available-typed-arrays
5240 silly ADD node_modules/asynckit
5241 silly ADD node_modules/async-function
5242 silly ADD node_modules/asap
5243 silly ADD node_modules/arraybuffer.prototype.slice
5244 silly ADD node_modules/array.prototype.tosorted
5245 silly ADD node_modules/array.prototype.flatmap
5246 silly ADD node_modules/array.prototype.flat
5247 silly ADD node_modules/array.prototype.findlast
5248 silly ADD node_modules/array-includes
5249 silly ADD node_modules/array-buffer-byte-length
5250 silly ADD node_modules/aria-hidden
5251 silly ADD node_modules/argparse
5252 silly ADD node_modules/arg
5253 silly ADD node_modules/arch
5254 silly ADD node_modules/anymatch
5255 silly ADD node_modules/anymatch/node_modules/picomatch
5256 silly ADD node_modules/ansi-styles
5257 silly ADD node_modules/ansi-regex
5258 silly ADD node_modules/ansi-escapes
5259 silly ADD node_modules/ansi-escapes/node_modules/type-fest
5260 silly ADD node_modules/ansi-align
5261 silly ADD node_modules/ansi-align/node_modules/string-width
5262 silly ADD node_modules/ansi-align/node_modules/is-fullwidth-code-point
5263 silly ADD node_modules/anser
5264 silly ADD node_modules/ajv
5265 silly ADD node_modules/agent-base
5266 silly ADD node_modules/acorn-walk
5267 silly ADD node_modules/acorn-jsx
5268 silly ADD node_modules/acorn-globals
5269 silly ADD node_modules/acorn
5270 silly ADD node_modules/accepts
5271 silly ADD node_modules/abort-controller
5272 silly ADD node_modules/abab
5273 silly ADD node_modules/@zeit/schemas
5274 silly ADD node_modules/@yarnpkg/lockfile
5275 silly ADD node_modules/@xmldom/xmldom
5276 silly ADD
5277 silly ADD node_modules/@ungap/structured-clone
5278 silly ADD node_modules/@typescript-eslint/visitor-keys
5279 silly ADD node_modules/@typescript-eslint/visitor-keys/node_modules/eslint-visitor-keys
5280 silly ADD node_modules/@typescript-eslint/utils
5281 silly ADD node_modules/@typescript-eslint/typescript-estree
5282 silly ADD node_modules/@typescript-eslint/types
5283 silly ADD node_modules/@typescript-eslint/type-utils
5284 silly ADD node_modules/@typescript-eslint/tsconfig-utils
5285 silly ADD node_modules/@typescript-eslint/scope-manager
5286 silly ADD node_modules/@typescript-eslint/project-service
5287 silly ADD node_modules/@typescript-eslint/parser
5288 silly ADD node_modules/@typescript-eslint/eslint-plugin
5289 silly ADD node_modules/@types/yargs-parser
5290 silly ADD node_modules/@types/yargs
5291 silly ADD node_modules/@types/tough-cookie
5292 silly ADD node_modules/@types/stack-utils
5293 silly ADD node_modules/@types/sharp
5294 silly ADD node_modules/@types/react-test-renderer
5295 silly ADD node_modules/@types/react-reconciler
5296 silly ADD node_modules/@types/react
5297 silly ADD node_modules/@types/papaparse
5298 silly ADD node_modules/@types/node
5299 silly ADD node_modules/@types/jsdom
5300 silly ADD node_modules/@types/jest
5301 silly ADD node_modules/@types/istanbul-reports
5302 silly ADD node_modules/@types/istanbul-lib-report
5303 silly ADD node_modules/@types/istanbul-lib-coverage
5304 silly ADD node_modules/@types/hammerjs
5305 silly ADD node_modules/@types/graceful-fs
5306 silly ADD node_modules/@types/emscripten
5307 silly ADD node_modules/@types/babel__traverse
5308 silly ADD node_modules/@types/babel__template
5309 silly ADD node_modules/@types/babel__generator
5310 silly ADD node_modules/@types/babel__core
5311 silly ADD node_modules/@tootallnate/once
5312 silly ADD node_modules/@testing-library/react-native
5313 silly ADD node_modules/@testing-library/react-native/node_modules/react-is
5314 silly ADD node_modules/@testing-library/react-native/node_modules/pretty-format
5315 silly ADD node_modules/@testing-library/react-native/node_modules/jest-matcher-utils
5316 silly ADD node_modules/@testing-library/react-native/node_modules/jest-diff
5317 silly ADD node_modules/@testing-library/react-native/node_modules/ansi-styles
5318 silly ADD node_modules/@testing-library/react-native/node_modules/@sinclair/typebox
5319 silly ADD node_modules/@testing-library/react-native/node_modules/@jest/schemas
5320 silly ADD node_modules/@testing-library/jest-native
5321 silly ADD node_modules/@tanstack/react-query
5322 silly ADD node_modules/@tanstack/query-core
5323 silly ADD node_modules/@standard-schema/spec
5324 silly ADD node_modules/@sinonjs/fake-timers
5325 silly ADD node_modules/@sinonjs/commons
5326 silly ADD node_modules/@sinclair/typebox
5327 silly ADD
5328 silly ADD node_modules/@shopify/flash-list
5329 silly ADD node_modules/@sentry/types
5330 silly ADD node_modules/@sentry/react-native
5331 silly ADD node_modules/@sentry/react
5332 silly ADD node_modules/@sentry/expo-upload-sourcemaps
5333 silly ADD node_modules/@sentry/core
5334 silly ADD node_modules/@sentry/cli-linux-arm64
5335 silly ADD node_modules/@sentry/cli
5336 silly ADD node_modules/@sentry/cli/node_modules/proxy-from-env
5337 silly ADD node_modules/@sentry/browser
5338 silly ADD node_modules/@sentry/babel-plugin-component-annotate
5339 silly ADD node_modules/@sentry-internal/replay-canvas
5340 silly ADD node_modules/@sentry-internal/replay
5341 silly ADD node_modules/@sentry-internal/feedback
5342 silly ADD node_modules/@sentry-internal/browser-utils
5343 silly ADD node_modules/@rozhkov/react-useful-hooks
5344 silly ADD node_modules/@react-navigation/routers
5345 silly ADD node_modules/@react-navigation/native-stack
5346 silly ADD node_modules/@react-navigation/native
5347 silly ADD node_modules/@react-navigation/elements
5348 silly ADD node_modules/@react-navigation/core
5349 silly ADD node_modules/@react-navigation/bottom-tabs
5350 silly ADD node_modules/@react-native/virtualized-lists
5351 silly ADD node_modules/@react-native/normalize-colors
5352 silly ADD node_modules/@react-native/js-polyfills
5353 silly ADD node_modules/@react-native/gradle-plugin
5354 silly ADD node_modules/@react-native/dev-middleware
5355 silly ADD node_modules/@react-native/dev-middleware/node_modules/ws
5356 silly ADD node_modules/@react-native/debugger-shell
5357 silly ADD node_modules/@react-native/debugger-frontend
5358 silly ADD node_modules/@react-native/community-cli-plugin
5359 silly ADD node_modules/@react-native/codegen
5360 silly ADD node_modules/@react-native/codegen/node_modules/minimatch
5361 silly ADD node_modules/@react-native/codegen/node_modules/hermes-parser
5362 silly ADD node_modules/@react-native/codegen/node_modules/hermes-estree
5363 silly ADD node_modules/@react-native/codegen/node_modules/glob
5364 silly ADD node_modules/@react-native/codegen/node_modules/brace-expansion
5365 silly ADD node_modules/@react-native/codegen/node_modules/balanced-match
5366 silly ADD node_modules/@react-native/babel-preset
5367 silly ADD node_modules/@react-native/babel-preset/node_modules/hermes-parser
5368 silly ADD node_modules/@react-native/babel-preset/node_modules/hermes-estree
5369 silly ADD node_modules/@react-native/babel-preset/node_modules/babel-plugin-syntax-hermes-parser
5370 silly ADD node_modules/@react-native/babel-plugin-codegen
5371 silly ADD node_modules/@react-native/assets-registry
5372 silly ADD node_modules/@react-native-community/netinfo
5373 silly ADD node_modules/@radix-ui/react-use-layout-effect
5374 silly ADD node_modules/@radix-ui/react-use-escape-keydown
5375 silly ADD node_modules/@radix-ui/react-use-effect-event
5376 silly ADD node_modules/@radix-ui/react-use-controllable-state
5377 silly ADD node_modules/@radix-ui/react-use-callback-ref
5378 silly ADD node_modules/@radix-ui/react-tabs
5379 silly ADD node_modules/@radix-ui/react-slot
5380 silly ADD node_modules/@radix-ui/react-roving-focus
5381 silly ADD node_modules/@radix-ui/react-primitive
5382 silly ADD node_modules/@radix-ui/react-primitive/node_modules/@radix-ui/react-slot
5383 silly ADD node_modules/@radix-ui/react-presence
5384 silly ADD node_modules/@radix-ui/react-portal
5385 silly ADD node_modules/@radix-ui/react-id
5386 silly ADD node_modules/@radix-ui/react-focus-scope
5387 silly ADD node_modules/@radix-ui/react-focus-guards
5388 silly ADD node_modules/@radix-ui/react-dismissable-layer
5389 silly ADD node_modules/@radix-ui/react-direction
5390 silly ADD node_modules/@radix-ui/react-dialog
5391 silly ADD node_modules/@radix-ui/react-dialog/node_modules/@radix-ui/react-slot
5392 silly ADD node_modules/@radix-ui/react-context
5393 silly ADD node_modules/@radix-ui/react-compose-refs
5394 silly ADD node_modules/@radix-ui/react-collection
5395 silly ADD node_modules/@radix-ui/react-collection/node_modules/@radix-ui/react-slot
5396 silly ADD node_modules/@radix-ui/primitive
5397 silly ADD node_modules/@quidone/react-native-wheel-picker
5398 silly ADD node_modules/@playwright/test
5399 silly ADD node_modules/@nodelib/fs.walk
5400 silly ADD node_modules/@nodelib/fs.stat
5401 silly ADD node_modules/@nodelib/fs.scandir
5402 silly ADD node_modules/@jridgewell/trace-mapping
5403 silly ADD node_modules/@jridgewell/sourcemap-codec
5404 silly ADD node_modules/@jridgewell/source-map
5405 silly ADD node_modules/@jridgewell/resolve-uri
5406 silly ADD node_modules/@jridgewell/remapping
5407 silly ADD node_modules/@jridgewell/gen-mapping
5408 silly ADD node_modules/@jest/types
5409 silly ADD node_modules/@jest/transform
5410 silly ADD node_modules/@jest/test-sequencer
5411 silly ADD node_modules/@jest/test-result
5412 silly ADD node_modules/@jest/source-map
5413 silly ADD node_modules/@jest/schemas
5414 silly ADD node_modules/@jest/reporters
5415 silly ADD node_modules/@jest/reporters/node_modules/minimatch
5416 silly ADD node_modules/@jest/reporters/node_modules/glob
5417 silly ADD node_modules/@jest/reporters/node_modules/brace-expansion
5418 silly ADD node_modules/@jest/reporters/node_modules/balanced-match
5419 silly ADD node_modules/@jest/globals
5420 silly ADD node_modules/@jest/get-type
5421 silly ADD node_modules/@jest/fake-timers
5422 silly ADD node_modules/@jest/expect-utils
5423 silly ADD node_modules/@jest/expect
5424 silly ADD node_modules/@jest/environment
5425 silly ADD node_modules/@jest/diff-sequences
5426 silly ADD node_modules/@jest/create-cache-key-function
5427 silly ADD node_modules/@jest/core
5428 silly ADD node_modules/@jest/console
5429 silly ADD node_modules/@istanbuljs/schema
5430 silly ADD node_modules/@istanbuljs/load-nyc-config
5431 silly ADD node_modules/@istanbuljs/load-nyc-config/node_modules/p-locate
5432 silly ADD node_modules/@istanbuljs/load-nyc-config/node_modules/p-limit
5433 silly ADD node_modules/@istanbuljs/load-nyc-config/node_modules/locate-path
5434 silly ADD node_modules/@istanbuljs/load-nyc-config/node_modules/js-yaml
5435 silly ADD node_modules/@istanbuljs/load-nyc-config/node_modules/find-up
5436 silly ADD node_modules/@istanbuljs/load-nyc-config/node_modules/argparse
5437 silly ADD node_modules/@isaacs/ttlcache
5438 silly ADD node_modules/@img/sharp-linuxmusl-arm64
5439 silly ADD node_modules/@img/sharp-linux-arm64
5440 silly ADD node_modules/@img/sharp-libvips-linuxmusl-arm64
5441 silly ADD node_modules/@img/sharp-libvips-linux-arm64
5442 silly ADD node_modules/@img/colour
5443 silly ADD node_modules/@humanwhocodes/object-schema
5444 silly ADD node_modules/@humanwhocodes/module-importer
5445 silly ADD node_modules/@humanwhocodes/config-array
5446 silly ADD node_modules/@humanwhocodes/config-array/node_modules/minimatch
5447 silly ADD node_modules/@humanwhocodes/config-array/node_modules/brace-expansion
5448 silly ADD node_modules/@humanwhocodes/config-array/node_modules/balanced-match
5449 silly ADD node_modules/@hapi/topo
5450 silly ADD node_modules/@hapi/tlds
5451 silly ADD node_modules/@hapi/pinpoint
5452 silly ADD node_modules/@hapi/hoek
5453 silly ADD node_modules/@hapi/formula
5454 silly ADD node_modules/@hapi/address
5455 silly ADD node_modules/@gorhom/portal
5456 silly ADD node_modules/@gorhom/bottom-sheet
5457 silly ADD node_modules/@expo/xcpretty
5458 silly ADD node_modules/@expo/ws-tunnel
5459 silly ADD node_modules/@expo/vector-icons
5460 silly ADD node_modules/@expo/sudo-prompt
5461 silly ADD node_modules/@expo/spawn-async
5462 silly ADD node_modules/@expo/sdk-runtime-versions
5463 silly ADD node_modules/@expo/schema-utils
5464 silly ADD node_modules/@expo/router-server
5465 silly ADD node_modules/@expo/require-utils
5466 silly ADD node_modules/@expo/prebuild-config
5467 silly ADD node_modules/@expo/prebuild-config/node_modules/@react-native/normalize-colors
5468 silly ADD node_modules/@expo/plist
5469 silly ADD node_modules/@expo/package-manager
5470 silly ADD node_modules/@expo/osascript
5471 silly ADD node_modules/@expo/metro-runtime
5472 silly ADD node_modules/@expo/metro-runtime/node_modules/@expo/log-box
5473 silly ADD node_modules/@expo/metro-config
5474 silly ADD node_modules/@expo/metro-config/node_modules/hermes-parser
5475 silly ADD node_modules/@expo/metro-config/node_modules/hermes-estree
5476 silly ADD node_modules/@expo/metro
5477 silly ADD node_modules/@expo/log-box
5478 silly ADD node_modules/@expo/local-build-cache-provider
5479 silly ADD node_modules/@expo/json-file
5480 silly ADD node_modules/@expo/image-utils
5481 silly ADD node_modules/@expo/fingerprint
5482 silly ADD node_modules/@expo/fingerprint/node_modules/ignore
5483 silly ADD node_modules/@expo/env
5484 silly ADD node_modules/@expo/dom-webview
5485 silly ADD node_modules/@expo/devtools
5486 silly ADD node_modules/@expo/devcert
5487 silly ADD node_modules/@expo/devcert/node_modules/debug
5488 silly ADD node_modules/@expo/config-types
5489 silly ADD node_modules/@expo/config-plugins
5490 silly ADD node_modules/@expo/config
5491 silly ADD node_modules/@expo/code-signing-certificates
5492 silly ADD node_modules/@expo/cli
5493 silly ADD node_modules/@expo/cli/node_modules/zod
5494 silly ADD node_modules/@expo-google-fonts/material-symbols
5495 silly ADD node_modules/@eslint/js
5496 silly ADD node_modules/@eslint/eslintrc
5497 silly ADD node_modules/@eslint/eslintrc/node_modules/minimatch
5498 silly ADD node_modules/@eslint/eslintrc/node_modules/ignore
5499 silly ADD node_modules/@eslint/eslintrc/node_modules/brace-expansion
5500 silly ADD node_modules/@eslint/eslintrc/node_modules/balanced-match
5501 silly ADD node_modules/@eslint-community/regexpp
5502 silly ADD node_modules/@eslint-community/eslint-utils
5503 silly ADD node_modules/@esbuild/linux-arm64
5504 silly ADD node_modules/@esbuild-kit/esm-loader
5505 silly ADD node_modules/@esbuild-kit/core-utils
5506 silly ADD node_modules/@esbuild-kit/core-utils/node_modules/esbuild
5507 silly ADD node_modules/@esbuild-kit/core-utils/node_modules/@esbuild/linux-arm64
5508 silly ADD node_modules/@egjs/hammerjs
5509 silly ADD node_modules/@drizzle-team/brocli
5510 silly ADD node_modules/@bcoe/v8-coverage
5511 silly ADD node_modules/@babel/types
5512 silly ADD node_modules/@babel/traverse
5513 silly ADD node_modules/@babel/template
5514 silly ADD node_modules/@babel/runtime
5515 silly ADD node_modules/@babel/preset-typescript
5516 silly ADD node_modules/@babel/preset-react
5517 silly ADD node_modules/@babel/plugin-transform-unicode-regex
5518 silly ADD node_modules/@babel/plugin-transform-typescript
5519 silly ADD node_modules/@babel/plugin-transform-template-literals
5520 silly ADD node_modules/@babel/plugin-transform-sticky-regex
5521 silly ADD node_modules/@babel/plugin-transform-spread
5522 silly ADD node_modules/@babel/plugin-transform-shorthand-properties
5523 silly ADD node_modules/@babel/plugin-transform-runtime
5524 silly ADD node_modules/@babel/plugin-transform-runtime/node_modules/semver
5525 silly ADD node_modules/@babel/plugin-transform-regenerator
5526 silly ADD node_modules/@babel/plugin-transform-react-pure-annotations
5527 silly ADD node_modules/@babel/plugin-transform-react-jsx-source
5528 silly ADD node_modules/@babel/plugin-transform-react-jsx-self
5529 silly ADD node_modules/@babel/plugin-transform-react-jsx-development
5530 silly ADD node_modules/@babel/plugin-transform-react-jsx
5531 silly ADD node_modules/@babel/plugin-transform-react-display-name
5532 silly ADD node_modules/@babel/plugin-transform-private-property-in-object
5533 silly ADD node_modules/@babel/plugin-transform-private-methods
5534 silly ADD node_modules/@babel/plugin-transform-parameters
5535 silly ADD node_modules/@babel/plugin-transform-optional-chaining
5536 silly ADD node_modules/@babel/plugin-transform-optional-catch-binding
5537 silly ADD node_modules/@babel/plugin-transform-object-rest-spread
5538 silly ADD node_modules/@babel/plugin-transform-numeric-separator
5539 silly ADD node_modules/@babel/plugin-transform-nullish-coalescing-operator
5540 silly ADD node_modules/@babel/plugin-transform-named-capturing-groups-regex
5541 silly ADD node_modules/@babel/plugin-transform-modules-commonjs
5542 silly ADD node_modules/@babel/plugin-transform-logical-assignment-operators
5543 silly ADD node_modules/@babel/plugin-transform-literals
5544 silly ADD node_modules/@babel/plugin-transform-function-name
5545 silly ADD node_modules/@babel/plugin-transform-for-of
5546 silly ADD node_modules/@babel/plugin-transform-flow-strip-types
5547 silly ADD node_modules/@babel/plugin-transform-export-namespace-from
5548 silly ADD node_modules/@babel/plugin-transform-destructuring
5549 silly ADD node_modules/@babel/plugin-transform-computed-properties
5550 silly ADD node_modules/@babel/plugin-transform-classes
5551 silly ADD node_modules/@babel/plugin-transform-class-static-block
5552 silly ADD node_modules/@babel/plugin-transform-class-properties
5553 silly ADD node_modules/@babel/plugin-transform-block-scoping
5554 silly ADD node_modules/@babel/plugin-transform-async-to-generator
5555 silly ADD node_modules/@babel/plugin-transform-async-generator-functions
5556 silly ADD node_modules/@babel/plugin-transform-arrow-functions
5557 silly ADD node_modules/@babel/plugin-syntax-typescript
5558 silly ADD node_modules/@babel/plugin-syntax-top-level-await
5559 silly ADD node_modules/@babel/plugin-syntax-private-property-in-object
5560 silly ADD node_modules/@babel/plugin-syntax-optional-chaining
5561 silly ADD node_modules/@babel/plugin-syntax-optional-catch-binding
5562 silly ADD node_modules/@babel/plugin-syntax-object-rest-spread
5563 silly ADD node_modules/@babel/plugin-syntax-numeric-separator
5564 silly ADD node_modules/@babel/plugin-syntax-nullish-coalescing-operator
5565 silly ADD node_modules/@babel/plugin-syntax-logical-assignment-operators
5566 silly ADD node_modules/@babel/plugin-syntax-jsx
5567 silly ADD node_modules/@babel/plugin-syntax-json-strings
5568 silly ADD node_modules/@babel/plugin-syntax-import-meta
5569 silly ADD node_modules/@babel/plugin-syntax-import-attributes
5570 silly ADD node_modules/@babel/plugin-syntax-flow
5571 silly ADD node_modules/@babel/plugin-syntax-export-default-from
5572 silly ADD node_modules/@babel/plugin-syntax-dynamic-import
5573 silly ADD node_modules/@babel/plugin-syntax-decorators
5574 silly ADD node_modules/@babel/plugin-syntax-class-static-block
5575 silly ADD node_modules/@babel/plugin-syntax-class-properties
5576 silly ADD node_modules/@babel/plugin-syntax-bigint
5577 silly ADD node_modules/@babel/plugin-syntax-async-generators
5578 silly ADD node_modules/@babel/plugin-proposal-export-default-from
5579 silly ADD node_modules/@babel/plugin-proposal-decorators
5580 silly ADD node_modules/@babel/parser
5581 silly ADD node_modules/@babel/helpers
5582 silly ADD node_modules/@babel/helper-wrap-function
5583 silly ADD node_modules/@babel/helper-validator-option
5584 silly ADD node_modules/@babel/helper-validator-identifier
5585 silly ADD node_modules/@babel/helper-string-parser
5586 silly ADD node_modules/@babel/helper-skip-transparent-expression-wrappers
5587 silly ADD node_modules/@babel/helper-replace-supers
5588 silly ADD node_modules/@babel/helper-remap-async-to-generator
5589 silly ADD node_modules/@babel/helper-plugin-utils
5590 silly ADD node_modules/@babel/helper-optimise-call-expression
5591 silly ADD node_modules/@babel/helper-module-transforms
5592 silly ADD node_modules/@babel/helper-module-imports
5593 silly ADD node_modules/@babel/helper-member-expression-to-functions
5594 silly ADD node_modules/@babel/helper-globals
5595 silly ADD node_modules/@babel/helper-define-polyfill-provider
5596 silly ADD node_modules/@babel/helper-define-polyfill-provider/node_modules/resolve
5597 silly ADD node_modules/@babel/helper-create-regexp-features-plugin
5598 silly ADD node_modules/@babel/helper-create-regexp-features-plugin/node_modules/semver
5599 silly ADD node_modules/@babel/helper-create-class-features-plugin
5600 silly ADD node_modules/@babel/helper-create-class-features-plugin/node_modules/semver
5601 silly ADD node_modules/@babel/helper-compilation-targets
5602 silly ADD node_modules/@babel/helper-compilation-targets/node_modules/semver
5603 silly ADD node_modules/@babel/helper-annotate-as-pure
5604 silly ADD node_modules/@babel/generator
5605 silly ADD node_modules/@babel/core
5606 silly ADD node_modules/@babel/core/node_modules/semver
5607 silly ADD node_modules/@babel/compat-data
5608 silly ADD node_modules/@babel/code-frame
5609 silly ADD node_modules/@axe-core/playwright
5610 warn allow-scripts 5 packages have install scripts not yet covered by allowScripts:
5610 warn allow-scripts   esbuild@0.18.20 (postinstall: node install.js)
5610 warn allow-scripts   @sentry/cli@3.4.0 (postinstall: node ./scripts/install.js)
5610 warn allow-scripts   esbuild@0.25.12 (postinstall: node install.js)
5610 warn allow-scripts   sharp@0.34.5 (install: node install/check.js || npm run build)
5610 warn allow-scripts   esbuild@0.27.7 (postinstall: node install.js)
5610 warn allow-scripts
5610 warn allow-scripts Run `npm approve-scripts --allow-scripts-pending` to review, or `npm approve-scripts <pkg>` to allow.
5611 verbose cwd /projects/cablesnap/.paperclip/worktrees/qd-verify-pr911
5612 verbose os Linux 7.0.12-201.fc44.aarch64
5613 verbose node v24.18.0
5614 verbose npm  v11.16.0
5615 verbose exit 0
5616 info ok
